file,class,method,constructor,line,cbo,cboModified,fanin,fanout,wmc,rfc,loc,returnsQty,variablesQty,parametersQty,methodsInvokedQty,methodsInvokedLocalQty,methodsInvokedIndirectLocalQty,loopQty,comparisonsQty,tryCatchQty,parenthesizedExpsQty,stringLiteralsQty,numbersQty,assignmentsQty,mathOperationsQty,maxNestedBlocksQty,anonymousClassesQty,innerClassesQty,lambdasQty,uniqueWordsQty,modifiers,logStatementsQty,hasJavaDoc
D:\Others\assignment\FADI_WEDYAN_OOPS\Assignment-2\1\EventBus-master\EventBus\src\org\greenrobot\eventbus\util\ExceptionToResourceMapping.java,org.greenrobot.eventbus.util.ExceptionToResourceMapping,mapThrowable/1[java.lang.Throwable],false,42,3,3,0,3,6,4,19,2,4,1,4,1,1,1,3,0,0,1,2,5,1,3,0,0,0,32,1,0,true
D:\Others\assignment\FADI_WEDYAN_OOPS\Assignment-2\1\EventBus-master\EventBus\src\org\greenrobot\eventbus\util\ExceptionToResourceMapping.java,org.greenrobot.eventbus.util.ExceptionToResourceMapping,ExceptionToResourceMapping/0,true,37,0,0,0,0,1,0,3,0,0,0,0,0,0,0,0,0,0,0,0,1,0,0,0,0,0,8,1,0,false
D:\Others\assignment\FADI_WEDYAN_OOPS\Assignment-2\1\EventBus-master\EventBus\src\org\greenrobot\eventbus\util\ExceptionToResourceMapping.java,org.greenrobot.eventbus.util.ExceptionToResourceMapping,mapThrowableFlat/1[java.lang.Throwable],false,65,0,1,1,0,6,6,18,1,5,1,6,0,0,1,2,0,0,0,0,7,0,4,0,0,0,20,4,0,true
D:\Others\assignment\FADI_WEDYAN_OOPS\Assignment-2\1\EventBus-master\EventBus\src\org\greenrobot\eventbus\util\ExceptionToResourceMapping.java,org.greenrobot.eventbus.util.ExceptionToResourceMapping,"addMapping/2[java.lang.Class<? extends java.lang.Throwable>,int]",false,85,1,0,0,0,1,1,4,1,0,2,1,0,0,0,0,0,0,0,0,0,0,0,0,0,0,8,1,0,false
D:\Others\assignment\FADI_WEDYAN_OOPS\Assignment-2\1\EventBus-master\EventBus\src\org\greenrobot\eventbus\meta\SubscriberMethodInfo.java,org.greenrobot.eventbus.meta.SubscriberMethodInfo,"SubscriberMethodInfo/3[java.lang.String,java.lang.Class<?>,org.greenrobot.eventbus.ThreadMode]",true,40,1,0,0,0,1,0,3,0,0,3,0,0,0,0,0,0,0,0,1,0,0,0,0,0,0,5,1,0,false
D:\Others\assignment\FADI_WEDYAN_OOPS\Assignment-2\1\EventBus-master\EventBus\src\org\greenrobot\eventbus\meta\SubscriberMethodInfo.java,org.greenrobot.eventbus.meta.SubscriberMethodInfo,"SubscriberMethodInfo/2[java.lang.String,java.lang.Class<?>]",true,36,0,0,0,0,1,0,3,0,0,2,0,0,0,0,0,0,0,0,1,0,0,0,0,0,0,5,1,0,false
D:\Others\assignment\FADI_WEDYAN_OOPS\Assignment-2\1\EventBus-master\EventBus\src\org\greenrobot\eventbus\meta\SubscriberMethodInfo.java,org.greenrobot.eventbus.meta.SubscriberMethodInfo,"SubscriberMethodInfo/5[java.lang.String,java.lang.Class<?>,org.greenrobot.eventbus.ThreadMode,int,boolean]",true,28,1,0,0,0,1,0,7,0,0,5,0,0,0,0,0,0,0,0,0,5,0,0,0,0,0,11,1,0,false
D:\Others\assignment\FADI_WEDYAN_OOPS\Assignment-2\1\EventBus-master\EventBus\src\org\greenrobot\eventbus\Poster.java,org.greenrobot.eventbus.Poster,"enqueue/2[org.greenrobot.eventbus.Subscription,java.lang.Object]",false,25,1,1,1,0,1,0,1,0,0,2,0,0,0,0,0,0,0,0,0,0,0,0,0,0,0,17,0,0,true
D:\Others\assignment\FADI_WEDYAN_OOPS\Assignment-2\1\EventBus-master\EventBus\src\org\greenrobot\eventbus\EventBus.java,org.greenrobot.eventbus.EventBus$Anonymous1,initialValue/0,false,57,1,1,0,1,1,0,3,1,0,0,0,0,0,0,0,0,0,0,0,0,0,0,0,0,0,5,4,0,false
D:\Others\assignment\FADI_WEDYAN_OOPS\Assignment-2\1\EventBus-master\EventBus\src\org\greenrobot\eventbus\EventBusBuilder.java,org.greenrobot.eventbus.EventBusBuilder,getMainThreadSupport/0,false,161,2,3,1,2,3,2,11,3,0,0,2,0,0,0,1,0,0,0,0,0,0,1,0,0,0,6,0,0,false
D:\Others\assignment\FADI_WEDYAN_OOPS\Assignment-2\1\EventBus-master\EventBus\src\org\greenrobot\eventbus\EventBusBuilder.java,org.greenrobot.eventbus.EventBusBuilder,logSubscriberExceptions/1[boolean],false,51,1,0,0,0,1,0,4,1,0,1,0,0,0,0,0,0,0,0,0,1,0,0,0,0,0,7,1,0,true
D:\Others\assignment\FADI_WEDYAN_OOPS\Assignment-2\1\EventBus-master\EventBus\src\org\greenrobot\eventbus\EventBusBuilder.java,org.greenrobot.eventbus.EventBusBuilder,eventInheritance/1[boolean],false,94,1,0,0,0,1,0,4,1,0,1,0,0,0,0,0,0,0,0,0,1,0,0,0,0,0,59,1,0,true
D:\Others\assignment\FADI_WEDYAN_OOPS\Assignment-2\1\EventBus-master\EventBus\src\org\greenrobot\eventbus\EventBusBuilder.java,org.greenrobot.eventbus.EventBusBuilder,strictMethodVerification/1[boolean],false,129,1,0,0,0,1,0,4,1,0,1,0,0,0,0,0,0,0,0,0,1,0,0,0,0,0,10,1,0,true
D:\Others\assignment\FADI_WEDYAN_OOPS\Assignment-2\1\EventBus-master\EventBus\src\org\greenrobot\eventbus\EventBusBuilder.java,org.greenrobot.eventbus.EventBusBuilder,logger/1[org.greenrobot.eventbus.Logger],false,148,2,0,0,0,1,0,4,1,0,1,0,0,0,0,0,0,0,0,0,1,0,0,0,0,0,18,1,0,true
D:\Others\assignment\FADI_WEDYAN_OOPS\Assignment-2\1\EventBus-master\EventBus\src\org\greenrobot\eventbus\EventBusBuilder.java,org.greenrobot.eventbus.EventBusBuilder,getLogger/0,false,153,2,2,1,1,2,1,8,2,0,0,1,0,0,0,1,0,0,0,0,0,0,1,0,0,0,4,0,0,false
D:\Others\assignment\FADI_WEDYAN_OOPS\Assignment-2\1\EventBus-master\EventBus\src\org\greenrobot\eventbus\EventBusBuilder.java,org.greenrobot.eventbus.EventBusBuilder,ignoreGeneratedIndex/1[boolean],false,123,1,0,0,0,1,0,4,1,0,1,0,0,0,0,0,0,0,0,0,1,0,0,0,0,0,16,1,0,true
D:\Others\assignment\FADI_WEDYAN_OOPS\Assignment-2\1\EventBus-master\EventBus\src\org\greenrobot\eventbus\EventBusBuilder.java,org.greenrobot.eventbus.EventBusBuilder,sendSubscriberExceptionEvent/1[boolean],false,63,1,0,0,0,1,0,4,1,0,1,0,0,0,0,0,0,0,0,0,1,0,0,0,0,0,7,1,0,true
D:\Others\assignment\FADI_WEDYAN_OOPS\Assignment-2\1\EventBus-master\EventBus\src\org\greenrobot\eventbus\EventBusBuilder.java,org.greenrobot.eventbus.EventBusBuilder,throwSubscriberException/1[boolean],false,80,1,0,0,0,1,0,4,1,0,1,0,0,0,0,0,0,0,0,0,1,0,0,0,0,0,31,1,0,true
D:\Others\assignment\FADI_WEDYAN_OOPS\Assignment-2\1\EventBus-master\EventBus\src\org\greenrobot\eventbus\EventBusBuilder.java,org.greenrobot.eventbus.EventBusBuilder,executorService/1[java.util.concurrent.ExecutorService],false,104,1,0,0,0,1,0,4,1,0,1,0,0,0,0,0,0,0,0,0,1,0,0,0,0,0,31,1,0,true
D:\Others\assignment\FADI_WEDYAN_OOPS\Assignment-2\1\EventBus-master\EventBus\src\org\greenrobot\eventbus\EventBusBuilder.java,org.greenrobot.eventbus.EventBusBuilder,addIndex/1[org.greenrobot.eventbus.meta.SubscriberInfoIndex],false,135,2,0,0,0,2,1,7,1,0,1,1,0,0,0,1,0,0,0,0,1,0,1,0,0,0,16,1,0,true
D:\Others\assignment\FADI_WEDYAN_OOPS\Assignment-2\1\EventBus-master\EventBus\src\org\greenrobot\eventbus\EventBusBuilder.java,org.greenrobot.eventbus.EventBusBuilder,build/0,false,189,1,2,1,1,1,0,3,1,0,0,0,0,0,0,0,0,0,0,0,0,0,0,0,0,0,9,1,0,true
D:\Others\assignment\FADI_WEDYAN_OOPS\Assignment-2\1\EventBus-master\EventBus\src\org\greenrobot\eventbus\EventBusBuilder.java,org.greenrobot.eventbus.EventBusBuilder,EventBusBuilder/0,true,47,0,1,1,0,1,0,2,0,0,0,0,0,0,0,0,0,0,0,0,0,0,0,0,0,0,3,0,0,false
D:\Others\assignment\FADI_WEDYAN_OOPS\Assignment-2\1\EventBus-master\EventBus\src\org\greenrobot\eventbus\EventBusBuilder.java,org.greenrobot.eventbus.EventBusBuilder,installDefaultEventBus/0,false,177,3,2,0,2,2,1,9,1,0,0,1,1,1,0,1,0,0,2,0,1,1,2,0,0,0,34,1,0,true
D:\Others\assignment\FADI_WEDYAN_OOPS\Assignment-2\1\EventBus-master\EventBus\src\org\greenrobot\eventbus\EventBusBuilder.java,org.greenrobot.eventbus.EventBusBuilder,logNoSubscriberMessages/1[boolean],false,57,1,0,0,0,1,0,4,1,0,1,0,0,0,0,0,0,0,0,0,1,0,0,0,0,0,8,1,0,true
D:\Others\assignment\FADI_WEDYAN_OOPS\Assignment-2\1\EventBus-master\EventBus\src\org\greenrobot\eventbus\EventBusBuilder.java,org.greenrobot.eventbus.EventBusBuilder,skipMethodVerificationFor/1[java.lang.Class<?>],false,114,1,0,0,0,2,1,7,1,0,1,1,0,0,0,1,0,0,0,0,1,0,1,0,0,0,35,1,0,true
D:\Others\assignment\FADI_WEDYAN_OOPS\Assignment-2\1\EventBus-master\EventBus\src\org\greenrobot\eventbus\EventBusBuilder.java,org.greenrobot.eventbus.EventBusBuilder,sendNoSubscriberEvent/1[boolean],false,69,1,0,0,0,1,0,4,1,0,1,0,0,0,0,0,0,0,0,0,1,0,0,0,0,0,7,1,0,true
D:\Others\assignment\FADI_WEDYAN_OOPS\Assignment-2\1\EventBus-master\EventBus\src\org\greenrobot\eventbus\SubscriberExceptionEvent.java,org.greenrobot.eventbus.SubscriberExceptionEvent,"SubscriberExceptionEvent/4[org.greenrobot.eventbus.EventBus,java.lang.Throwable,java.lang.Object,java.lang.Object]",true,37,1,1,1,0,1,0,6,0,0,4,0,0,0,0,0,0,0,0,0,4,0,0,0,0,0,7,1,0,false
D:\Others\assignment\FADI_WEDYAN_OOPS\Assignment-2\1\EventBus-master\EventBus\src\org\greenrobot\eventbus\util\HasExecutionScope.java,org.greenrobot.eventbus.util.HasExecutionScope,getExecutionScope/0,false,20,0,0,0,0,1,0,1,0,0,0,0,0,0,0,0,0,0,0,0,0,0,0,0,0,0,4,0,0,false
D:\Others\assignment\FADI_WEDYAN_OOPS\Assignment-2\1\EventBus-master\EventBus\src\org\greenrobot\eventbus\util\HasExecutionScope.java,org.greenrobot.eventbus.util.HasExecutionScope,setExecutionScope/1[java.lang.Object],false,22,0,1,1,0,1,0,1,0,0,1,0,0,0,0,0,0,0,0,0,0,0,0,0,0,0,5,0,0,false
D:\Others\assignment\FADI_WEDYAN_OOPS\Assignment-2\1\EventBus-master\EventBus\src\org\greenrobot\eventbus\util\ThrowableFailureEvent.java,org.greenrobot.eventbus.util.ThrowableFailureEvent,ThrowableFailureEvent/1[java.lang.Throwable],true,27,0,0,0,0,1,0,4,0,0,1,0,0,0,0,0,0,0,0,0,2,0,0,0,0,0,8,1,0,false
D:\Others\assignment\FADI_WEDYAN_OOPS\Assignment-2\1\EventBus-master\EventBus\src\org\greenrobot\eventbus\util\ThrowableFailureEvent.java,org.greenrobot.eventbus.util.ThrowableFailureEvent,getThrowable/0,false,41,0,0,0,0,1,0,3,1,0,0,0,0,0,0,0,0,0,0,0,0,0,0,0,0,0,3,1,0,false
D:\Others\assignment\FADI_WEDYAN_OOPS\Assignment-2\1\EventBus-master\EventBus\src\org\greenrobot\eventbus\util\ThrowableFailureEvent.java,org.greenrobot.eventbus.util.ThrowableFailureEvent,"ThrowableFailureEvent/2[java.lang.Throwable,boolean]",true,36,0,0,0,0,1,0,4,0,0,2,0,0,0,0,0,0,0,0,0,2,0,0,0,0,0,20,1,0,true
D:\Others\assignment\FADI_WEDYAN_OOPS\Assignment-2\1\EventBus-master\EventBus\src\org\greenrobot\eventbus\util\ThrowableFailureEvent.java,org.greenrobot.eventbus.util.ThrowableFailureEvent,getExecutionScope/0,false,49,0,0,0,0,1,0,3,1,0,0,0,0,0,0,0,0,0,0,0,0,0,0,0,0,0,6,1,0,false
D:\Others\assignment\FADI_WEDYAN_OOPS\Assignment-2\1\EventBus-master\EventBus\src\org\greenrobot\eventbus\util\ThrowableFailureEvent.java,org.greenrobot.eventbus.util.ThrowableFailureEvent,setExecutionScope/1[java.lang.Object],false,53,0,0,0,0,1,0,3,0,0,1,0,0,0,0,0,0,0,0,0,1,0,0,0,0,0,6,1,0,false
D:\Others\assignment\FADI_WEDYAN_OOPS\Assignment-2\1\EventBus-master\EventBus\src\org\greenrobot\eventbus\util\ThrowableFailureEvent.java,org.greenrobot.eventbus.util.ThrowableFailureEvent,isSuppressErrorUi/0,false,45,0,0,0,0,1,0,3,1,0,0,0,0,0,0,0,0,0,0,0,0,0,0,0,0,0,5,1,0,false
D:\Others\assignment\FADI_WEDYAN_OOPS\Assignment-2\1\EventBus-master\EventBus\src\org\greenrobot\eventbus\android\AndroidDependenciesDetector.java,org.greenrobot.eventbus.android.AndroidDependenciesDetector,areAndroidComponentsAvailable/0,false,27,0,1,1,0,2,1,9,2,0,0,1,0,0,0,0,1,0,0,0,0,0,1,0,0,0,25,9,0,false
D:\Others\assignment\FADI_WEDYAN_OOPS\Assignment-2\1\EventBus-master\EventBus\src\org\greenrobot\eventbus\android\AndroidDependenciesDetector.java,org.greenrobot.eventbus.android.AndroidDependenciesDetector,isAndroidSDKAvailable/0,false,9,0,2,2,0,6,3,17,2,3,0,3,0,0,0,1,1,0,2,0,3,0,1,0,0,0,26,9,0,false
D:\Others\assignment\FADI_WEDYAN_OOPS\Assignment-2\1\EventBus-master\EventBus\src\org\greenrobot\eventbus\android\AndroidDependenciesDetector.java,org.greenrobot.eventbus.android.AndroidDependenciesDetector,instantiateAndroidComponents/0,false,38,1,1,1,0,2,3,9,2,1,0,3,0,0,0,0,1,0,0,0,1,0,1,0,0,0,21,9,0,false
D:\Others\assignment\FADI_WEDYAN_OOPS\Assignment-2\1\EventBus-master\EventBus\src\org\greenrobot\eventbus\meta\AbstractSubscriberInfo.java,org.greenrobot.eventbus.meta.AbstractSubscriberInfo,"AbstractSubscriberInfo/3[java.lang.Class,java.lang.Class<? extends org.greenrobot.eventbus.meta.SubscriberInfo>,boolean]",true,31,0,0,0,0,1,0,5,0,0,3,0,0,0,0,0,0,0,0,0,3,0,0,0,0,0,9,4,0,false
D:\Others\assignment\FADI_WEDYAN_OOPS\Assignment-2\1\EventBus-master\EventBus\src\org\greenrobot\eventbus\meta\AbstractSubscriberInfo.java,org.greenrobot.eventbus.meta.AbstractSubscriberInfo,"createSubscriberMethod/3[java.lang.String,java.lang.Class<?>,org.greenrobot.eventbus.ThreadMode]",false,65,3,1,0,1,1,1,3,1,0,3,1,1,1,0,0,0,0,0,1,0,0,0,0,0,0,5,4,0,false
D:\Others\assignment\FADI_WEDYAN_OOPS\Assignment-2\1\EventBus-master\EventBus\src\org\greenrobot\eventbus\meta\AbstractSubscriberInfo.java,org.greenrobot.eventbus.meta.AbstractSubscriberInfo,"createSubscriberMethod/5[java.lang.String,java.lang.Class<?>,org.greenrobot.eventbus.ThreadMode,int,boolean]",false,70,3,5,3,2,2,1,9,1,1,5,1,0,0,0,0,1,0,2,0,1,1,1,0,0,0,21,4,0,false
D:\Others\assignment\FADI_WEDYAN_OOPS\Assignment-2\1\EventBus-master\EventBus\src\org\greenrobot\eventbus\meta\AbstractSubscriberInfo.java,org.greenrobot.eventbus.meta.AbstractSubscriberInfo,getSubscriberClass/0,false,38,0,0,0,0,1,0,3,1,0,0,0,0,0,0,0,0,0,0,0,0,0,0,0,0,0,4,1,0,false
D:\Others\assignment\FADI_WEDYAN_OOPS\Assignment-2\1\EventBus-master\EventBus\src\org\greenrobot\eventbus\meta\AbstractSubscriberInfo.java,org.greenrobot.eventbus.meta.AbstractSubscriberInfo,"createSubscriberMethod/2[java.lang.String,java.lang.Class<?>]",false,61,2,1,0,1,1,1,3,1,0,2,1,1,1,0,0,0,0,0,1,0,0,0,0,0,0,5,4,0,false
D:\Others\assignment\FADI_WEDYAN_OOPS\Assignment-2\1\EventBus-master\EventBus\src\org\greenrobot\eventbus\meta\AbstractSubscriberInfo.java,org.greenrobot.eventbus.meta.AbstractSubscriberInfo,getSuperSubscriberInfo/0,false,43,2,0,0,0,4,1,14,2,0,0,1,0,0,0,1,1,0,0,0,0,0,1,0,0,0,13,1,0,false
D:\Others\assignment\FADI_WEDYAN_OOPS\Assignment-2\1\EventBus-master\EventBus\src\org\greenrobot\eventbus\meta\AbstractSubscriberInfo.java,org.greenrobot.eventbus.meta.AbstractSubscriberInfo,shouldCheckSuperclass/0,false,57,0,0,0,0,1,0,3,1,0,0,0,0,0,0,0,0,0,0,0,0,0,0,0,0,0,3,1,0,false
D:\Others\assignment\FADI_WEDYAN_OOPS\Assignment-2\1\EventBus-master\EventBus\src\org\greenrobot\eventbus\SubscriberMethodFinder.java,org.greenrobot.eventbus.SubscriberMethodFinder,"SubscriberMethodFinder/3[java.util.List<org.greenrobot.eventbus.meta.SubscriberInfoIndex>,boolean,boolean]",true,49,1,1,1,0,1,0,5,0,0,3,0,0,0,0,0,0,0,0,0,3,0,0,0,0,0,11,0,0,false
D:\Others\assignment\FADI_WEDYAN_OOPS\Assignment-2\1\EventBus-master\EventBus\src\org\greenrobot\eventbus\SubscriberMethodFinder.java,org.greenrobot.eventbus.SubscriberMethodFinder,findUsingReflectionInSingleClass/1[org.greenrobot.eventbus.SubscriberMethodFinder.FindState],false,150,5,9,2,7,16,14,46,0,9,1,14,0,0,1,4,2,2,8,4,13,5,5,0,0,0,74,2,0,false
D:\Others\assignment\FADI_WEDYAN_OOPS\Assignment-2\1\EventBus-master\EventBus\src\org\greenrobot\eventbus\SubscriberMethodFinder.java,org.greenrobot.eventbus.SubscriberMethodFinder,findUsingInfo/1[java.lang.Class<?>],false,75,4,9,1,8,5,9,20,1,2,1,9,4,1,2,2,0,0,0,0,3,0,4,0,0,0,19,2,0,false
D:\Others\assignment\FADI_WEDYAN_OOPS\Assignment-2\1\EventBus-master\EventBus\src\org\greenrobot\eventbus\SubscriberMethodFinder.java,org.greenrobot.eventbus.SubscriberMethodFinder,findSubscriberMethods/1[java.lang.Class<?>],false,55,3,4,1,3,4,5,19,2,1,1,5,2,3,0,1,0,0,2,0,3,1,1,0,0,0,23,0,0,false
D:\Others\assignment\FADI_WEDYAN_OOPS\Assignment-2\1\EventBus-master\EventBus\src\org\greenrobot\eventbus\SubscriberMethodFinder.java,org.greenrobot.eventbus.SubscriberMethodFinder,getMethodsAndRelease/1[org.greenrobot.eventbus.SubscriberMethodFinder.FindState],false,95,2,3,2,1,3,1,13,1,2,1,1,0,0,1,1,0,0,0,1,3,0,3,0,0,0,23,2,0,false
D:\Others\assignment\FADI_WEDYAN_OOPS\Assignment-2\1\EventBus-master\EventBus\src\org\greenrobot\eventbus\SubscriberMethodFinder.java,org.greenrobot.eventbus.SubscriberMethodFinder,findUsingReflection/1[java.lang.Class<?>],false,140,3,6,1,5,2,5,9,1,1,1,5,3,1,1,1,0,0,0,0,1,0,1,0,0,0,15,2,0,false
D:\Others\assignment\FADI_WEDYAN_OOPS\Assignment-2\1\EventBus-master\EventBus\src\org\greenrobot\eventbus\SubscriberMethodFinder.java,org.greenrobot.eventbus.SubscriberMethodFinder,prepareFindState/0,false,109,1,3,2,1,3,0,12,2,2,0,0,0,0,1,1,0,0,0,1,3,0,3,0,0,0,19,2,0,false
D:\Others\assignment\FADI_WEDYAN_OOPS\Assignment-2\1\EventBus-master\EventBus\src\org\greenrobot\eventbus\SubscriberMethodFinder.java,org.greenrobot.eventbus.SubscriberMethodFinder,clearCaches/0,false,197,0,1,1,0,1,1,3,0,0,0,1,0,0,0,0,0,0,0,0,0,0,0,0,0,0,2,8,0,false
D:\Others\assignment\FADI_WEDYAN_OOPS\Assignment-2\1\EventBus-master\EventBus\src\org\greenrobot\eventbus\SubscriberMethodFinder.java,org.greenrobot.eventbus.SubscriberMethodFinder,getSubscriberInfo/1[org.greenrobot.eventbus.SubscriberMethodFinder.FindState],false,122,3,4,1,3,7,3,17,3,2,1,3,0,0,1,5,0,0,0,0,2,0,3,0,0,0,13,2,0,false
D:\Others\assignment\FADI_WEDYAN_OOPS\Assignment-2\1\EventBus-master\EventBus\src\org\greenrobot\eventbus\BackgroundPoster.java,org.greenrobot.eventbus.BackgroundPoster,"enqueue/2[org.greenrobot.eventbus.Subscription,java.lang.Object]",false,37,4,4,1,3,2,4,10,0,1,2,4,0,0,0,0,0,0,0,0,2,0,2,0,0,0,9,1,0,false
D:\Others\assignment\FADI_WEDYAN_OOPS\Assignment-2\1\EventBus-master\EventBus\src\org\greenrobot\eventbus\BackgroundPoster.java,org.greenrobot.eventbus.BackgroundPoster,BackgroundPoster/1[org.greenrobot.eventbus.EventBus],true,32,2,2,1,1,1,0,4,0,0,1,0,0,0,0,0,0,0,0,0,2,0,0,0,0,0,9,0,0,false
D:\Others\assignment\FADI_WEDYAN_OOPS\Assignment-2\1\EventBus-master\EventBus\src\org\greenrobot\eventbus\BackgroundPoster.java,org.greenrobot.eventbus.BackgroundPoster,run/0,false,49,4,5,0,5,5,7,25,1,1,0,7,0,0,1,2,2,0,1,1,4,1,6,0,0,0,13,1,0,false
D:\Others\assignment\FADI_WEDYAN_OOPS\Assignment-2\1\EventBus-master\EventBus\src\org\greenrobot\eventbus\android\AndroidComponents.java,org.greenrobot.eventbus.android.AndroidComponents,areAvailable/0,false,16,0,2,2,0,2,0,3,1,0,0,0,0,0,0,1,0,0,0,0,0,0,0,0,0,0,4,9,0,false
D:\Others\assignment\FADI_WEDYAN_OOPS\Assignment-2\1\EventBus-master\EventBus\src\org\greenrobot\eventbus\android\AndroidComponents.java,org.greenrobot.eventbus.android.AndroidComponents,(initializer 1),false,10,1,2,0,2,2,2,3,0,0,0,2,0,0,0,0,0,0,0,0,1,0,0,0,0,0,2,8,0,false
D:\Others\assignment\FADI_WEDYAN_OOPS\Assignment-2\1\EventBus-master\EventBus\src\org\greenrobot\eventbus\android\AndroidComponents.java,org.greenrobot.eventbus.android.AndroidComponents,get/0,false,20,1,2,2,0,1,0,3,1,0,0,0,0,0,0,0,0,0,0,0,0,0,0,0,0,0,4,9,0,false
D:\Others\assignment\FADI_WEDYAN_OOPS\Assignment-2\1\EventBus-master\EventBus\src\org\greenrobot\eventbus\android\AndroidComponents.java,org.greenrobot.eventbus.android.AndroidComponents,"AndroidComponents/2[org.greenrobot.eventbus.Logger,org.greenrobot.eventbus.MainThreadSupport]",true,27,2,0,0,0,1,0,4,0,0,2,0,0,0,0,0,0,0,0,0,2,0,0,0,0,0,8,1,0,false
D:\Others\assignment\FADI_WEDYAN_OOPS\Assignment-2\1\EventBus-master\EventBus\src\org\greenrobot\eventbus\PendingPostQueue.java,org.greenrobot.eventbus.PendingPostQueue,poll/0,false,38,1,3,3,0,3,0,10,1,1,0,0,0,0,0,2,0,0,0,0,3,0,2,0,0,0,7,32,0,false
D:\Others\assignment\FADI_WEDYAN_OOPS\Assignment-2\1\EventBus-master\EventBus\src\org\greenrobot\eventbus\PendingPostQueue.java,org.greenrobot.eventbus.PendingPostQueue,poll/1[int],false,49,2,2,1,1,2,2,6,1,0,1,2,1,1,0,1,0,0,0,0,0,0,1,0,0,0,12,32,0,false
D:\Others\assignment\FADI_WEDYAN_OOPS\Assignment-2\1\EventBus-master\EventBus\src\org\greenrobot\eventbus\PendingPostQueue.java,org.greenrobot.eventbus.PendingPostQueue,enqueue/1[org.greenrobot.eventbus.PendingPost],false,23,1,2,2,0,4,1,16,0,0,1,1,0,0,0,3,0,0,2,0,4,0,1,0,0,0,18,32,0,false
D:\Others\assignment\FADI_WEDYAN_OOPS\Assignment-2\1\EventBus-master\EventBus\src\org\greenrobot\eventbus\util\AsyncExecutor.java,org.greenrobot.eventbus.util.AsyncExecutor$Builder,threadPool/1[java.util.concurrent.Executor],false,49,1,0,0,0,1,0,4,1,0,1,0,0,0,0,0,0,0,0,0,1,0,0,0,0,0,4,1,0,false
D:\Others\assignment\FADI_WEDYAN_OOPS\Assignment-2\1\EventBus-master\EventBus\src\org\greenrobot\eventbus\util\AsyncExecutor.java,org.greenrobot.eventbus.util.AsyncExecutor$Builder,buildForScope/1[java.lang.Object],false,68,3,3,1,2,4,2,12,1,0,1,2,0,0,0,3,0,0,0,0,3,0,1,0,0,0,16,1,0,false
D:\Others\assignment\FADI_WEDYAN_OOPS\Assignment-2\1\EventBus-master\EventBus\src\org\greenrobot\eventbus\util\AsyncExecutor.java,org.greenrobot.eventbus.util.AsyncExecutor$Builder,Builder/0,true,46,0,2,2,0,1,0,2,0,0,0,0,0,0,0,0,0,0,0,0,0,0,0,0,0,0,1,2,0,false
D:\Others\assignment\FADI_WEDYAN_OOPS\Assignment-2\1\EventBus-master\EventBus\src\org\greenrobot\eventbus\util\AsyncExecutor.java,org.greenrobot.eventbus.util.AsyncExecutor$Builder,failureEventType/1[java.lang.Class<?>],false,54,1,0,0,0,1,0,4,1,0,1,0,0,0,0,0,0,0,0,0,1,0,0,0,0,0,4,1,0,false
D:\Others\assignment\FADI_WEDYAN_OOPS\Assignment-2\1\EventBus-master\EventBus\src\org\greenrobot\eventbus\util\AsyncExecutor.java,org.greenrobot.eventbus.util.AsyncExecutor$Builder,build/0,false,64,2,2,1,1,1,1,3,1,0,0,1,1,1,0,0,0,0,0,0,0,0,0,0,0,0,6,1,0,false
D:\Others\assignment\FADI_WEDYAN_OOPS\Assignment-2\1\EventBus-master\EventBus\src\org\greenrobot\eventbus\util\AsyncExecutor.java,org.greenrobot.eventbus.util.AsyncExecutor$Builder,eventBus/1[org.greenrobot.eventbus.EventBus],false,59,2,0,0,0,1,0,4,1,0,1,0,0,0,0,0,0,0,0,0,1,0,0,0,0,0,4,1,0,false
D:\Others\assignment\FADI_WEDYAN_OOPS\Assignment-2\1\EventBus-master\EventBus\src\org\greenrobot\eventbus\SubscriberMethod.java,org.greenrobot.eventbus.SubscriberMethod,hashCode/0,false,65,0,0,0,0,1,1,3,1,0,0,1,0,0,0,0,0,0,0,0,0,0,0,0,0,0,2,1,0,false
D:\Others\assignment\FADI_WEDYAN_OOPS\Assignment-2\1\EventBus-master\EventBus\src\org\greenrobot\eventbus\SubscriberMethod.java,org.greenrobot.eventbus.SubscriberMethod,checkMethodString/0,false,53,0,1,1,0,2,6,9,0,1,0,6,0,0,0,1,0,0,0,1,2,0,1,0,0,0,7,34,0,false
D:\Others\assignment\FADI_WEDYAN_OOPS\Assignment-2\1\EventBus-master\EventBus\src\org\greenrobot\eventbus\SubscriberMethod.java,org.greenrobot.eventbus.SubscriberMethod,equals/1[java.lang.Object],false,39,1,2,1,1,3,2,14,3,1,1,2,1,1,0,1,0,0,0,0,1,0,1,0,0,0,9,1,0,false
D:\Others\assignment\FADI_WEDYAN_OOPS\Assignment-2\1\EventBus-master\EventBus\src\org\greenrobot\eventbus\SubscriberMethod.java,org.greenrobot.eventbus.SubscriberMethod,"SubscriberMethod/5[java.lang.reflect.Method,java.lang.Class<?>,org.greenrobot.eventbus.ThreadMode,int,boolean]",true,30,1,2,2,0,1,0,7,0,0,5,0,0,0,0,0,0,0,0,0,5,0,0,0,0,0,9,1,0,false
D:\Others\assignment\FADI_WEDYAN_OOPS\Assignment-2\1\EventBus-master\EventBus\src\org\greenrobot\eventbus\Logger.java,org.greenrobot.eventbus.Logger$Default,get/0,false,64,3,5,2,3,2,2,6,2,0,0,2,0,0,0,0,0,0,0,0,0,0,1,0,0,0,4,9,0,false
D:\Others\assignment\FADI_WEDYAN_OOPS\Assignment-2\1\EventBus-master\EventBus\src\org\greenrobot\eventbus\meta\SubscriberInfo.java,org.greenrobot.eventbus.meta.SubscriberInfo,getSubscriberClass/0,false,22,0,1,1,0,1,0,1,0,0,0,0,0,0,0,0,0,0,0,0,0,0,0,0,0,0,3,0,0,false
D:\Others\assignment\FADI_WEDYAN_OOPS\Assignment-2\1\EventBus-master\EventBus\src\org\greenrobot\eventbus\meta\SubscriberInfo.java,org.greenrobot.eventbus.meta.SubscriberInfo,shouldCheckSuperclass/0,false,28,0,0,0,0,1,0,1,0,0,0,0,0,0,0,0,0,0,0,0,0,0,0,0,0,0,3,0,0,false
D:\Others\assignment\FADI_WEDYAN_OOPS\Assignment-2\1\EventBus-master\EventBus\src\org\greenrobot\eventbus\meta\SubscriberInfo.java,org.greenrobot.eventbus.meta.SubscriberInfo,getSuperSubscriberInfo/0,false,26,1,1,1,0,1,0,1,0,0,0,0,0,0,0,0,0,0,0,0,0,0,0,0,0,0,4,0,0,false
D:\Others\assignment\FADI_WEDYAN_OOPS\Assignment-2\1\EventBus-master\EventBus\src\org\greenrobot\eventbus\meta\SubscriberInfo.java,org.greenrobot.eventbus.meta.SubscriberInfo,getSubscriberMethods/0,false,24,1,1,1,0,1,0,1,0,0,0,0,0,0,0,0,0,0,0,0,0,0,0,0,0,0,3,0,0,false
D:\Others\assignment\FADI_WEDYAN_OOPS\Assignment-2\1\EventBus-master\EventBus\src\org\greenrobot\eventbus\meta\SubscriberInfoIndex.java,org.greenrobot.eventbus.meta.SubscriberInfoIndex,getSubscriberInfo/1[java.lang.Class<?>],false,22,1,1,1,0,1,0,1,0,0,1,0,0,0,0,0,0,0,0,0,0,0,0,0,0,0,5,0,0,false
D:\Others\assignment\FADI_WEDYAN_OOPS\Assignment-2\1\EventBus-master\EventBus\src\org\greenrobot\eventbus\NoSubscriberEvent.java,org.greenrobot.eventbus.NoSubscriberEvent,"NoSubscriberEvent/2[org.greenrobot.eventbus.EventBus,java.lang.Object]",true,30,1,1,1,0,1,0,4,0,0,2,0,0,0,0,0,0,0,0,0,2,0,0,0,0,0,6,1,0,false
D:\Others\assignment\FADI_WEDYAN_OOPS\Assignment-2\1\EventBus-master\EventBus\src\org\greenrobot\eventbus\EventBus.java,org.greenrobot.eventbus.EventBus,postSticky/1[java.lang.Object],false,311,1,1,0,1,1,3,6,0,0,1,3,1,7,0,0,0,0,0,0,0,0,1,0,0,0,31,1,0,true
D:\Others\assignment\FADI_WEDYAN_OOPS\Assignment-2\1\EventBus-master\EventBus\src\org\greenrobot\eventbus\EventBus.java,org.greenrobot.eventbus.EventBus,lookupAllEventTypes/1[java.lang.Class<?>],false,473,1,3,2,1,3,6,16,1,2,1,6,1,1,1,2,0,0,0,0,4,0,3,0,0,0,21,10,0,true
D:\Others\assignment\FADI_WEDYAN_OOPS\Assignment-2\1\EventBus-master\EventBus\src\org\greenrobot\eventbus\EventBus.java,org.greenrobot.eventbus.EventBus,getExecutorService/0,false,561,0,2,2,0,1,0,3,1,0,0,0,0,0,0,0,0,0,0,0,0,0,0,0,0,0,4,0,0,false
D:\Others\assignment\FADI_WEDYAN_OOPS\Assignment-2\1\EventBus-master\EventBus\src\org\greenrobot\eventbus\EventBus.java,org.greenrobot.eventbus.EventBus,"postSingleEventForEventType/3[java.lang.Object,org.greenrobot.eventbus.EventBus.PostingThreadState,java.lang.Class<?>]",false,410,3,2,1,1,5,3,27,2,2,3,3,1,7,1,1,1,0,0,0,7,0,3,0,0,0,16,2,0,false
D:\Others\assignment\FADI_WEDYAN_OOPS\Assignment-2\1\EventBus-master\EventBus\src\org\greenrobot\eventbus\EventBus.java,org.greenrobot.eventbus.EventBus,"addInterfaces/2[java.util.List<java.lang.Class<?>>,java.lang.Class<?>[]]",false,491,1,3,2,1,3,4,8,0,0,2,4,1,0,1,0,0,0,0,0,0,0,2,0,0,0,7,8,0,true
D:\Others\assignment\FADI_WEDYAN_OOPS\Assignment-2\1\EventBus-master\EventBus\src\org\greenrobot\eventbus\EventBus.java,org.greenrobot.eventbus.EventBus,EventBus/0,true,109,0,1,1,0,1,0,3,0,0,0,0,0,0,0,0,0,0,0,0,0,0,0,0,0,0,28,1,0,true
D:\Others\assignment\FADI_WEDYAN_OOPS\Assignment-2\1\EventBus-master\EventBus\src\org\greenrobot\eventbus\EventBus.java,org.greenrobot.eventbus.EventBus,"checkPostStickyEventToSubscription/2[org.greenrobot.eventbus.Subscription,java.lang.Object]",false,209,2,3,1,2,2,2,5,0,0,2,2,2,7,0,1,0,0,0,0,0,0,1,0,0,0,9,2,0,false
D:\Others\assignment\FADI_WEDYAN_OOPS\Assignment-2\1\EventBus-master\EventBus\src\org\greenrobot\eventbus\EventBus.java,org.greenrobot.eventbus.EventBus,invokeSubscriber/1[org.greenrobot.eventbus.PendingPost],false,506,3,4,2,2,2,2,8,0,2,1,2,1,7,0,0,0,0,0,0,2,0,1,0,0,0,42,0,0,true
D:\Others\assignment\FADI_WEDYAN_OOPS\Assignment-2\1\EventBus-master\EventBus\src\org\greenrobot\eventbus\EventBus.java,org.greenrobot.eventbus.EventBus,getDefault/0,false,82,1,2,1,1,3,0,12,1,1,0,0,0,0,0,2,0,0,0,0,4,0,3,0,0,0,15,9,0,true
D:\Others\assignment\FADI_WEDYAN_OOPS\Assignment-2\1\EventBus-master\EventBus\src\org\greenrobot\eventbus\EventBus.java,org.greenrobot.eventbus.EventBus,cancelEventDelivery/1[java.lang.Object],false,291,2,1,0,1,5,1,16,0,1,1,1,0,0,0,3,0,0,4,0,2,0,1,0,0,0,53,1,0,true
D:\Others\assignment\FADI_WEDYAN_OOPS\Assignment-2\1\EventBus-master\EventBus\src\org\greenrobot\eventbus\EventBus.java,org.greenrobot.eventbus.EventBus,EventBus/1[org.greenrobot.eventbus.EventBusBuilder],true,113,5,7,1,6,3,4,19,0,0,1,4,0,0,0,2,0,0,0,1,17,0,0,0,0,0,37,0,0,false
D:\Others\assignment\FADI_WEDYAN_OOPS\Assignment-2\1\EventBus-master\EventBus\src\org\greenrobot\eventbus\EventBus.java,org.greenrobot.eventbus.EventBus,"handleSubscriberException/3[org.greenrobot.eventbus.Subscription,java.lang.Object,java.lang.Throwable]",false,525,5,5,1,4,6,3,21,0,2,3,3,1,6,0,0,0,0,7,0,2,3,2,0,0,0,24,2,0,false
D:\Others\assignment\FADI_WEDYAN_OOPS\Assignment-2\1\EventBus-master\EventBus\src\org\greenrobot\eventbus\EventBus.java,org.greenrobot.eventbus.EventBus,isMainThread/0,false,223,1,3,2,1,2,1,3,1,0,0,1,0,0,0,1,0,0,0,0,0,0,0,0,0,0,41,2,0,true
D:\Others\assignment\FADI_WEDYAN_OOPS\Assignment-2\1\EventBus-master\EventBus\src\org\greenrobot\eventbus\EventBus.java,org.greenrobot.eventbus.EventBus,isRegistered/1[java.lang.Object],false,227,0,0,0,0,1,1,3,1,0,1,1,0,0,0,0,0,0,0,0,0,0,0,0,0,0,4,33,0,false
D:\Others\assignment\FADI_WEDYAN_OOPS\Assignment-2\1\EventBus-master\EventBus\src\org\greenrobot\eventbus\EventBus.java,org.greenrobot.eventbus.EventBus,removeStickyEvent/1[java.lang.Class<T>],false,335,1,0,0,0,1,2,5,1,0,1,2,0,0,0,0,0,0,0,0,0,0,1,0,0,0,15,1,0,true
D:\Others\assignment\FADI_WEDYAN_OOPS\Assignment-2\1\EventBus-master\EventBus\src\org\greenrobot\eventbus\EventBus.java,org.greenrobot.eventbus.EventBus,removeAllStickyEvents/0,false,362,0,0,0,0,1,1,5,0,0,0,1,0,0,0,0,0,0,0,0,0,0,1,0,0,0,7,1,0,true
D:\Others\assignment\FADI_WEDYAN_OOPS\Assignment-2\1\EventBus-master\EventBus\src\org\greenrobot\eventbus\EventBus.java,org.greenrobot.eventbus.EventBus,removeStickyEvent/1[java.lang.Object],false,346,0,0,0,0,2,4,13,2,2,1,4,0,0,0,0,0,0,0,0,2,0,2,0,0,0,21,1,0,true
D:\Others\assignment\FADI_WEDYAN_OOPS\Assignment-2\1\EventBus-master\EventBus\src\org\greenrobot\eventbus\EventBus.java,org.greenrobot.eventbus.EventBus,"postToSubscription/3[org.greenrobot.eventbus.Subscription,java.lang.Object,boolean]",false,437,5,6,2,4,9,4,36,0,0,3,4,1,6,0,1,0,0,1,0,0,1,2,0,0,0,15,2,0,false
D:\Others\assignment\FADI_WEDYAN_OOPS\Assignment-2\1\EventBus-master\EventBus\src\org\greenrobot\eventbus\EventBus.java,org.greenrobot.eventbus.EventBus,getLogger/0,false,568,1,2,2,0,1,0,3,1,0,0,0,0,0,0,0,0,0,0,0,0,0,0,0,0,0,6,1,0,true
D:\Others\assignment\FADI_WEDYAN_OOPS\Assignment-2\1\EventBus-master\EventBus\src\org\greenrobot\eventbus\EventBus.java,org.greenrobot.eventbus.EventBus,"unsubscribeByEventType/2[java.lang.Object,java.lang.Class<?>]",false,232,1,1,1,0,4,4,15,0,4,2,4,0,0,1,2,0,0,0,1,5,0,3,0,0,0,22,2,0,true
D:\Others\assignment\FADI_WEDYAN_OOPS\Assignment-2\1\EventBus-master\EventBus\src\org\greenrobot\eventbus\EventBus.java,org.greenrobot.eventbus.EventBus,"subscribe/2[java.lang.Object,org.greenrobot.eventbus.SubscriberMethod]",false,159,4,4,1,3,11,16,43,0,10,2,16,1,8,2,3,0,0,2,1,12,1,4,0,0,0,29,2,0,false
D:\Others\assignment\FADI_WEDYAN_OOPS\Assignment-2\1\EventBus-master\EventBus\src\org\greenrobot\eventbus\EventBus.java,org.greenrobot.eventbus.EventBus,builder/0,false,95,1,1,0,1,1,0,3,1,0,0,0,0,0,0,0,0,0,0,0,0,0,0,0,0,0,4,9,0,false
D:\Others\assignment\FADI_WEDYAN_OOPS\Assignment-2\1\EventBus-master\EventBus\src\org\greenrobot\eventbus\EventBus.java,org.greenrobot.eventbus.EventBus,getStickyEvent/1[java.lang.Class<T>],false,324,1,0,0,0,1,2,5,1,0,1,2,0,0,0,0,0,0,0,0,0,0,1,0,0,0,14,1,0,true
D:\Others\assignment\FADI_WEDYAN_OOPS\Assignment-2\1\EventBus-master\EventBus\src\org\greenrobot\eventbus\EventBus.java,org.greenrobot.eventbus.EventBus,"postSingleEvent/2[java.lang.Object,org.greenrobot.eventbus.EventBus.PostingThreadState]",false,386,5,6,1,5,8,7,23,0,6,2,7,3,7,1,2,0,0,1,1,8,1,2,0,0,0,28,2,0,false
D:\Others\assignment\FADI_WEDYAN_OOPS\Assignment-2\1\EventBus-master\EventBus\src\org\greenrobot\eventbus\EventBus.java,org.greenrobot.eventbus.EventBus,toString/0,false,578,0,0,0,0,1,0,3,1,0,0,0,0,0,0,0,0,0,3,0,0,1,0,0,0,0,6,1,0,false
D:\Others\assignment\FADI_WEDYAN_OOPS\Assignment-2\1\EventBus-master\EventBus\src\org\greenrobot\eventbus\EventBus.java,org.greenrobot.eventbus.EventBus,unregister/1[java.lang.Object],false,249,2,2,0,2,3,5,12,0,1,1,5,1,1,1,1,0,0,1,0,1,1,2,0,0,0,20,33,0,true
D:\Others\assignment\FADI_WEDYAN_OOPS\Assignment-2\1\EventBus-master\EventBus\src\org\greenrobot\eventbus\EventBus.java,org.greenrobot.eventbus.EventBus,post/1[java.lang.Object],false,262,3,7,4,3,4,6,21,0,2,1,6,2,6,1,0,1,0,1,1,6,0,3,0,0,0,24,1,0,true
D:\Others\assignment\FADI_WEDYAN_OOPS\Assignment-2\1\EventBus-master\EventBus\src\org\greenrobot\eventbus\EventBus.java,org.greenrobot.eventbus.EventBus,clearCaches/0,false,100,1,1,0,1,1,2,4,0,0,0,2,0,0,0,0,0,0,0,0,0,0,0,0,0,0,5,9,0,true
D:\Others\assignment\FADI_WEDYAN_OOPS\Assignment-2\1\EventBus-master\EventBus\src\org\greenrobot\eventbus\EventBus.java,org.greenrobot.eventbus.EventBus,register/1[java.lang.Object],false,142,4,4,0,4,4,5,12,0,2,1,5,1,9,1,0,0,0,2,0,2,1,2,0,0,0,55,1,0,true
D:\Others\assignment\FADI_WEDYAN_OOPS\Assignment-2\1\EventBus-master\EventBus\src\org\greenrobot\eventbus\EventBus.java,org.greenrobot.eventbus.EventBus,hasSubscriberForEvent/1[java.lang.Class<?>],false,368,2,1,0,1,5,5,17,2,5,1,5,1,2,1,2,0,0,0,1,5,0,3,0,0,0,16,1,0,false
D:\Others\assignment\FADI_WEDYAN_OOPS\Assignment-2\1\EventBus-master\EventBus\src\org\greenrobot\eventbus\EventBus.java,org.greenrobot.eventbus.EventBus,"invokeSubscriber/2[org.greenrobot.eventbus.Subscription,java.lang.Object]",false,515,2,3,2,1,3,3,11,0,0,2,3,1,6,0,0,1,0,1,0,0,0,1,0,0,0,12,0,0,false
D:\Others\assignment\FADI_WEDYAN_OOPS\Assignment-2\1\EventBus-master\EventBus\src\org\greenrobot\eventbus\Logger.java,org.greenrobot.eventbus.Logger,"log/2[java.util.logging.Level,java.lang.String]",false,23,0,3,3,0,1,0,1,0,0,2,0,0,0,0,0,0,0,0,0,0,0,0,0,0,0,3,0,0,false
D:\Others\assignment\FADI_WEDYAN_OOPS\Assignment-2\1\EventBus-master\EventBus\src\org\greenrobot\eventbus\Logger.java,org.greenrobot.eventbus.Logger,"log/3[java.util.logging.Level,java.lang.String,java.lang.Throwable]",false,25,0,3,3,0,1,0,1,0,0,3,0,0,0,0,0,0,0,0,0,0,0,0,0,0,0,3,0,0,false
D:\Others\assignment\FADI_WEDYAN_OOPS\Assignment-2\1\EventBus-master\EventBus\src\org\greenrobot\eventbus\Logger.java,org.greenrobot.eventbus.Logger$JavaLogger,"log/3[java.util.logging.Level,java.lang.String,java.lang.Throwable]",false,41,0,0,0,0,1,1,3,0,0,3,1,0,0,0,0,0,0,0,0,0,0,0,0,0,0,3,1,0,false
D:\Others\assignment\FADI_WEDYAN_OOPS\Assignment-2\1\EventBus-master\EventBus\src\org\greenrobot\eventbus\Logger.java,org.greenrobot.eventbus.Logger$JavaLogger,JavaLogger/1[java.lang.String],true,30,0,0,0,0,1,1,3,0,0,1,1,0,0,0,0,0,0,0,0,1,0,0,0,0,0,4,1,0,false
D:\Others\assignment\FADI_WEDYAN_OOPS\Assignment-2\1\EventBus-master\EventBus\src\org\greenrobot\eventbus\Logger.java,org.greenrobot.eventbus.Logger$JavaLogger,"log/2[java.util.logging.Level,java.lang.String]",false,35,0,0,0,0,1,1,3,0,0,2,1,0,0,0,0,0,0,0,0,0,0,0,0,0,0,3,1,0,false
D:\Others\assignment\FADI_WEDYAN_OOPS\Assignment-2\1\EventBus-master\EventBus\src\org\greenrobot\eventbus\EventBus.java,org.greenrobot.eventbus.EventBus$PostCallback,onPostCompleted/1[java.util.List<org.greenrobot.eventbus.SubscriberExceptionEvent>],false,574,1,0,0,0,1,0,1,0,0,1,0,0,0,0,0,0,0,0,0,0,0,0,0,0,0,5,0,0,false
D:\Others\assignment\FADI_WEDYAN_OOPS\Assignment-2\1\EventBus-master\EventBus\src\org\greenrobot\eventbus\MainThreadSupport.java,org.greenrobot.eventbus.MainThreadSupport,isMainThread/0,false,23,0,1,1,0,1,0,1,0,0,0,0,0,0,0,0,0,0,0,0,0,0,0,0,0,0,3,0,0,false
D:\Others\assignment\FADI_WEDYAN_OOPS\Assignment-2\1\EventBus-master\EventBus\src\org\greenrobot\eventbus\MainThreadSupport.java,org.greenrobot.eventbus.MainThreadSupport,createPoster/1[org.greenrobot.eventbus.EventBus],false,25,2,1,1,0,1,0,1,0,0,1,0,0,0,0,0,0,0,0,0,0,0,0,0,0,0,5,0,0,false
D:\Others\assignment\FADI_WEDYAN_OOPS\Assignment-2\1\EventBus-master\EventBus\src\org\greenrobot\eventbus\PendingPost.java,org.greenrobot.eventbus.PendingPost,"obtainPendingPost/2[org.greenrobot.eventbus.Subscription,java.lang.Object]",false,33,2,3,2,1,2,2,13,2,2,2,2,0,0,0,0,0,0,0,2,5,1,2,0,0,0,10,8,0,false
D:\Others\assignment\FADI_WEDYAN_OOPS\Assignment-2\1\EventBus-master\EventBus\src\org\greenrobot\eventbus\PendingPost.java,org.greenrobot.eventbus.PendingPost,"PendingPost/2[java.lang.Object,org.greenrobot.eventbus.Subscription]",true,28,1,1,1,0,1,0,4,0,0,2,0,0,0,0,0,0,0,0,0,2,0,0,0,0,0,5,2,0,false
D:\Others\assignment\FADI_WEDYAN_OOPS\Assignment-2\1\EventBus-master\EventBus\src\org\greenrobot\eventbus\PendingPost.java,org.greenrobot.eventbus.PendingPost,releasePendingPost/1[org.greenrobot.eventbus.PendingPost],false,47,1,1,1,0,2,2,10,0,0,1,2,0,0,0,0,0,0,0,1,3,0,2,0,0,0,6,8,0,false
D:\Others\assignment\FADI_WEDYAN_OOPS\Assignment-2\1\EventBus-master\EventBus\src\org\greenrobot\eventbus\meta\SimpleSubscriberInfo.java,org.greenrobot.eventbus.meta.SimpleSubscriberInfo,getSubscriberMethods/0,false,33,3,1,0,1,2,1,9,1,4,0,1,0,0,1,0,0,0,0,1,5,0,1,0,0,0,10,33,0,false
D:\Others\assignment\FADI_WEDYAN_OOPS\Assignment-2\1\EventBus-master\EventBus\src\org\greenrobot\eventbus\meta\SimpleSubscriberInfo.java,org.greenrobot.eventbus.meta.SimpleSubscriberInfo,"SimpleSubscriberInfo/3[java.lang.Class,boolean,org.greenrobot.eventbus.meta.SubscriberMethodInfo[]]",true,27,1,0,0,0,1,0,4,0,0,3,0,0,0,0,0,0,0,0,0,1,0,0,0,0,0,6,1,0,false
D:\Others\assignment\FADI_WEDYAN_OOPS\Assignment-2\1\EventBus-master\EventBus\src\org\greenrobot\eventbus\Subscription.java,org.greenrobot.eventbus.Subscription,"Subscription/2[java.lang.Object,org.greenrobot.eventbus.SubscriberMethod]",true,27,1,1,1,0,1,0,5,0,0,2,0,0,0,0,0,0,0,0,0,3,0,0,0,0,0,6,0,0,false
D:\Others\assignment\FADI_WEDYAN_OOPS\Assignment-2\1\EventBus-master\EventBus\src\org\greenrobot\eventbus\Subscription.java,org.greenrobot.eventbus.Subscription,equals/1[java.lang.Object],false,34,2,1,0,1,2,1,9,2,1,1,1,0,0,0,1,0,0,0,0,1,0,1,0,0,0,6,1,0,false
D:\Others\assignment\FADI_WEDYAN_OOPS\Assignment-2\1\EventBus-master\EventBus\src\org\greenrobot\eventbus\Subscription.java,org.greenrobot.eventbus.Subscription,hashCode/0,false,45,0,0,0,0,1,2,3,1,0,0,2,0,0,0,0,0,0,0,0,0,1,0,0,0,0,2,1,0,false
D:\Others\assignment\FADI_WEDYAN_OOPS\Assignment-2\1\EventBus-master\EventBus\src\org\greenrobot\eventbus\Logger.java,org.greenrobot.eventbus.Logger$SystemOutLogger,"log/3[java.util.logging.Level,java.lang.String,java.lang.Throwable]",false,56,0,0,0,0,1,2,4,0,0,3,2,0,0,0,0,0,0,2,0,0,1,0,0,0,0,5,1,0,false
D:\Others\assignment\FADI_WEDYAN_OOPS\Assignment-2\1\EventBus-master\EventBus\src\org\greenrobot\eventbus\Logger.java,org.greenrobot.eventbus.Logger$SystemOutLogger,"log/2[java.util.logging.Level,java.lang.String]",false,51,0,0,0,0,1,1,3,0,0,2,1,0,0,0,0,0,0,2,0,0,1,0,0,0,0,4,1,0,false
D:\Others\assignment\FADI_WEDYAN_OOPS\Assignment-2\1\EventBus-master\EventBus\src\org\greenrobot\eventbus\AsyncPoster.java,org.greenrobot.eventbus.AsyncPoster,run/0,false,41,3,2,0,2,2,2,7,0,1,0,2,0,0,0,1,0,0,1,0,1,0,1,0,0,0,9,1,0,false
D:\Others\assignment\FADI_WEDYAN_OOPS\Assignment-2\1\EventBus-master\EventBus\src\org\greenrobot\eventbus\AsyncPoster.java,org.greenrobot.eventbus.AsyncPoster,"enqueue/2[org.greenrobot.eventbus.Subscription,java.lang.Object]",false,34,4,4,1,3,1,4,5,0,1,2,4,0,0,0,0,0,0,0,0,1,0,0,0,0,0,6,1,0,false
D:\Others\assignment\FADI_WEDYAN_OOPS\Assignment-2\1\EventBus-master\EventBus\src\org\greenrobot\eventbus\AsyncPoster.java,org.greenrobot.eventbus.AsyncPoster,AsyncPoster/1[org.greenrobot.eventbus.EventBus],true,29,2,2,1,1,1,0,4,0,0,1,0,0,0,0,0,0,0,0,0,2,0,0,0,0,0,9,0,0,false
D:\Others\assignment\FADI_WEDYAN_OOPS\Assignment-2\1\EventBus-master\EventBus\src\org\greenrobot\eventbus\SubscriberMethodFinder.java,org.greenrobot.eventbus.SubscriberMethodFinder$FindState,moveToSuperclass/0,false,266,0,2,2,0,6,3,12,0,1,0,3,0,0,0,0,0,0,4,0,4,0,2,0,0,0,9,0,0,false
D:\Others\assignment\FADI_WEDYAN_OOPS\Assignment-2\1\EventBus-master\EventBus\src\org\greenrobot\eventbus\SubscriberMethodFinder.java,org.greenrobot.eventbus.SubscriberMethodFinder$FindState,"checkAddWithMethodSignature/2[java.lang.reflect.Method,java.lang.Class<?>]",false,248,0,1,1,0,3,9,15,2,3,2,9,0,0,0,1,0,0,0,1,3,0,1,0,0,0,14,2,0,false
D:\Others\assignment\FADI_WEDYAN_OOPS\Assignment-2\1\EventBus-master\EventBus\src\org\greenrobot\eventbus\SubscriberMethodFinder.java,org.greenrobot.eventbus.SubscriberMethodFinder$FindState,"checkAdd/2[java.lang.reflect.Method,java.lang.Class<?>]",false,229,1,3,2,1,4,2,15,2,1,2,2,1,1,0,1,0,0,0,0,1,0,3,0,0,0,14,0,0,false
D:\Others\assignment\FADI_WEDYAN_OOPS\Assignment-2\1\EventBus-master\EventBus\src\org\greenrobot\eventbus\SubscriberMethodFinder.java,org.greenrobot.eventbus.SubscriberMethodFinder$FindState,initForSubscriber/1[java.lang.Class<?>],false,212,0,2,2,0,1,0,5,0,0,1,0,0,0,0,0,0,0,0,0,4,0,0,0,0,0,12,0,0,false
D:\Others\assignment\FADI_WEDYAN_OOPS\Assignment-2\1\EventBus-master\EventBus\src\org\greenrobot\eventbus\SubscriberMethodFinder.java,org.greenrobot.eventbus.SubscriberMethodFinder$FindState,recycle/0,false,218,0,1,1,0,1,4,10,0,0,0,4,0,0,0,0,0,0,0,1,4,0,0,0,0,0,10,0,0,false
D:\Others\assignment\FADI_WEDYAN_OOPS\Assignment-2\1\EventBus-master\EventBus\src\org\greenrobot\eventbus\util\AsyncExecutor.java,org.greenrobot.eventbus.util.AsyncExecutor,"AsyncExecutor/4[java.util.concurrent.Executor,org.greenrobot.eventbus.EventBus,java.lang.Class<?>,java.lang.Object]",true,100,1,1,1,0,2,1,11,0,0,4,1,0,0,0,0,1,0,1,0,4,0,1,0,0,0,25,2,0,false
D:\Others\assignment\FADI_WEDYAN_OOPS\Assignment-2\1\EventBus-master\EventBus\src\org\greenrobot\eventbus\util\AsyncExecutor.java,org.greenrobot.eventbus.util.AsyncExecutor,builder/0,false,87,1,1,0,1,1,0,3,1,0,0,0,0,0,0,0,0,0,0,0,0,0,0,0,0,0,2,9,0,false
D:\Others\assignment\FADI_WEDYAN_OOPS\Assignment-2\1\EventBus-master\EventBus\src\org\greenrobot\eventbus\util\AsyncExecutor.java,org.greenrobot.eventbus.util.AsyncExecutor,create/0,false,91,2,2,0,2,1,1,3,1,0,0,1,0,0,0,0,0,0,0,0,0,0,0,0,0,0,4,9,0,false
D:\Others\assignment\FADI_WEDYAN_OOPS\Assignment-2\1\EventBus-master\EventBus\src\org\greenrobot\eventbus\util\AsyncExecutor.java,org.greenrobot.eventbus.util.AsyncExecutor,execute/1[org.greenrobot.eventbus.util.AsyncExecutor.RunnableEx],false,113,4,5,0,5,4,7,22,0,1,1,7,0,0,0,0,2,1,2,0,1,0,3,0,0,1,21,1,0,true
D:\Others\assignment\FADI_WEDYAN_OOPS\Assignment-2\1\EventBus-master\EventBus\src\org\greenrobot\eventbus\util\AsyncExecutor.java,org.greenrobot.eventbus.util.AsyncExecutor$RunnableEx,run/0,false,84,0,1,1,0,1,0,1,0,0,0,0,0,0,0,0,0,0,0,0,0,0,0,0,0,0,2,0,0,false
D:\Others\assignment\FADI_WEDYAN_OOPS\Assignment-2\1\EventBus-master\EventBus\src\org\greenrobot\eventbus\EventBusException.java,org.greenrobot.eventbus.EventBusException,EventBusException/1[java.lang.Throwable],true,32,0,0,0,0,1,0,3,0,0,1,0,0,0,0,0,0,0,0,0,0,0,0,0,0,0,5,1,0,false
D:\Others\assignment\FADI_WEDYAN_OOPS\Assignment-2\1\EventBus-master\EventBus\src\org\greenrobot\eventbus\EventBusException.java,org.greenrobot.eventbus.EventBusException,EventBusException/1[java.lang.String],true,28,0,6,6,0,1,0,3,0,0,1,0,0,0,0,0,0,0,0,0,0,0,0,0,0,0,5,1,0,false
D:\Others\assignment\FADI_WEDYAN_OOPS\Assignment-2\1\EventBus-master\EventBus\src\org\greenrobot\eventbus\EventBusException.java,org.greenrobot.eventbus.EventBusException,"EventBusException/2[java.lang.String,java.lang.Throwable]",true,36,0,3,3,0,1,0,3,0,0,2,0,0,0,0,0,0,0,0,0,0,0,0,0,0,0,4,1,0,false
