file,class,type,cbo,cboModified,fanin,fanout,wmc,dit,noc,rfc,lcom,lcom*,tcc,lcc,totalMethodsQty,staticMethodsQty,publicMethodsQty,privateMethodsQty,protectedMethodsQty,defaultMethodsQty,visibleMethodsQty,abstractMethodsQty,finalMethodsQty,synchronizedMethodsQty,totalFieldsQty,staticFieldsQty,publicFieldsQty,privateFieldsQty,protectedFieldsQty,defaultFieldsQty,finalFieldsQty,synchronizedFieldsQty,nosi,loc,returnQty,loopQty,comparisonsQty,tryCatchQty,parenthesizedExpsQty,stringLiteralsQty,numbersQty,assignmentsQty,mathOperationsQty,variablesQty,maxNestedBlocksQty,anonymousClassesQty,innerClassesQty,lambdasQty,uniqueWordsQty,modifiers,logStatementsQty
D:\Others\assignment\FADI_WEDYAN_OOPS\Assignment-2\1\fastjson-master\src\main\java\com\alibaba\fastjson\asm\ClassWriter.java,com.alibaba.fastjson.asm.ClassWriter,class,8,13,5,8,40,1,0,22,0,0.78137654,0.0,0.0,13,0,6,4,0,3,9,0,0,0,19,0,0,5,0,14,4,0,0,205,11,9,17,0,4,1,35,74,11,54,3,0,0,0,182,1,0
D:\Others\assignment\FADI_WEDYAN_OOPS\Assignment-2\1\fastjson-master\src\main\java\com\alibaba\fastjson\support\jaxrs\FastJsonProvider.java,com.alibaba.fastjson.support.jaxrs.FastJsonProvider,class,18,20,2,18,42,1,0,30,67,0.8869566,0.0,0.0,23,0,19,0,4,0,23,0,0,0,10,2,2,3,5,0,2,0,5,138,25,2,9,2,8,8,3,19,0,16,3,0,0,0,165,1,0
D:\Others\assignment\FADI_WEDYAN_OOPS\Assignment-2\1\fastjson-master\src\main\java\com\alibaba\fastjson\JSONPath.java,com.alibaba.fastjson.JSONPath$PropertySegment,innerclass,9,9,0,9,54,1,0,22,0,0.06666667,0.0,0.0,5,0,5,0,0,0,5,0,0,0,3,0,0,3,0,0,3,0,1,208,6,2,13,0,0,2,2,27,1,13,6,0,0,0,40,8,0
D:\Others\assignment\FADI_WEDYAN_OOPS\Assignment-2\1\fastjson-master\src\main\java\com\alibaba\fastjson\serializer\AwtCodec.java,com.alibaba.fastjson.serializer.AwtCodec,class,11,14,3,11,67,1,0,41,45,1.0,0.0,0.0,10,1,4,1,5,0,9,0,0,0,1,1,1,0,0,0,1,0,0,303,12,4,32,0,0,46,13,61,7,38,3,0,0,0,68,1,0
D:\Others\assignment\FADI_WEDYAN_OOPS\Assignment-2\1\fastjson-master\src\main\java\com\alibaba\fastjson\support\jaxrs\FastJsonFeature.java,com.alibaba.fastjson.support.jaxrs.FastJsonFeature,class,7,9,2,7,4,1,0,10,0,0.0,NaN,NaN,1,0,1,0,0,0,1,0,0,0,1,1,0,1,0,0,1,0,0,19,2,0,0,1,0,0,0,3,0,3,2,0,0,0,28,1,0
D:\Others\assignment\FADI_WEDYAN_OOPS\Assignment-2\1\fastjson-master\src\main\java\com\alibaba\fastjson\JSONPath.java,com.alibaba.fastjson.JSONPath$IntOpSegement,innerclass,4,4,0,4,40,2,0,8,0,0.3,0.0,0.0,2,0,2,0,0,0,2,0,0,0,5,0,0,5,0,0,2,0,4,100,30,0,12,0,1,0,18,10,0,10,2,0,0,0,28,8,0
D:\Others\assignment\FADI_WEDYAN_OOPS\Assignment-2\1\fastjson-master\src\main\java\com\alibaba\fastjson\util\ASMUtils.java,com.alibaba.fastjson.util.ASMUtils,class,6,13,7,6,40,1,0,35,28,0.9375,0.0,0.0,8,8,8,0,0,0,8,0,0,0,2,2,2,0,0,0,2,0,13,158,27,4,16,2,1,20,12,34,7,28,6,0,0,0,73,1,0
D:\Others\assignment\FADI_WEDYAN_OOPS\Assignment-2\1\fastjson-master\src\main\java\com\alibaba\fastjson\JSONPath.java,com.alibaba.fastjson.JSONPath,class,35,73,38,35,409,15,0,129,404,0.8724954,0.0,0.0,61,26,41,1,14,5,60,0,0,0,9,3,0,7,0,2,3,0,72,3522,171,37,150,12,26,53,71,316,46,241,6,0,34,0,264,1,0
D:\Others\assignment\FADI_WEDYAN_OOPS\Assignment-2\1\fastjson-master\src\main\java\com\alibaba\fastjson\parser\JSONScanner.java,com.alibaba.fastjson.parser.JSONScanner,class,9,23,14,9,689,2,0,51,363,0.5882353,0.0,0.0,51,2,41,3,5,2,48,0,18,0,2,0,0,2,0,0,2,0,50,2325,184,71,368,0,63,27,211,677,183,187,7,0,0,0,222,17,0
D:\Others\assignment\FADI_WEDYAN_OOPS\Assignment-2\1\fastjson-master\src\main\java\com\alibaba\fastjson\JSONPath.java,com.alibaba.fastjson.JSONPath$FloorSegment,innerclass,6,6,0,6,15,1,0,7,3,1.0,0.0,0.0,3,1,2,1,0,0,2,0,0,0,1,1,1,0,0,0,1,0,4,39,7,1,2,0,2,0,2,6,0,6,3,0,0,0,36,8,0
D:\Others\assignment\FADI_WEDYAN_OOPS\Assignment-2\1\fastjson-master\src\main\java\com\alibaba\fastjson\parser\JSONLexerBase.java,com.alibaba.fastjson.parser.JSONLexerBase,class,13,36,23,13,1350,1,2,69,2667,0.8926406,0.0,0.0,110,2,102,1,7,0,110,14,42,0,21,5,1,1,19,0,5,0,57,4866,342,108,611,4,363,71,578,1620,779,404,8,0,0,0,255,1025,0
D:\Others\assignment\FADI_WEDYAN_OOPS\Assignment-2\1\fastjson-master\src\main\java\com\alibaba\fastjson\parser\deserializer\ParseProcess.java,com.alibaba.fastjson.parser.deserializer.ParseProcess,interface,0,6,6,0,0,1,0,0,0,0.0,-1.0,-1.0,0,0,0,0,0,0,0,0,0,0,0,0,0,0,0,0,0,0,0,2,0,0,0,0,0,0,0,0,0,0,0,0,0,0,2,1,0
D:\Others\assignment\FADI_WEDYAN_OOPS\Assignment-2\1\fastjson-master\src\main\java\com\alibaba\fastjson\serializer\JSONSerializable.java,com.alibaba.fastjson.serializer.JSONSerializable,interface,1,6,5,1,1,1,0,0,0,0.0,NaN,NaN,1,0,0,0,0,1,1,0,0,0,0,0,0,0,0,0,0,0,0,3,0,0,0,0,0,0,0,0,0,0,0,0,0,0,20,1,0
D:\Others\assignment\FADI_WEDYAN_OOPS\Assignment-2\1\fastjson-master\src\main\java\com\alibaba\fastjson\JSONPath.java,com.alibaba.fastjson.JSONPath$MultiPropertySegment,innerclass,8,8,0,8,13,1,0,13,0,0.16666667,0.0,0.0,3,0,3,0,0,0,3,0,0,0,2,0,0,2,0,0,2,0,1,61,1,4,3,0,0,0,2,18,0,12,3,0,0,0,35,8,0
D:\Others\assignment\FADI_WEDYAN_OOPS\Assignment-2\1\fastjson-master\src\main\java\com\alibaba\fastjson\support\moneta\MonetaCodec.java,com.alibaba.fastjson.support.moneta.MonetaCodec,class,9,10,1,9,9,1,0,10,3,1.0,0.0,0.0,3,0,3,0,0,0,3,0,0,0,1,1,1,0,0,0,1,0,0,33,3,0,1,0,1,5,1,9,0,7,1,0,0,0,42,1,0
D:\Others\assignment\FADI_WEDYAN_OOPS\Assignment-2\1\fastjson-master\src\main\java\com\alibaba\fastjson\parser\deserializer\OptionalCodec.java,com.alibaba.fastjson.parser.deserializer.OptionalCodec,class,9,10,1,9,19,1,0,29,3,1.0,0.0,0.0,3,0,3,0,0,0,3,0,0,0,1,1,1,0,0,0,0,0,12,90,14,0,8,0,0,2,0,17,1,16,2,0,0,0,36,1,0
D:\Others\assignment\FADI_WEDYAN_OOPS\Assignment-2\1\fastjson-master\src\main\java\com\alibaba\fastjson\serializer\ReferenceCodec.java,com.alibaba.fastjson.serializer.ReferenceCodec,class,6,7,1,6,7,1,0,7,3,1.0,0.0,0.0,3,0,3,0,0,0,3,0,0,0,1,1,1,0,0,0,1,0,0,33,4,0,3,0,1,3,1,8,0,7,1,0,0,0,37,1,0
D:\Others\assignment\FADI_WEDYAN_OOPS\Assignment-2\1\fastjson-master\src\main\java\com\alibaba\fastjson\serializer\SerializeWriter.java,com.alibaba.fastjson.serializer.SerializeWriter,class,8,55,47,8,579,2,0,77,1121,0.9088888,0.0,0.0,75,0,68,4,3,0,72,0,0,0,24,6,0,6,17,1,6,0,70,2021,62,31,281,2,157,32,711,697,355,292,6,0,0,0,256,17,0
D:\Others\assignment\FADI_WEDYAN_OOPS\Assignment-2\1\fastjson-master\src\main\java\com\alibaba\fastjson\util\ThreadLocalCache.java,com.alibaba.fastjson.util.ThreadLocalCache,class,4,5,1,4,19,1,0,12,10,0.79545456,0.0,0.0,8,8,5,3,0,0,5,0,0,0,11,11,8,3,0,0,11,0,9,81,13,0,5,0,1,0,16,24,8,21,1,0,0,0,42,1,0
D:\Others\assignment\FADI_WEDYAN_OOPS\Assignment-2\1\fastjson-master\src\main\java\com\alibaba\fastjson\JSONException.java,com.alibaba.fastjson.JSONException,class,0,56,56,0,3,4,1,0,3,0.0,0.0,0.0,3,0,3,0,0,0,3,0,0,0,0,0,0,0,0,0,0,0,0,11,0,0,0,0,0,1,0,0,0,0,0,0,0,0,9,1,0
D:\Others\assignment\FADI_WEDYAN_OOPS\Assignment-2\1\fastjson-master\src\main\java\com\alibaba\fastjson\JSONPath.java,com.alibaba.fastjson.JSONPath$RangeSegment,innerclass,5,5,0,5,8,1,0,3,1,0.33333334,0.0,0.0,3,0,3,0,0,0,3,0,0,0,3,0,0,3,0,0,3,0,0,28,2,1,1,0,1,0,4,11,5,10,1,0,0,0,27,8,0
D:\Others\assignment\FADI_WEDYAN_OOPS\Assignment-2\1\fastjson-master\src\main\java\com\alibaba\fastjson\JSONPath.java,com.alibaba.fastjson.JSONPath$NullSegement,innerclass,2,2,0,2,3,2,0,1,1,0.0,0.0,0.0,2,0,2,0,0,0,2,0,0,0,0,0,0,0,0,0,0,0,0,9,1,0,1,0,0,0,0,1,0,1,0,0,0,0,17,8,0
D:\Others\assignment\FADI_WEDYAN_OOPS\Assignment-2\1\fastjson-master\src\main\java\com\alibaba\fastjson\support\spring\FastJsonViewResponseBodyAdvice.java,com.alibaba.fastjson.support.spring.FastJsonViewResponseBodyAdvice,class,15,16,1,15,7,1,0,12,6,0.0,0.0,0.0,4,0,2,1,1,0,3,0,0,0,0,0,0,0,0,0,0,0,0,26,3,2,0,0,1,0,0,5,0,5,1,0,0,0,52,1,0
D:\Others\assignment\FADI_WEDYAN_OOPS\Assignment-2\1\fastjson-master\src\main\java\com\alibaba\fastjson\serializer\SerialContext.java,com.alibaba.fastjson.serializer.SerialContext,class,1,13,12,1,30,1,0,10,3,0.6428572,0.0,0.0,7,0,6,0,1,0,7,0,0,0,4,0,4,0,0,0,4,0,0,90,6,2,5,0,7,2,4,12,0,11,5,0,0,0,24,1,0
D:\Others\assignment\FADI_WEDYAN_OOPS\Assignment-2\1\fastjson-master\src\main\java\com\alibaba\fastjson\parser\deserializer\ResolveFieldDeserializer.java,com.alibaba.fastjson.parser.deserializer.ResolveFieldDeserializer,class,4,5,1,4,11,2,0,9,0,0.16666667,0.0,0.0,5,0,5,0,0,0,5,0,0,0,6,0,0,6,0,0,6,0,3,65,2,0,4,0,0,2,2,23,0,10,4,0,0,0,32,17,0
D:\Others\assignment\FADI_WEDYAN_OOPS\Assignment-2\1\fastjson-master\src\main\java\com\alibaba\fastjson\serializer\AfterFilter.java,com.alibaba.fastjson.serializer.AfterFilter,class,3,7,4,3,6,1,0,9,1,0.44444445,0.0,0.0,3,0,1,0,1,1,3,1,2,0,3,3,0,3,0,0,3,0,1,26,1,0,2,0,0,0,0,7,0,7,1,0,0,0,24,1025,0
D:\Others\assignment\FADI_WEDYAN_OOPS\Assignment-2\1\fastjson-master\src\main\java\com\alibaba\fastjson\JSONValidator.java,com.alibaba.fastjson.JSONValidator$Type,enum,0,0,0,0,0,1,0,0,0,0.0,-1.0,-1.0,0,0,0,0,0,0,0,0,0,0,0,0,0,0,0,0,0,0,0,1,0,0,0,0,0,0,0,0,0,0,0,0,0,0,3,1,0
D:\Others\assignment\FADI_WEDYAN_OOPS\Assignment-2\1\fastjson-master\src\main\java\com\alibaba\fastjson\asm\Item.java,com.alibaba.fastjson.asm.Item,class,1,4,3,1,22,1,0,2,0,0.51111114,0.0,0.0,5,0,0,0,0,5,5,0,0,0,9,0,0,0,0,9,0,0,0,67,7,0,2,0,4,0,20,18,6,9,1,0,0,0,82,16,0
D:\Others\assignment\FADI_WEDYAN_OOPS\Assignment-2\1\fastjson-master\src\main\java\com\alibaba\fastjson\serializer\MapSerializer.java,com.alibaba.fastjson.serializer.MapSerializer,class,13,17,4,13,81,2,0,40,1,0.75,0.0,0.0,2,0,2,0,0,0,2,0,0,0,2,2,1,1,0,0,1,0,12,220,2,1,23,2,9,1,12,49,0,35,6,0,0,0,71,1,0
D:\Others\assignment\FADI_WEDYAN_OOPS\Assignment-2\1\fastjson-master\src\main\java\com\alibaba\fastjson\serializer\DateCodec.java,com.alibaba.fastjson.serializer.DateCodec,class,15,16,1,15,58,3,0,58,3,1.0,0.0,0.0,3,0,3,0,0,0,3,0,0,0,1,1,1,0,0,0,1,0,31,270,23,1,24,3,11,22,65,56,16,47,6,0,0,0,81,1,0
D:\Others\assignment\FADI_WEDYAN_OOPS\Assignment-2\1\fastjson-master\src\main\java\com\alibaba\fastjson\serializer\ByteBufferCodec.java,com.alibaba.fastjson.serializer.ByteBufferCodec,class,9,10,1,9,3,1,0,9,3,1.0,0.0,0.0,3,0,3,0,0,0,3,0,0,0,1,1,1,0,0,0,1,0,0,32,2,0,0,0,0,3,0,5,0,5,0,0,1,0,35,1,0
D:\Others\assignment\FADI_WEDYAN_OOPS\Assignment-2\1\fastjson-master\src\main\java\com\alibaba\fastjson\parser\deserializer\StackTraceElementDeserializer.java,com.alibaba.fastjson.parser.deserializer.StackTraceElementDeserializer,class,7,8,1,7,40,1,0,11,1,1.0,0.0,0.0,2,0,2,0,0,0,2,0,0,0,1,1,1,0,0,0,1,0,1,150,3,1,27,0,0,23,2,25,3,11,4,0,0,0,38,1,0
D:\Others\assignment\FADI_WEDYAN_OOPS\Assignment-2\1\fastjson-master\src\main\java\com\alibaba\fastjson\support\geo\Polygon.java,com.alibaba.fastjson.support.geo.Polygon,class,3,4,1,3,3,2,0,0,1,0.33333334,0.0,0.0,3,0,3,0,0,0,3,0,0,0,1,0,0,1,0,0,0,0,0,12,1,0,0,0,0,5,0,1,0,1,0,0,0,0,8,1,0
D:\Others\assignment\FADI_WEDYAN_OOPS\Assignment-2\1\fastjson-master\src\main\java\com\alibaba\fastjson\support\spring\FastJsonContainer.java,com.alibaba.fastjson.support.spring.FastJsonContainer,class,1,3,2,1,5,1,0,0,2,0.5,0.0,0.0,5,0,4,0,0,1,5,0,0,0,2,0,0,2,0,0,0,0,0,19,2,0,0,0,0,0,0,3,0,2,0,0,0,0,15,1,0
D:\Others\assignment\FADI_WEDYAN_OOPS\Assignment-2\1\fastjson-master\src\main\java\com\alibaba\fastjson\util\FieldInfo.java,com.alibaba.fastjson.util.FieldInfo,class,7,26,19,7,130,1,0,66,50,0.8204544,0.0,0.0,20,5,14,4,2,0,16,0,0,0,22,0,19,3,0,0,21,0,35,445,45,6,61,0,5,7,45,158,3,81,4,0,0,0,102,1,0
D:\Others\assignment\FADI_WEDYAN_OOPS\Assignment-2\1\fastjson-master\src\main\java\com\alibaba\fastjson\serializer\PropertyFilter.java,com.alibaba.fastjson.serializer.PropertyFilter,interface,1,4,3,1,1,1,0,0,0,0.0,NaN,NaN,1,0,0,0,0,1,1,0,0,0,0,0,0,0,0,0,0,0,0,3,0,0,0,0,0,0,0,0,0,0,0,0,0,0,19,1,0
D:\Others\assignment\FADI_WEDYAN_OOPS\Assignment-2\1\fastjson-master\src\main\java\com\alibaba\fastjson\serializer\ListSerializer.java,com.alibaba.fastjson.serializer.ListSerializer,class,8,9,1,8,22,1,0,24,0,1.0,NaN,NaN,1,0,1,0,0,0,1,0,1,0,1,1,1,0,0,0,1,0,2,110,3,2,10,1,4,2,12,23,0,16,7,0,0,0,36,17,0
D:\Others\assignment\FADI_WEDYAN_OOPS\Assignment-2\1\fastjson-master\src\main\java\com\alibaba\fastjson\serializer\NameFilter.java,com.alibaba.fastjson.serializer.NameFilter,interface,1,5,4,1,1,1,0,0,0,0.0,NaN,NaN,1,0,0,0,0,1,1,0,0,0,0,0,0,0,0,0,0,0,0,3,0,0,0,0,0,0,0,0,0,0,0,0,0,0,6,1,0
D:\Others\assignment\FADI_WEDYAN_OOPS\Assignment-2\1\fastjson-master\src\main\java\com\alibaba\fastjson\util\GenericArrayTypeImpl.java,com.alibaba.fastjson.util.GenericArrayTypeImpl,class,1,3,2,1,8,1,0,8,0,0.0,0.0,0.0,5,0,5,0,0,0,5,0,0,0,1,0,0,1,0,0,1,0,0,32,5,0,1,0,1,1,0,4,0,4,1,0,0,0,21,1,0
D:\Others\assignment\FADI_WEDYAN_OOPS\Assignment-2\1\fastjson-master\src\main\java\com\alibaba\fastjson\serializer\LongCodec.java,com.alibaba.fastjson.serializer.LongCodec,class,11,13,2,11,15,1,0,14,3,1.0,0.0,0.0,3,0,3,0,0,0,3,0,0,0,1,1,1,0,0,0,0,0,4,54,3,0,8,1,1,2,0,13,1,10,3,0,0,0,44,1,0
D:\Others\assignment\FADI_WEDYAN_OOPS\Assignment-2\1\fastjson-master\src\main\java\com\alibaba\fastjson\util\Function.java,com.alibaba.fastjson.util.Function,interface,2,5,3,2,1,1,0,0,0,0.0,NaN,NaN,1,0,0,0,0,1,1,0,0,0,0,0,0,0,0,0,0,0,0,3,0,0,0,0,0,0,0,0,0,0,0,0,0,0,10,1,0
D:\Others\assignment\FADI_WEDYAN_OOPS\Assignment-2\1\fastjson-master\src\main\java\com\alibaba\fastjson\serializer\EnumSerializer.java,com.alibaba.fastjson.serializer.EnumSerializer,class,5,7,2,5,6,1,0,4,0,0.33333334,0.0,0.0,3,0,3,0,0,0,3,0,0,0,2,1,1,1,0,0,2,0,0,30,1,0,1,1,2,1,0,7,0,4,2,0,0,0,25,1,0
D:\Others\assignment\FADI_WEDYAN_OOPS\Assignment-2\1\fastjson-master\src\main\java\com\alibaba\fastjson\serializer\JSONObjectCodec.java,com.alibaba.fastjson.serializer.JSONObjectCodec,class,5,6,1,5,3,1,0,8,0,0.0,NaN,NaN,1,0,1,0,0,0,1,0,0,0,1,1,1,0,0,0,1,0,1,18,0,0,0,1,0,1,0,5,0,5,2,0,0,0,22,1,0
D:\Others\assignment\FADI_WEDYAN_OOPS\Assignment-2\1\fastjson-master\src\main\java\com\alibaba\fastjson\util\Base64.java,com.alibaba.fastjson.util.Base64,class,3,3,0,3,52,1,0,4,0,0.5,0.0,0.0,3,3,3,0,0,0,4,0,0,0,2,2,2,0,0,0,2,0,1,100,6,16,15,0,27,1,121,73,68,47,2,0,0,0,87,1,0
D:\Others\assignment\FADI_WEDYAN_OOPS\Assignment-2\1\fastjson-master\src\main\java\com\alibaba\fastjson\JSONPath.java,com.alibaba.fastjson.JSONPath$MultiIndexSegment,innerclass,6,6,0,6,9,1,0,7,0,0.0,0.0,0.0,3,0,3,0,0,0,3,0,0,0,1,0,0,1,0,0,1,0,2,35,2,2,0,0,0,0,8,10,1,9,5,0,0,0,29,8,0
D:\Others\assignment\FADI_WEDYAN_OOPS\Assignment-2\1\fastjson-master\src\main\java\com\alibaba\fastjson\support\geo\MultiLineString.java,com.alibaba.fastjson.support.geo.MultiLineString,class,3,4,1,3,3,2,0,0,1,0.33333334,0.0,0.0,3,0,3,0,0,0,3,0,0,0,1,0,0,1,0,0,0,0,0,12,1,0,0,0,0,5,0,1,0,1,0,0,0,0,10,1,0
D:\Others\assignment\FADI_WEDYAN_OOPS\Assignment-2\1\fastjson-master\src\main\java\com\alibaba\fastjson\parser\deserializer\Jdk8DateCodec.java,com.alibaba.fastjson.parser.deserializer.Jdk8DateCodec,class,16,18,2,16,83,2,0,73,34,0.9644446,0.0,0.0,9,1,5,1,3,0,8,0,0,0,25,25,1,24,0,0,25,0,59,322,30,2,43,0,15,33,27,101,11,80,5,0,0,0,122,1,0
D:\Others\assignment\FADI_WEDYAN_OOPS\Assignment-2\1\fastjson-master\src\main\java\com\alibaba\fastjson\support\geo\LineString.java,com.alibaba.fastjson.support.geo.LineString,class,3,4,1,3,3,2,0,0,1,0.33333334,0.0,0.0,3,0,3,0,0,0,3,0,0,0,1,0,0,1,0,0,0,0,0,12,1,0,0,0,0,5,0,1,0,1,0,0,0,0,9,1,0
D:\Others\assignment\FADI_WEDYAN_OOPS\Assignment-2\1\fastjson-master\src\main\java\com\alibaba\fastjson\JSONPath.java,com.alibaba.fastjson.JSONPath$ArrayAccessSegment,innerclass,5,5,0,5,7,1,0,5,0,0.0,0.0,0.0,5,0,5,0,0,0,5,0,0,0,1,0,0,1,0,0,1,0,0,21,3,0,0,0,0,0,0,3,0,2,1,0,0,0,24,8,0
D:\Others\assignment\FADI_WEDYAN_OOPS\Assignment-2\1\fastjson-master\src\main\java\com\alibaba\fastjson\serializer\ContextValueFilter.java,com.alibaba.fastjson.serializer.ContextValueFilter,interface,2,4,2,2,1,1,0,0,0,0.0,NaN,NaN,1,0,0,0,0,1,1,0,0,0,0,0,0,0,0,0,0,0,0,3,0,0,0,0,0,0,0,0,0,0,0,0,0,0,8,1,0
D:\Others\assignment\FADI_WEDYAN_OOPS\Assignment-2\1\fastjson-master\src\main\java\com\alibaba\fastjson\serializer\ContextObjectSerializer.java,com.alibaba.fastjson.serializer.ContextObjectSerializer,interface,3,8,5,3,1,1,0,0,0,0.0,NaN,NaN,1,0,0,0,0,1,1,0,0,0,0,0,0,0,0,0,0,0,0,3,0,0,0,0,0,0,0,0,0,0,0,0,0,0,12,1,0
D:\Others\assignment\FADI_WEDYAN_OOPS\Assignment-2\1\fastjson-master\src\main\java\com\alibaba\fastjson\support\spring\FastJsonJsonView.java,com.alibaba.fastjson.support.spring.FastJsonJsonView,class,12,13,1,12,38,2,0,43,83,0.89632106,0.0,0.0,23,0,18,1,4,0,22,0,0,0,13,3,2,7,4,0,3,0,4,137,10,3,4,0,1,13,4,27,1,22,3,0,0,0,185,1,1
D:\Others\assignment\FADI_WEDYAN_OOPS\Assignment-2\1\fastjson-master\src\main\java\com\alibaba\fastjson\util\AntiCollisionHashMap.java,com.alibaba.fastjson.util.AntiCollisionHashMap$EntryIterator,innerclass,4,4,0,4,1,2,0,1,0,0.0,NaN,NaN,1,0,1,0,0,0,1,0,0,0,0,0,0,0,0,0,0,0,0,5,1,0,0,0,0,0,0,0,0,0,0,0,0,0,3,18,0
D:\Others\assignment\FADI_WEDYAN_OOPS\Assignment-2\1\fastjson-master\src\main\java\com\alibaba\fastjson\parser\deserializer\MapDeserializer.java,com.alibaba.fastjson.parser.deserializer.MapDeserializer,class,15,18,3,15,91,2,0,63,36,1.0,0.0,0.0,9,3,7,0,2,0,9,0,0,0,1,1,1,0,0,0,0,0,6,341,32,4,49,5,4,29,13,64,9,41,6,0,0,0,79,1,0
D:\Others\assignment\FADI_WEDYAN_OOPS\Assignment-2\1\fastjson-master\src\main\java\com\alibaba\fastjson\serializer\SimplePropertyPreFilter.java,com.alibaba.fastjson.serializer.SimplePropertyPreFilter,class,3,5,2,3,18,1,2,4,10,0.65625,0.0,0.0,8,0,8,0,0,0,8,0,0,0,4,0,0,4,0,0,3,0,0,56,9,2,5,0,0,0,4,8,0,6,3,0,0,0,33,1,0
D:\Others\assignment\FADI_WEDYAN_OOPS\Assignment-2\1\fastjson-master\src\main\java\com\alibaba\fastjson\serializer\AutowiredObjectSerializer.java,com.alibaba.fastjson.serializer.AutowiredObjectSerializer,interface,1,2,1,1,1,1,0,0,0,0.0,NaN,NaN,1,0,0,0,0,1,1,0,0,0,0,0,0,0,0,0,0,0,0,3,0,0,0,0,0,0,0,0,0,0,0,0,0,0,5,1,0
D:\Others\assignment\FADI_WEDYAN_OOPS\Assignment-2\1\fastjson-master\src\main\java\com\alibaba\fastjson\support\springfox\SwaggerJsonSerializer.java,com.alibaba.fastjson.support.springfox.SwaggerJsonSerializer,class,5,6,1,5,1,1,0,3,0,1.0,NaN,NaN,1,0,1,0,0,0,1,0,0,0,1,1,1,0,0,0,1,0,0,9,0,0,0,0,0,0,0,4,0,4,0,0,0,0,23,1,0
D:\Others\assignment\FADI_WEDYAN_OOPS\Assignment-2\1\fastjson-master\src\main\java\com\alibaba\fastjson\serializer\SimpleDateFormatSerializer.java,com.alibaba.fastjson.serializer.SimpleDateFormatSerializer,class,3,3,0,3,3,1,0,4,0,0.0,0.0,0.0,2,0,2,0,0,0,2,0,0,0,1,0,0,1,0,0,1,0,0,17,1,0,1,0,0,0,0,4,0,4,1,0,0,0,20,1,0
D:\Others\assignment\FADI_WEDYAN_OOPS\Assignment-2\1\fastjson-master\src\main\java\com\alibaba\fastjson\serializer\StringCodec.java,com.alibaba.fastjson.serializer.StringCodec,class,8,11,3,8,15,1,0,11,10,1.0,0.0,0.0,5,1,5,0,0,0,5,0,0,0,1,1,1,0,0,0,0,0,1,64,13,0,10,0,0,2,0,12,0,12,2,0,0,0,38,1,0
D:\Others\assignment\FADI_WEDYAN_OOPS\Assignment-2\1\fastjson-master\src\main\java\com\alibaba\fastjson\support\geo\Point.java,com.alibaba.fastjson.support.geo.Point,class,4,5,1,4,10,2,0,0,0,0.42857143,0.0,0.0,7,0,7,0,0,0,7,0,0,0,2,0,0,2,0,0,0,0,0,35,5,0,3,0,0,5,7,7,0,2,1,0,0,0,16,1,0
D:\Others\assignment\FADI_WEDYAN_OOPS\Assignment-2\1\fastjson-master\src\main\java\com\alibaba\fastjson\serializer\SerializeFilterable.java,com.alibaba.fastjson.serializer.SerializeFilterable,class,14,22,8,14,68,1,3,29,23,0.8370371,0.0,0.0,15,0,11,0,4,0,15,0,0,0,9,0,0,0,9,0,0,0,2,191,19,10,25,0,4,0,2,38,0,12,3,0,0,0,52,1025,0
D:\Others\assignment\FADI_WEDYAN_OOPS\Assignment-2\1\fastjson-master\src\main\java\com\alibaba\fastjson\support\spring\PropertyPreFilters.java,com.alibaba.fastjson.support.spring.PropertyPreFilters$MySimplePropertyPreFilter,innerclass,2,2,0,2,7,2,0,3,10,0.0,0.0,0.0,5,0,5,0,0,0,5,0,0,0,0,0,0,0,0,0,0,0,0,22,2,2,0,0,0,0,2,2,0,2,1,0,0,0,11,1,0
D:\Others\assignment\FADI_WEDYAN_OOPS\Assignment-2\1\fastjson-master\src\main\java\com\alibaba\fastjson\JSONStreamAware.java,com.alibaba.fastjson.JSONStreamAware,interface,0,4,4,0,1,1,0,0,0,0.0,NaN,NaN,1,0,0,0,0,1,1,0,0,0,0,0,0,0,0,0,0,0,0,3,0,0,0,0,0,0,0,0,0,0,0,0,0,0,25,1,0
D:\Others\assignment\FADI_WEDYAN_OOPS\Assignment-2\1\fastjson-master\src\main\java\com\alibaba\fastjson\asm\MethodWriter.java,com.alibaba.fastjson.asm.MethodWriter,class,8,13,5,8,39,1,0,14,0,0.74000007,0.0,0.0,15,0,13,0,0,2,15,0,2,0,10,0,0,6,0,4,3,0,1,153,1,2,9,0,5,4,45,33,17,24,2,0,0,0,103,1,0
D:\Others\assignment\FADI_WEDYAN_OOPS\Assignment-2\1\fastjson-master\src\main\java\com\alibaba\fastjson\util\AntiCollisionHashMap.java,com.alibaba.fastjson.util.AntiCollisionHashMap$EntrySet,innerclass,4,4,0,4,8,3,0,6,10,0.0,0.0,0.0,5,0,5,0,0,0,5,0,0,0,0,0,0,0,0,0,0,0,0,20,5,0,2,0,1,0,0,2,0,2,1,0,0,0,17,18,0
D:\Others\assignment\FADI_WEDYAN_OOPS\Assignment-2\1\fastjson-master\src\main\java\com\alibaba\fastjson\support\spring\PropertyPreFilters.java,com.alibaba.fastjson.support.spring.PropertyPreFilters,class,2,5,3,2,6,2,0,2,0,0.0,0.0,0.0,6,0,6,0,0,0,6,0,0,0,1,0,0,1,0,0,0,0,0,49,5,0,0,0,0,0,0,5,0,4,0,0,1,0,15,1,0
D:\Others\assignment\FADI_WEDYAN_OOPS\Assignment-2\1\fastjson-master\src\main\java\com\alibaba\fastjson\util\IOUtils.java,com.alibaba.fastjson.util.IOUtils$Anonymous1,anonymous,0,0,0,0,2,1,0,4,0,0.0,NaN,NaN,1,0,1,0,0,0,1,0,0,0,0,0,0,0,0,0,0,0,2,11,2,0,1,0,0,0,0,1,0,1,1,0,0,0,19,-1,0
D:\Others\assignment\FADI_WEDYAN_OOPS\Assignment-2\1\fastjson-master\src\main\java\com\alibaba\fastjson\JSONPath.java,com.alibaba.fastjson.JSONPath$IntInSegement,innerclass,4,4,0,4,6,2,0,2,0,0.0,0.0,0.0,2,0,2,0,0,0,2,0,0,0,2,0,0,2,0,0,2,0,1,24,3,1,2,0,0,0,0,4,0,4,3,0,0,0,23,8,0
D:\Others\assignment\FADI_WEDYAN_OOPS\Assignment-2\1\fastjson-master\src\main\java\com\alibaba\fastjson\serializer\CalendarCodec.java,com.alibaba.fastjson.serializer.CalendarCodec,class,14,16,2,14,26,2,0,31,15,0.8333333,0.0,0.0,6,0,6,0,0,0,6,0,0,0,2,1,1,1,0,0,1,0,19,142,9,0,10,1,4,7,31,31,6,27,3,0,0,0,75,1,0
D:\Others\assignment\FADI_WEDYAN_OOPS\Assignment-2\1\fastjson-master\src\main\java\com\alibaba\fastjson\support\geo\Geometry.java,com.alibaba.fastjson.support.geo.Geometry,class,11,20,9,11,4,1,9,0,2,0.5,0.0,0.0,4,0,3,0,1,0,4,0,0,0,2,0,0,2,0,0,1,0,0,16,2,0,0,0,0,1,0,2,0,2,0,0,0,0,9,1025,0
D:\Others\assignment\FADI_WEDYAN_OOPS\Assignment-2\1\fastjson-master\src\main\java\com\alibaba\fastjson\util\AntiCollisionHashMap.java,com.alibaba.fastjson.util.AntiCollisionHashMap$Values,innerclass,2,2,0,2,4,2,0,3,6,0.0,0.0,0.0,4,0,4,0,0,0,4,0,0,0,0,0,0,0,0,0,0,0,0,14,3,0,0,0,0,0,0,0,0,0,0,0,0,0,10,18,0
D:\Others\assignment\FADI_WEDYAN_OOPS\Assignment-2\1\fastjson-master\src\main\java\com\alibaba\fastjson\util\TypeUtils.java,com.alibaba.fastjson.util.TypeUtils,class,38,96,58,38,894,1,0,301,4896,0.98557717,0.0,0.0,100,100,83,13,0,4,89,0,0,0,52,52,5,47,0,0,5,0,261,2897,344,45,336,45,73,186,286,605,99,396,7,8,1,0,363,1,0
D:\Others\assignment\FADI_WEDYAN_OOPS\Assignment-2\1\fastjson-master\src\main\java\com\alibaba\fastjson\JSONPath.java,com.alibaba.fastjson.JSONPath$ValueSegment,innerclass,2,2,0,2,4,2,0,2,0,0.0,0.0,0.0,2,0,2,0,0,0,2,0,0,0,2,0,0,2,0,0,1,0,0,20,1,0,1,0,0,1,0,6,0,4,1,0,0,0,23,8,0
D:\Others\assignment\FADI_WEDYAN_OOPS\Assignment-2\1\fastjson-master\src\main\java\com\alibaba\fastjson\parser\DefaultExtJSONParser.java,com.alibaba.fastjson.parser.DefaultExtJSONParser,class,3,3,0,3,4,2,0,1,6,0.0,0.0,0.0,4,0,4,0,0,0,4,0,0,0,0,0,0,0,0,0,0,0,1,14,0,0,0,0,0,0,0,0,0,0,0,0,0,0,11,1,0
D:\Others\assignment\FADI_WEDYAN_OOPS\Assignment-2\1\fastjson-master\src\main\java\com\alibaba\fastjson\parser\deserializer\ASMDeserializerFactory.java,com.alibaba.fastjson.parser.deserializer.ASMDeserializerFactory,class,28,30,2,28,157,1,0,75,128,0.7708334,0.0,0.0,24,0,2,22,0,0,2,0,0,0,4,2,1,0,1,2,4,0,150,1546,6,10,83,0,9,660,142,138,66,133,4,0,1,0,171,1,0
D:\Others\assignment\FADI_WEDYAN_OOPS\Assignment-2\1\fastjson-master\src\main\java\com\alibaba\fastjson\serializer\MiscCodec.java,com.alibaba.fastjson.serializer.MiscCodec,class,17,19,2,17,75,1,0,68,10,0.84999996,0.0,0.0,5,1,3,1,1,0,5,0,0,0,4,4,1,3,0,0,1,0,15,318,32,2,37,4,6,30,6,54,3,40,4,0,0,0,121,1,0
D:\Others\assignment\FADI_WEDYAN_OOPS\Assignment-2\1\fastjson-master\src\main\java\com\alibaba\fastjson\support\spring\FastjsonSockJsMessageCodec.java,com.alibaba.fastjson.support.spring.FastjsonSockJsMessageCodec,class,5,5,0,5,3,2,0,5,3,0.0,0.0,0.0,3,0,2,0,1,0,3,0,0,0,0,0,0,0,0,0,0,0,2,19,3,0,0,1,0,0,0,2,0,2,1,0,0,0,24,1,0
D:\Others\assignment\FADI_WEDYAN_OOPS\Assignment-2\1\fastjson-master\src\main\java\com\alibaba\fastjson\serializer\IntegerCodec.java,com.alibaba.fastjson.serializer.IntegerCodec,class,11,13,2,11,15,1,0,18,3,1.0,0.0,0.0,3,0,3,0,0,0,3,0,0,0,1,1,1,0,0,0,0,0,4,72,5,0,9,1,1,3,0,16,1,12,3,0,0,0,48,1,0
D:\Others\assignment\FADI_WEDYAN_OOPS\Assignment-2\1\fastjson-master\src\main\java\com\alibaba\fastjson\asm\TypeCollector.java,com.alibaba.fastjson.asm.TypeCollector$Anonymous1,anonymous,0,0,0,0,1,1,0,1,0,0.0,NaN,NaN,0,0,0,0,0,0,1,0,0,0,0,0,0,0,0,0,0,0,0,12,0,0,0,0,0,16,0,0,0,0,0,0,0,0,1,-1,0
D:\Others\assignment\FADI_WEDYAN_OOPS\Assignment-2\1\fastjson-master\src\main\java\com\alibaba\fastjson\serializer\GuavaCodec.java,com.alibaba.fastjson.serializer.GuavaCodec,class,10,11,1,10,8,1,0,10,3,1.0,0.0,0.0,3,0,3,0,0,0,3,0,0,0,1,1,1,0,0,0,0,0,0,34,3,1,1,0,1,0,1,8,0,7,3,0,0,0,44,1,0
D:\Others\assignment\FADI_WEDYAN_OOPS\Assignment-2\1\fastjson-master\src\main\java\com\alibaba\fastjson\serializer\JSONAwareSerializer.java,com.alibaba.fastjson.serializer.JSONAwareSerializer,class,5,6,1,5,2,1,0,3,0,1.0,NaN,NaN,1,0,1,0,0,0,1,0,0,0,1,1,1,0,0,0,0,0,0,12,1,0,1,0,0,0,0,3,0,3,1,0,0,0,19,1,0
D:\Others\assignment\FADI_WEDYAN_OOPS\Assignment-2\1\fastjson-master\src\main\java\com\alibaba\fastjson\util\ModuleUtil.java,com.alibaba.fastjson.util.ModuleUtil,class,6,8,2,6,9,1,0,4,0,0.0,0.0,0.0,3,3,3,0,0,0,4,0,0,0,1,1,0,1,0,0,0,0,1,35,6,0,0,2,0,1,0,3,0,1,2,0,0,0,23,1,0
D:\Others\assignment\FADI_WEDYAN_OOPS\Assignment-2\1\fastjson-master\src\main\java\com\alibaba\fastjson\util\AntiCollisionHashMap.java,com.alibaba.fastjson.util.AntiCollisionHashMap$KeySet,innerclass,2,2,0,2,6,3,0,4,10,0.0,0.0,0.0,5,0,5,0,0,0,5,0,0,0,0,0,0,0,0,0,0,0,0,17,4,0,1,0,0,0,0,0,0,0,0,0,0,0,12,18,0
D:\Others\assignment\FADI_WEDYAN_OOPS\Assignment-2\1\fastjson-master\src\main\java\com\alibaba\fastjson\util\RyuDouble.java,com.alibaba.fastjson.util.RyuDouble,class,3,5,2,3,108,1,0,14,1,0.5,0.0,0.0,2,2,2,0,0,0,3,0,0,0,2,2,0,2,0,0,2,0,6,498,8,15,40,0,119,3,352,256,249,131,7,0,0,0,126,17,0
D:\Others\assignment\FADI_WEDYAN_OOPS\Assignment-2\1\fastjson-master\src\main\java\com\alibaba\fastjson\serializer\JSONSerializableSerializer.java,com.alibaba.fastjson.serializer.JSONSerializableSerializer,class,4,5,1,4,2,1,0,2,0,1.0,NaN,NaN,1,0,1,0,0,0,1,0,0,0,1,1,1,0,0,0,0,0,0,11,1,0,1,0,1,0,0,2,0,2,1,0,0,0,16,1,0
D:\Others\assignment\FADI_WEDYAN_OOPS\Assignment-2\1\fastjson-master\src\main\java\com\alibaba\fastjson\serializer\PascalNameFilter.java,com.alibaba.fastjson.serializer.PascalNameFilter,class,2,2,0,2,3,1,0,3,0,0.0,NaN,NaN,1,0,1,0,0,0,1,0,0,0,0,0,0,0,0,0,0,0,1,11,2,0,2,0,0,0,3,3,0,2,1,0,0,0,10,1,0
D:\Others\assignment\FADI_WEDYAN_OOPS\Assignment-2\1\fastjson-master\src\main\java\com\alibaba\fastjson\parser\deserializer\ExtraProcessable.java,com.alibaba.fastjson.parser.deserializer.ExtraProcessable,interface,0,2,2,0,1,1,0,0,0,0.0,NaN,NaN,1,0,0,0,0,1,1,0,0,0,0,0,0,0,0,0,0,0,0,3,0,0,0,0,0,0,0,0,0,0,0,0,0,0,5,1,0
D:\Others\assignment\FADI_WEDYAN_OOPS\Assignment-2\1\fastjson-master\src\main\java\com\alibaba\fastjson\support\spring\FastJsonRedisSerializer.java,com.alibaba.fastjson.support.spring.FastJsonRedisSerializer,class,6,6,0,6,10,1,0,11,0,0.4,0.0,0.0,5,0,5,0,0,0,5,0,0,0,2,0,0,2,0,0,0,0,2,35,5,0,3,2,0,2,2,3,2,2,1,0,0,0,21,1,0
D:\Others\assignment\FADI_WEDYAN_OOPS\Assignment-2\1\fastjson-master\src\main\java\com\alibaba\fastjson\parser\deserializer\TimeDeserializer.java,com.alibaba.fastjson.parser.deserializer.TimeDeserializer,class,9,10,1,9,17,1,0,15,1,1.0,0.0,0.0,2,0,2,0,0,0,2,0,0,0,1,1,1,0,0,0,1,0,3,68,9,1,6,0,1,5,2,12,0,10,4,0,0,0,39,1,0
D:\Others\assignment\FADI_WEDYAN_OOPS\Assignment-2\1\fastjson-master\src\main\java\com\alibaba\fastjson\JSONObject.java,com.alibaba.fastjson.JSONObject,class,11,33,22,11,122,4,0,67,726,0.8154762,0.0,0.0,56,0,55,1,0,0,55,0,0,0,3,2,0,3,0,0,3,0,40,452,76,1,37,1,3,14,26,64,3,50,4,0,1,0,131,1,0
D:\Others\assignment\FADI_WEDYAN_OOPS\Assignment-2\1\fastjson-master\src\main\java\com\alibaba\fastjson\parser\deserializer\SqlDateDeserializer.java,com.alibaba.fastjson.parser.deserializer.SqlDateDeserializer,class,9,10,1,9,31,3,0,16,8,0.8666666,0.0,0.0,5,0,3,0,2,0,5,0,0,0,3,2,2,1,0,0,2,0,5,111,15,0,12,4,4,4,9,22,1,16,4,0,0,0,43,1,0
D:\Others\assignment\FADI_WEDYAN_OOPS\Assignment-2\1\fastjson-master\src\main\java\com\alibaba\fastjson\asm\TypeCollector.java,com.alibaba.fastjson.asm.TypeCollector,class,5,9,4,5,23,1,0,18,7,0.7142857,0.0,0.0,7,0,5,1,1,0,6,0,0,0,6,2,0,4,2,0,3,0,3,84,10,3,5,0,0,4,8,16,2,12,2,1,0,0,41,1,0
D:\Others\assignment\FADI_WEDYAN_OOPS\Assignment-2\1\fastjson-master\src\main\java\com\alibaba\fastjson\serializer\CharacterCodec.java,com.alibaba.fastjson.serializer.CharacterCodec,class,8,9,1,8,6,1,0,5,3,1.0,0.0,0.0,3,0,3,0,0,0,3,0,0,0,1,1,1,0,0,0,1,0,1,25,3,0,3,0,0,3,1,5,0,5,1,0,0,0,32,1,0
D:\Others\assignment\FADI_WEDYAN_OOPS\Assignment-2\1\fastjson-master\src\main\java\com\alibaba\fastjson\asm\Label.java,com.alibaba.fastjson.asm.Label,class,5,10,5,5,13,1,0,4,2,0.7291667,0.0,0.0,4,0,1,1,0,2,3,0,0,0,12,4,0,2,0,10,4,0,1,69,0,1,3,0,6,0,18,22,8,18,2,0,0,0,269,1,0
D:\Others\assignment\FADI_WEDYAN_OOPS\Assignment-2\1\fastjson-master\src\main\java\com\alibaba\fastjson\parser\ParserConfig.java,com.alibaba.fastjson.parser.ParserConfig$Anonymous1,anonymous,1,1,0,1,1,1,0,1,0,0.0,NaN,NaN,1,0,1,0,0,0,1,0,0,0,0,0,0,0,0,0,0,0,0,9,1,0,0,0,0,0,0,0,0,0,0,0,0,0,3,-1,0
D:\Others\assignment\FADI_WEDYAN_OOPS\Assignment-2\1\fastjson-master\src\main\java\com\alibaba\fastjson\JSONValidator.java,com.alibaba.fastjson.JSONValidator$UTF8Validator,innerclass,3,3,0,3,3,2,0,2,0,0.0,0.0,0.0,2,0,1,0,0,1,2,0,0,0,1,0,0,1,0,0,1,0,0,18,0,0,0,0,0,0,0,4,0,1,1,0,0,0,17,8,0
D:\Others\assignment\FADI_WEDYAN_OOPS\Assignment-2\1\fastjson-master\src\main\java\com\alibaba\fastjson\parser\ParserConfig.java,com.alibaba.fastjson.parser.ParserConfig$Anonymous2,anonymous,0,0,0,0,4,1,0,0,0,0.0,NaN,NaN,1,0,1,0,0,0,1,0,0,0,0,0,0,0,0,0,0,0,0,5,1,0,3,0,0,0,0,0,0,0,0,0,0,0,3,-1,0
D:\Others\assignment\FADI_WEDYAN_OOPS\Assignment-2\1\fastjson-master\src\main\java\com\alibaba\fastjson\asm\FieldWriter.java,com.alibaba.fastjson.asm.FieldWriter,class,3,7,4,3,5,1,0,2,4,0.5625,0.0,0.0,4,0,2,0,0,2,4,0,0,0,4,0,0,3,0,1,3,0,0,29,1,0,1,0,0,0,3,8,0,6,1,0,0,0,49,17,0
D:\Others\assignment\FADI_WEDYAN_OOPS\Assignment-2\1\fastjson-master\src\main\java\com\alibaba\fastjson\util\JavaBeanInfo.java,com.alibaba.fastjson.util.JavaBeanInfo,class,13,19,6,13,282,1,0,112,2,0.8247863,0.0,0.0,13,12,7,4,0,2,9,0,0,0,18,0,18,0,0,0,13,0,114,909,25,33,134,4,13,30,103,288,6,170,7,0,0,0,124,1,0
D:\Others\assignment\FADI_WEDYAN_OOPS\Assignment-2\1\fastjson-master\src\main\java\com\alibaba\fastjson\serializer\SerializeConfig.java,com.alibaba.fastjson.serializer.SerializeConfig,class,40,50,10,40,211,1,1,100,275,0.91826916,0.0,0.0,26,2,22,3,1,0,23,0,3,0,16,7,2,13,1,0,4,0,35,696,44,20,57,12,11,61,14,161,2,81,7,0,0,0,141,1,0
D:\Others\assignment\FADI_WEDYAN_OOPS\Assignment-2\1\fastjson-master\src\main\java\com\alibaba\fastjson\serializer\AtomicCodec.java,com.alibaba.fastjson.serializer.AtomicCodec,class,9,10,1,9,17,1,0,20,3,1.0,0.0,0.0,3,0,3,0,0,0,3,0,0,0,1,1,1,0,0,0,1,0,0,73,9,4,5,0,0,3,6,18,0,18,3,0,0,0,40,1,0
D:\Others\assignment\FADI_WEDYAN_OOPS\Assignment-2\1\fastjson-master\src\main\java\com\alibaba\fastjson\support\geo\Feature.java,com.alibaba.fastjson.support.geo.Feature,class,2,4,2,2,7,2,0,0,15,0.7142857,0.0,0.0,7,0,7,0,0,0,7,0,0,0,3,0,0,3,0,0,0,0,0,26,3,0,0,0,0,7,0,4,0,3,0,0,0,0,11,1,0
D:\Others\assignment\FADI_WEDYAN_OOPS\Assignment-2\1\fastjson-master\src\main\java\com\alibaba\fastjson\JSONPatch.java,com.alibaba.fastjson.JSONPatch,class,6,7,1,6,17,1,0,15,3,0.0,0.0,0.0,3,3,2,1,0,0,2,0,0,0,0,0,0,0,0,0,0,0,9,70,7,2,5,0,0,2,1,10,1,9,4,0,2,0,26,1,0
D:\Others\assignment\FADI_WEDYAN_OOPS\Assignment-2\1\fastjson-master\src\main\java\com\alibaba\fastjson\serializer\JSONSerializerMap.java,com.alibaba.fastjson.serializer.JSONSerializerMap,class,2,2,0,2,1,2,0,1,0,0.0,NaN,NaN,1,0,1,0,0,0,1,0,1,0,0,0,0,0,0,0,0,0,0,5,1,0,0,0,0,0,0,0,0,0,0,0,0,0,11,1,0
D:\Others\assignment\FADI_WEDYAN_OOPS\Assignment-2\1\fastjson-master\src\main\java\com\alibaba\fastjson\TypeReference.java,com.alibaba.fastjson.TypeReference$Anonymous1,anonymous,0,0,0,0,0,1,0,0,0,0.0,-1.0,-1.0,0,0,0,0,0,0,0,0,0,0,0,0,0,0,0,0,0,0,0,2,0,0,0,0,0,0,0,0,0,0,0,0,0,0,0,-1,0
D:\Others\assignment\FADI_WEDYAN_OOPS\Assignment-2\1\fastjson-master\src\main\java\com\alibaba\fastjson\serializer\FieldSerializer.java,com.alibaba.fastjson.serializer.FieldSerializer,class,16,20,4,16,83,1,0,39,0,0.6444444,0.0,0.0,6,0,6,0,0,0,6,0,0,0,15,0,1,5,9,0,3,0,7,263,19,3,47,0,11,3,5,62,3,36,4,0,1,0,83,1,0
D:\Others\assignment\FADI_WEDYAN_OOPS\Assignment-2\1\fastjson-master\src\main\java\com\alibaba\fastjson\parser\JSONReaderScanner.java,com.alibaba.fastjson.parser.JSONReaderScanner,class,7,10,3,7,77,2,0,13,13,0.70454544,0.0,0.0,22,0,20,0,2,0,22,0,13,0,4,1,0,4,0,0,1,0,10,249,23,3,33,4,1,4,49,50,23,28,3,0,0,0,99,17,0
D:\Others\assignment\FADI_WEDYAN_OOPS\Assignment-2\1\fastjson-master\src\main\java\com\alibaba\fastjson\serializer\ValueFilter.java,com.alibaba.fastjson.serializer.ValueFilter,interface,1,3,2,1,1,1,0,0,0,0.0,NaN,NaN,1,0,0,0,0,1,1,0,0,0,0,0,0,0,0,0,0,0,0,3,0,0,0,0,0,0,0,0,0,0,0,0,0,0,6,1,0
D:\Others\assignment\FADI_WEDYAN_OOPS\Assignment-2\1\fastjson-master\src\main\java\com\alibaba\fastjson\JSONPathException.java,com.alibaba.fastjson.JSONPathException,class,1,5,4,1,2,5,0,0,1,0.0,0.0,0.0,2,0,2,0,0,0,2,0,0,0,0,0,0,0,0,0,0,0,0,8,0,0,0,0,0,1,0,0,0,0,0,0,0,0,9,1,0
D:\Others\assignment\FADI_WEDYAN_OOPS\Assignment-2\1\fastjson-master\src\main\java\com\alibaba\fastjson\support\geo\MultiPoint.java,com.alibaba.fastjson.support.geo.MultiPoint,class,3,4,1,3,3,2,0,0,1,0.33333334,0.0,0.0,3,0,3,0,0,0,3,0,0,0,1,0,0,1,0,0,0,0,0,12,1,0,0,0,0,5,0,1,0,1,0,0,0,0,9,1,0
D:\Others\assignment\FADI_WEDYAN_OOPS\Assignment-2\1\fastjson-master\src\main\java\com\alibaba\fastjson\serializer\Labels.java,com.alibaba.fastjson.serializer.Labels,class,2,3,1,2,2,1,0,0,1,0.0,0.0,0.0,2,2,2,0,0,0,2,0,0,0,0,0,0,0,0,0,0,0,0,30,2,0,0,0,0,0,0,0,0,0,0,0,1,0,7,1,0
D:\Others\assignment\FADI_WEDYAN_OOPS\Assignment-2\1\fastjson-master\src\main\java\com\alibaba\fastjson\parser\deserializer\ThrowableDeserializer.java,com.alibaba.fastjson.parser.deserializer.ThrowableDeserializer,class,11,14,3,11,47,2,0,33,6,0.0,0.0,0.0,4,0,3,1,0,0,3,0,0,0,0,0,0,0,0,0,0,0,1,167,7,3,29,1,0,10,6,36,1,20,5,0,0,0,49,1,0
D:\Others\assignment\FADI_WEDYAN_OOPS\Assignment-2\1\fastjson-master\src\main\java\com\alibaba\fastjson\util\RyuFloat.java,com.alibaba.fastjson.util.RyuFloat,class,3,5,2,3,63,1,0,3,1,0.5,0.0,0.0,2,2,2,0,0,0,2,0,0,0,2,2,0,2,0,0,2,0,3,267,7,12,25,0,87,0,346,152,162,71,4,0,0,0,94,17,0
D:\Others\assignment\FADI_WEDYAN_OOPS\Assignment-2\1\fastjson-master\src\main\java\com\alibaba\fastjson\parser\deserializer\PropertyProcessable.java,com.alibaba.fastjson.parser.deserializer.PropertyProcessable,interface,1,4,3,1,2,1,0,0,1,0.0,0.0,0.0,2,0,0,0,0,2,2,0,0,0,0,0,0,0,0,0,0,0,0,4,0,0,0,0,0,0,0,0,0,0,0,0,0,0,15,1,0
D:\Others\assignment\FADI_WEDYAN_OOPS\Assignment-2\1\fastjson-master\src\main\java\com\alibaba\fastjson\JSONPath.java,com.alibaba.fastjson.JSONPath$IntObjInSegement,innerclass,3,3,0,3,9,2,0,3,0,0.0,0.0,0.0,2,0,2,0,0,0,2,0,0,0,2,0,0,2,0,0,2,0,1,32,4,2,4,0,0,0,0,4,0,4,3,0,0,0,24,8,0
D:\Others\assignment\FADI_WEDYAN_OOPS\Assignment-2\1\fastjson-master\src\main\java\com\alibaba\fastjson\serializer\CharArrayCodec.java,com.alibaba.fastjson.serializer.CharArrayCodec,class,8,10,2,8,13,1,0,12,3,0.0,0.0,0.0,3,1,3,0,0,0,3,0,0,0,0,0,0,0,0,0,0,0,2,48,7,2,4,0,3,3,3,11,0,9,4,0,0,0,40,1,0
D:\Others\assignment\FADI_WEDYAN_OOPS\Assignment-2\1\fastjson-master\src\main\java\com\alibaba\fastjson\parser\deserializer\ASMDeserializerFactory.java,com.alibaba.fastjson.parser.deserializer.ASMDeserializerFactory$Context,innerclass,6,6,0,6,18,1,0,11,28,0.8518518,0.0,0.0,9,0,8,0,0,1,9,0,0,0,9,3,0,6,0,3,7,0,4,70,10,1,4,0,0,6,6,19,6,14,3,0,0,0,37,8,0
D:\Others\assignment\FADI_WEDYAN_OOPS\Assignment-2\1\fastjson-master\src\main\java\com\alibaba\fastjson\asm\MethodVisitor.java,com.alibaba.fastjson.asm.MethodVisitor,interface,1,4,3,1,12,1,0,0,66,0.0,0.0,0.0,12,0,0,0,0,12,12,0,0,0,0,0,0,0,0,0,0,0,0,14,0,0,0,0,0,0,0,0,0,0,0,0,0,0,122,1,0
D:\Others\assignment\FADI_WEDYAN_OOPS\Assignment-2\1\fastjson-master\src\main\java\com\alibaba\fastjson\support\geo\GeometryCollection.java,com.alibaba.fastjson.support.geo.GeometryCollection,class,2,3,1,2,2,2,0,0,1,0.5,0.0,0.0,2,0,2,0,0,0,2,0,0,0,1,0,0,1,0,0,0,0,0,9,1,0,0,0,0,5,0,1,0,1,0,0,0,0,7,1,0
D:\Others\assignment\FADI_WEDYAN_OOPS\Assignment-2\1\fastjson-master\src\main\java\com\alibaba\fastjson\parser\deserializer\NumberDeserializer.java,com.alibaba.fastjson.parser.deserializer.NumberDeserializer,class,7,8,1,7,37,1,0,23,1,1.0,0.0,0.0,2,0,2,0,0,0,2,0,0,0,1,1,1,0,0,0,1,0,17,101,17,0,24,3,0,7,0,14,5,12,3,0,0,0,34,1,0
D:\Others\assignment\FADI_WEDYAN_OOPS\Assignment-2\1\fastjson-master\src\main\java\com\alibaba\fastjson\serializer\LabelFilter.java,com.alibaba.fastjson.serializer.LabelFilter,interface,1,6,5,1,1,1,0,0,0,0.0,NaN,NaN,1,0,0,0,0,1,1,0,0,0,0,0,0,0,0,0,0,0,0,3,0,0,0,0,0,0,0,0,0,0,0,0,0,0,5,1,0
D:\Others\assignment\FADI_WEDYAN_OOPS\Assignment-2\1\fastjson-master\src\main\java\com\alibaba\fastjson\JSONValidator.java,com.alibaba.fastjson.JSONValidator$UTF8InputStreamValidator,innerclass,4,4,0,4,9,2,0,6,0,0.33333334,0.0,0.0,3,0,2,0,0,1,3,0,0,0,5,1,0,5,0,0,2,0,0,60,0,0,2,1,0,2,14,21,2,6,3,0,0,0,30,8,0
D:\Others\assignment\FADI_WEDYAN_OOPS\Assignment-2\1\fastjson-master\src\main\java\com\alibaba\fastjson\util\UTF8Decoder.java,com.alibaba.fastjson.util.UTF8Decoder,class,3,5,2,3,65,2,0,23,55,0.90909094,0.0,0.0,11,8,2,8,1,0,3,0,0,0,1,1,0,1,0,0,1,0,29,134,28,3,21,0,47,1,105,32,33,20,3,0,0,0,66,1,0
D:\Others\assignment\FADI_WEDYAN_OOPS\Assignment-2\1\fastjson-master\src\main\java\com\alibaba\fastjson\serializer\DoubleSerializer.java,com.alibaba.fastjson.serializer.DoubleSerializer,class,4,6,2,4,8,1,0,8,0,0.625,0.0,0.0,4,0,4,0,0,0,4,0,0,0,2,1,1,1,0,0,1,0,2,32,1,0,2,0,1,0,0,6,0,5,2,0,0,0,24,1,0
D:\Others\assignment\FADI_WEDYAN_OOPS\Assignment-2\1\fastjson-master\src\main\java\com\alibaba\fastjson\serializer\JavaBeanSerializer.java,com.alibaba.fastjson.serializer.JavaBeanSerializer,class,23,33,10,23,276,2,0,96,327,0.86451614,0.0,0.0,31,1,21,0,9,1,31,0,0,0,5,0,0,2,3,0,3,0,24,683,31,22,100,5,55,20,74,156,18,100,7,0,0,0,172,1,0
D:\Others\assignment\FADI_WEDYAN_OOPS\Assignment-2\1\fastjson-master\src\main\java\com\alibaba\fastjson\serializer\ASMSerializerFactory.java,com.alibaba.fastjson.serializer.ASMSerializerFactory,class,27,29,2,27,227,1,0,88,0,0.8149351,NaN,NaN,28,0,1,27,0,0,1,0,0,0,11,9,0,1,1,9,11,0,67,1677,7,10,100,0,11,676,112,186,71,155,6,0,1,0,173,1,0
D:\Others\assignment\FADI_WEDYAN_OOPS\Assignment-2\1\fastjson-master\src\main\java\com\alibaba\fastjson\support\geo\FeatureCollection.java,com.alibaba.fastjson.support.geo.FeatureCollection,class,3,4,1,3,2,2,0,0,1,0.5,0.0,0.0,2,0,2,0,0,0,2,0,0,0,1,0,0,1,0,0,0,0,0,9,1,0,0,0,0,5,0,1,0,1,0,0,0,0,8,1,0
D:\Others\assignment\FADI_WEDYAN_OOPS\Assignment-2\1\fastjson-master\src\main\java\com\alibaba\fastjson\support\spring\FastJsonHttpMessageConverter.java,com.alibaba.fastjson.support.spring.FastJsonHttpMessageConverter$Spring4TypeResolvableHelper,innerclass,2,2,0,2,19,1,0,13,3,0.6666667,NaN,NaN,3,3,0,3,0,0,1,0,0,0,1,1,0,1,0,0,0,0,5,71,8,2,7,1,0,1,1,17,0,11,5,0,0,0,30,10,0
D:\Others\assignment\FADI_WEDYAN_OOPS\Assignment-2\1\fastjson-master\src\main\java\com\alibaba\fastjson\JSONPath.java,com.alibaba.fastjson.JSONPath$MaxSegment,innerclass,5,5,0,5,7,1,0,4,1,1.0,0.0,0.0,2,0,2,0,0,0,2,0,0,0,1,1,1,0,0,0,1,0,1,28,1,1,2,0,1,0,1,6,0,4,3,0,0,0,26,8,0
D:\Others\assignment\FADI_WEDYAN_OOPS\Assignment-2\1\fastjson-master\src\main\java\com\alibaba\fastjson\parser\Feature.java,com.alibaba.fastjson.parser.Feature,enum,1,14,13,1,9,1,0,1,0,0.0,0.0,0.0,5,3,4,0,0,1,5,0,1,0,1,0,1,0,0,0,1,0,0,57,5,1,2,0,2,0,4,5,1,2,1,0,0,0,38,1,0
D:\Others\assignment\FADI_WEDYAN_OOPS\Assignment-2\1\fastjson-master\src\main\java\com\alibaba\fastjson\parser\ParseContext.java,com.alibaba.fastjson.parser.ParseContext,class,1,12,11,1,6,1,0,1,0,0.41666666,0.0,0.0,2,0,2,0,0,0,2,0,0,0,6,0,5,1,0,0,3,0,0,30,1,0,3,0,0,4,2,7,3,6,3,0,0,0,15,1,0
D:\Others\assignment\FADI_WEDYAN_OOPS\Assignment-2\1\fastjson-master\src\main\java\com\alibaba\fastjson\parser\ParserConfig.java,com.alibaba.fastjson.parser.ParserConfig,class,46,70,24,46,331,1,0,124,960,0.9490741,0.0,0.0,48,6,40,7,1,0,43,0,0,0,36,17,14,20,2,0,17,0,78,1027,72,23,127,11,20,77,251,241,29,142,5,2,1,0,233,1,0
D:\Others\assignment\FADI_WEDYAN_OOPS\Assignment-2\1\fastjson-master\src\main\java\com\alibaba\fastjson\parser\deserializer\AbstractDateDeserializer.java,com.alibaba.fastjson.parser.deserializer.AbstractDateDeserializer,class,11,15,4,11,37,2,2,31,3,0.0,0.0,0.0,3,0,2,0,1,0,3,1,0,0,0,0,0,0,0,0,0,0,1,158,3,0,16,7,1,17,3,33,1,13,6,0,0,0,50,1025,0
D:\Others\assignment\FADI_WEDYAN_OOPS\Assignment-2\1\fastjson-master\src\main\java\com\alibaba\fastjson\support\hsf\HSFJSONUtils.java,com.alibaba.fastjson.support.hsf.HSFJSONUtils,class,10,10,0,10,15,1,0,27,0,0.0,NaN,NaN,1,1,1,0,0,0,1,0,0,0,4,4,0,0,0,4,4,0,2,94,2,2,10,0,0,7,6,41,0,28,4,0,0,0,48,1,0
D:\Others\assignment\FADI_WEDYAN_OOPS\Assignment-2\1\fastjson-master\src\main\java\com\alibaba\fastjson\JSONPatch.java,com.alibaba.fastjson.JSONPatch$OperationType,enum,0,0,0,0,0,1,0,0,0,0.0,-1.0,-1.0,0,0,0,0,0,0,0,0,0,0,0,0,0,0,0,0,0,0,0,1,0,0,0,0,0,0,0,0,0,0,0,0,0,0,4,1,0
D:\Others\assignment\FADI_WEDYAN_OOPS\Assignment-2\1\fastjson-master\src\main\java\com\alibaba\fastjson\parser\deserializer\FieldTypeResolver.java,com.alibaba.fastjson.parser.deserializer.FieldTypeResolver,interface,1,3,2,1,1,1,0,0,0,0.0,NaN,NaN,1,0,0,0,0,1,1,0,0,0,0,0,0,0,0,0,0,0,0,3,0,0,0,0,0,0,0,0,0,0,0,0,0,0,9,1,0
D:\Others\assignment\FADI_WEDYAN_OOPS\Assignment-2\1\fastjson-master\src\main\java\com\alibaba\fastjson\parser\ParserConfig.java,com.alibaba.fastjson.parser.ParserConfig$AutoTypeCheckHandler,interface,0,0,0,0,1,1,0,0,0,0.0,NaN,NaN,1,0,0,0,0,1,1,0,0,0,0,0,0,0,0,0,0,0,0,3,0,0,0,0,0,0,0,0,0,0,0,0,0,0,6,1,0
D:\Others\assignment\FADI_WEDYAN_OOPS\Assignment-2\1\fastjson-master\src\main\java\com\alibaba\fastjson\util\AntiCollisionHashMap.java,com.alibaba.fastjson.util.AntiCollisionHashMap,class,4,12,8,4,121,10,0,44,249,0.89423066,0.0,0.0,39,2,17,9,0,13,30,0,3,0,16,7,0,2,0,14,9,0,21,463,40,22,47,1,42,2,45,139,20,88,3,0,8,0,372,1,0
D:\Others\assignment\FADI_WEDYAN_OOPS\Assignment-2\1\fastjson-master\src\main\java\com\alibaba\fastjson\JSONPath.java,com.alibaba.fastjson.JSONPath$MatchSegement,innerclass,2,2,0,2,15,2,0,6,0,0.0,0.0,0.0,2,0,2,0,0,0,2,0,0,0,5,0,0,5,0,0,5,0,0,59,6,2,8,0,0,0,3,15,1,10,3,0,0,0,29,8,0
D:\Others\assignment\FADI_WEDYAN_OOPS\Assignment-2\1\fastjson-master\src\main\java\com\alibaba\fastjson\support\spring\FastJsonpResponseBodyAdvice.java,com.alibaba.fastjson.support.spring.FastJsonpResponseBodyAdvice,class,13,14,1,13,12,1,0,12,22,0.7916667,0.0,0.0,8,0,5,0,3,0,8,0,0,0,3,2,1,2,0,0,3,0,1,42,5,1,1,0,2,6,0,7,0,6,3,0,0,0,121,1,0
D:\Others\assignment\FADI_WEDYAN_OOPS\Assignment-2\1\fastjson-master\src\main\java\com\alibaba\fastjson\JSONPath.java,com.alibaba.fastjson.JSONPath$IntBetweenSegement,innerclass,3,3,0,3,6,2,0,2,0,0.0,0.0,0.0,2,0,2,0,0,0,2,0,0,0,3,0,0,3,0,0,3,0,1,24,3,0,1,0,0,0,0,5,0,5,2,0,0,0,23,8,0
D:\Others\assignment\FADI_WEDYAN_OOPS\Assignment-2\1\fastjson-master\src\main\java\com\alibaba\fastjson\support\jaxrs\FastJsonAutoDiscoverable.java,com.alibaba.fastjson.support.jaxrs.FastJsonAutoDiscoverable,class,5,5,0,5,5,1,0,6,0,0.5,0.0,0.0,1,0,1,0,0,0,2,0,0,0,2,2,2,0,0,0,1,0,3,17,0,0,0,1,0,1,1,4,1,3,1,0,0,0,33,1,0
D:\Others\assignment\FADI_WEDYAN_OOPS\Assignment-2\1\fastjson-master\src\main\java\com\alibaba\fastjson\util\BiFunction.java,com.alibaba.fastjson.util.BiFunction,interface,3,5,2,3,1,1,0,0,0,0.0,NaN,NaN,1,0,0,0,0,1,1,0,0,0,0,0,0,0,0,0,0,0,0,3,0,0,0,0,0,0,0,0,0,0,0,0,0,0,15,1,0
D:\Others\assignment\FADI_WEDYAN_OOPS\Assignment-2\1\fastjson-master\src\main\java\com\alibaba\fastjson\JSONPath.java,com.alibaba.fastjson.JSONPath$Context,innerclass,1,1,0,1,1,1,0,0,0,0.33333334,NaN,NaN,1,0,1,0,0,0,1,0,0,0,3,0,0,0,0,3,2,0,0,9,0,0,0,0,0,0,0,2,0,3,0,0,0,0,5,10,0
D:\Others\assignment\FADI_WEDYAN_OOPS\Assignment-2\1\fastjson-master\src\main\java\com\alibaba\fastjson\serializer\ObjectArrayCodec.java,com.alibaba.fastjson.serializer.ObjectArrayCodec,class,12,13,1,12,38,1,0,43,10,1.0,0.0,0.0,5,0,4,1,0,0,4,0,1,0,1,1,1,0,0,0,1,0,8,190,10,5,15,1,1,6,13,52,1,39,6,0,0,0,66,1,0
D:\Others\assignment\FADI_WEDYAN_OOPS\Assignment-2\1\fastjson-master\src\main\java\com\alibaba\fastjson\JSONPath.java,com.alibaba.fastjson.JSONPath$StringInSegement,innerclass,2,2,0,2,6,2,0,2,0,0.0,0.0,0.0,2,0,2,0,0,0,2,0,0,0,2,0,0,2,0,0,2,0,0,21,3,1,2,0,0,0,0,3,0,3,2,0,0,0,20,8,0
D:\Others\assignment\FADI_WEDYAN_OOPS\Assignment-2\1\fastjson-master\src\main\java\com\alibaba\fastjson\JSONPath.java,com.alibaba.fastjson.JSONPath$WildCardSegment,innerclass,8,8,0,8,9,1,0,7,0,0.46666664,0.0,0.0,3,0,2,1,0,0,2,0,0,0,5,3,3,2,0,0,3,0,0,47,5,0,0,0,1,1,0,13,0,10,3,0,0,0,24,8,0
D:\Others\assignment\FADI_WEDYAN_OOPS\Assignment-2\1\fastjson-master\src\main\java\com\alibaba\fastjson\serializer\ToStringSerializer.java,com.alibaba.fastjson.serializer.ToStringSerializer,class,4,5,1,4,2,1,0,3,0,1.0,NaN,NaN,1,0,1,0,0,0,1,0,0,0,1,1,1,0,0,0,1,0,0,12,1,0,1,0,0,0,0,3,0,3,1,0,0,0,21,1,0
D:\Others\assignment\FADI_WEDYAN_OOPS\Assignment-2\1\fastjson-master\src\main\java\com\alibaba\fastjson\util\AntiCollisionHashMap.java,com.alibaba.fastjson.util.AntiCollisionHashMap$Entry,innerclass,3,3,0,3,13,1,0,6,5,0.67857146,0.0,0.0,7,0,6,0,0,1,7,0,6,0,4,0,0,0,0,4,2,0,0,41,8,0,6,0,6,1,2,11,1,10,1,0,0,0,31,8,0
D:\Others\assignment\FADI_WEDYAN_OOPS\Assignment-2\1\fastjson-master\src\main\java\com\alibaba\fastjson\parser\deserializer\PropertyProcessableDeserializer.java,com.alibaba.fastjson.parser.deserializer.PropertyProcessableDeserializer,class,5,6,1,5,4,1,0,2,1,0.33333334,0.0,0.0,3,0,3,0,0,0,3,0,0,0,1,0,1,0,0,0,1,0,0,20,2,0,0,1,0,1,0,3,0,3,1,0,0,0,29,1,0
D:\Others\assignment\FADI_WEDYAN_OOPS\Assignment-2\1\fastjson-master\src\main\java\com\alibaba\fastjson\JSONPath.java,com.alibaba.fastjson.JSONPath$FilterGroup,innerclass,2,2,0,2,7,1,0,2,0,0.0,0.0,0.0,2,0,2,0,0,0,2,0,0,0,2,0,0,2,0,0,0,0,0,28,4,2,0,0,0,0,1,2,0,2,3,0,0,0,17,8,0
D:\Others\assignment\FADI_WEDYAN_OOPS\Assignment-2\1\fastjson-master\src\main\java\com\alibaba\fastjson\serializer\ObjectSerializer.java,com.alibaba.fastjson.serializer.ObjectSerializer,interface,1,54,53,1,1,1,0,0,0,0.0,NaN,NaN,1,0,0,0,0,1,1,0,0,0,0,0,0,0,0,0,0,0,0,3,0,0,0,0,0,0,0,0,0,0,0,0,0,0,77,1,0
D:\Others\assignment\FADI_WEDYAN_OOPS\Assignment-2\1\fastjson-master\src\main\java\com\alibaba\fastjson\TypeReference.java,com.alibaba.fastjson.TypeReference,class,3,11,8,3,18,1,0,9,0,0.4,0.0,0.0,5,1,2,1,2,0,4,0,0,0,3,2,1,0,1,1,2,0,2,72,3,2,3,0,2,0,8,31,0,21,2,1,0,0,100,1,0
D:\Others\assignment\FADI_WEDYAN_OOPS\Assignment-2\1\fastjson-master\src\main\java\com\alibaba\fastjson\support\hsf\MethodLocator.java,com.alibaba.fastjson.support.hsf.MethodLocator,interface,0,1,1,0,1,1,0,0,0,0.0,NaN,NaN,1,0,0,0,0,1,1,0,0,0,0,0,0,0,0,0,0,0,0,3,0,0,0,0,0,0,0,0,0,0,0,0,0,0,4,1,0
D:\Others\assignment\FADI_WEDYAN_OOPS\Assignment-2\1\fastjson-master\src\main\java\com\alibaba\fastjson\JSONObject.java,com.alibaba.fastjson.JSONObject$SecureObjectInputStream,innerclass,2,2,0,2,19,3,0,16,8,0.6,0.0,0.0,5,1,1,0,3,1,5,0,0,0,2,2,0,0,0,2,0,0,3,61,2,3,6,2,0,4,10,16,3,12,3,0,0,0,38,8,0
D:\Others\assignment\FADI_WEDYAN_OOPS\Assignment-2\1\fastjson-master\src\main\java\com\alibaba\fastjson\util\ASMClassLoader.java,com.alibaba.fastjson.util.ASMClassLoader$Anonymous1,anonymous,1,1,0,1,1,1,0,1,0,0.0,NaN,NaN,1,0,1,0,0,0,1,0,0,0,0,0,0,0,0,0,0,0,0,5,1,0,0,0,0,0,0,0,0,0,0,0,0,0,2,-1,0
D:\Others\assignment\FADI_WEDYAN_OOPS\Assignment-2\1\fastjson-master\src\main\java\com\alibaba\fastjson\parser\deserializer\EnumDeserializer.java,com.alibaba.fastjson.parser.deserializer.EnumDeserializer,class,9,14,5,9,38,1,0,23,2,0.55,0.0,0.0,5,0,5,0,0,0,5,0,0,0,4,0,0,0,4,0,3,0,3,138,9,7,14,2,6,8,12,49,5,33,4,0,0,0,57,1,0
D:\Others\assignment\FADI_WEDYAN_OOPS\Assignment-2\1\fastjson-master\src\main\java\com\alibaba\fastjson\JSONPath.java,com.alibaba.fastjson.JSONPath$KeySetSegment,innerclass,5,5,0,5,2,1,0,1,1,1.0,0.0,0.0,2,0,2,0,0,0,2,0,0,0,1,1,1,0,0,0,1,0,0,9,1,0,0,0,0,0,0,1,0,1,0,0,0,0,20,8,0
D:\Others\assignment\FADI_WEDYAN_OOPS\Assignment-2\1\fastjson-master\src\main\java\com\alibaba\fastjson\parser\DefaultJSONParser.java,com.alibaba.fastjson.parser.DefaultJSONParser$ResolveTask,innerclass,2,2,0,2,1,1,0,0,0,0.5,NaN,NaN,1,0,1,0,0,0,1,0,0,0,4,0,4,0,0,0,2,0,0,10,0,0,0,0,0,0,0,2,0,4,0,0,0,0,11,9,0
D:\Others\assignment\FADI_WEDYAN_OOPS\Assignment-2\1\fastjson-master\src\main\java\com\alibaba\fastjson\parser\deserializer\ExtraTypeProvider.java,com.alibaba.fastjson.parser.deserializer.ExtraTypeProvider,interface,1,4,3,1,1,1,0,0,0,0.0,NaN,NaN,1,0,0,0,0,1,1,0,0,0,0,0,0,0,0,0,0,0,0,3,0,0,0,0,0,0,0,0,0,0,0,0,0,0,8,1,0
D:\Others\assignment\FADI_WEDYAN_OOPS\Assignment-2\1\fastjson-master\src\main\java\com\alibaba\fastjson\JSONPath.java,com.alibaba.fastjson.JSONPath$RefOpSegement,innerclass,5,5,0,5,25,2,0,5,0,0.0,0.0,0.0,2,0,2,0,0,0,2,0,0,0,2,0,0,2,0,0,2,0,3,59,15,0,5,0,1,0,6,8,0,8,3,0,0,0,36,8,0
D:\Others\assignment\FADI_WEDYAN_OOPS\Assignment-2\1\fastjson-master\src\main\java\com\alibaba\fastjson\serializer\BigDecimalCodec.java,com.alibaba.fastjson.serializer.BigDecimalCodec,class,11,12,1,11,20,1,0,18,6,0.8333333,0.0,0.0,4,1,4,0,0,0,4,0,0,0,3,3,1,0,0,2,3,0,6,58,6,0,7,1,1,3,9,12,1,11,3,0,0,0,46,1,0
D:\Others\assignment\FADI_WEDYAN_OOPS\Assignment-2\1\fastjson-master\src\main\java\com\alibaba\fastjson\JSONPath.java,com.alibaba.fastjson.JSONPath$Filter,interface,1,1,0,1,1,1,0,0,0,0.0,NaN,NaN,1,0,0,0,0,1,1,0,0,0,0,0,0,0,0,0,0,0,0,3,0,0,0,0,0,0,0,0,0,0,0,0,0,0,9,0,0
D:\Others\assignment\FADI_WEDYAN_OOPS\Assignment-2\1\fastjson-master\src\main\java\com\alibaba\fastjson\JSONPatch.java,com.alibaba.fastjson.JSONPatch$Operation,innerclass,3,3,0,3,0,1,0,0,0,NaN,-1.0,-1.0,0,0,0,0,0,0,0,0,0,0,4,0,4,0,0,0,0,0,0,6,0,0,0,0,0,5,0,0,0,4,0,0,0,0,9,9,0
D:\Others\assignment\FADI_WEDYAN_OOPS\Assignment-2\1\fastjson-master\src\main\java\com\alibaba\fastjson\support\spring\FastJsonHttpMessageConverter4.java,com.alibaba.fastjson.support.spring.FastJsonHttpMessageConverter4,class,4,4,0,4,7,3,0,7,21,0.0,0.0,0.0,7,0,4,0,3,0,7,0,0,0,0,0,0,0,0,0,0,0,0,23,5,0,0,0,0,0,0,0,0,0,0,0,0,0,29,1,0
D:\Others\assignment\FADI_WEDYAN_OOPS\Assignment-2\1\fastjson-master\src\main\java\com\alibaba\fastjson\serializer\PrimitiveArraySerializer.java,com.alibaba.fastjson.serializer.PrimitiveArraySerializer,class,12,13,1,12,23,1,0,13,0,1.0,NaN,NaN,1,0,1,0,0,0,1,0,1,0,1,1,1,0,0,0,0,0,4,101,8,6,7,0,0,0,12,18,0,18,3,0,0,0,23,1,0
D:\Others\assignment\FADI_WEDYAN_OOPS\Assignment-2\1\fastjson-master\src\main\java\com\alibaba\fastjson\JSONValidator.java,com.alibaba.fastjson.JSONValidator$UTF16Validator,innerclass,2,2,0,2,12,2,0,4,0,0.0,0.0,0.0,3,0,1,0,1,1,3,0,1,0,1,0,0,1,0,0,1,0,0,57,1,2,5,0,0,0,3,8,3,3,3,0,0,0,20,8,0
D:\Others\assignment\FADI_WEDYAN_OOPS\Assignment-2\1\fastjson-master\src\main\java\com\alibaba\fastjson\parser\SymbolTable.java,com.alibaba.fastjson.parser.SymbolTable,class,2,14,12,2,20,1,0,11,15,0.5714286,0.0,0.0,7,2,6,1,0,0,6,0,0,0,2,0,0,2,0,0,2,0,3,75,10,2,8,0,0,2,9,23,5,14,4,0,0,0,51,1,0
D:\Others\assignment\FADI_WEDYAN_OOPS\Assignment-2\1\fastjson-master\src\main\java\com\alibaba\fastjson\JSONArray.java,com.alibaba.fastjson.JSONArray,class,7,28,21,7,95,2,0,56,450,0.82608694,0.0,0.0,69,0,68,1,0,0,68,0,0,0,4,1,0,2,2,0,2,0,30,340,79,3,14,1,1,1,8,43,0,41,2,0,0,0,114,1,0
D:\Others\assignment\FADI_WEDYAN_OOPS\Assignment-2\1\fastjson-master\src\main\java\com\alibaba\fastjson\JSONPath.java,com.alibaba.fastjson.JSONPath$MinSegment,innerclass,5,5,0,5,7,1,0,4,1,1.0,0.0,0.0,2,0,2,0,0,0,2,0,0,0,1,1,1,0,0,0,1,0,1,28,1,1,2,0,1,0,1,6,0,4,3,0,0,0,26,8,0
D:\Others\assignment\FADI_WEDYAN_OOPS\Assignment-2\1\fastjson-master\src\main\java\com\alibaba\fastjson\JSONAware.java,com.alibaba.fastjson.JSONAware,interface,0,5,5,0,1,1,0,0,0,0.0,NaN,NaN,1,0,0,0,0,1,1,0,0,0,0,0,0,0,0,0,0,0,0,3,0,0,0,0,0,0,0,0,0,0,0,0,0,0,16,1,0
D:\Others\assignment\FADI_WEDYAN_OOPS\Assignment-2\1\fastjson-master\src\main\java\com\alibaba\fastjson\JSONPath.java,com.alibaba.fastjson.JSONPath$SizeSegment,innerclass,5,5,0,5,2,1,0,2,1,1.0,0.0,0.0,2,0,2,0,0,0,2,0,0,0,1,1,1,0,0,0,1,0,0,10,1,0,0,0,0,0,0,3,0,2,0,0,0,0,18,8,0
D:\Others\assignment\FADI_WEDYAN_OOPS\Assignment-2\1\fastjson-master\src\main\java\com\alibaba\fastjson\serializer\JodaCodec.java,com.alibaba.fastjson.serializer.JodaCodec,class,23,24,1,23,56,1,0,42,34,0.9644446,0.0,0.0,9,0,5,1,3,0,8,0,0,0,25,25,1,24,0,0,25,0,4,234,22,1,33,0,1,25,10,73,0,59,5,0,0,0,100,1,0
D:\Others\assignment\FADI_WEDYAN_OOPS\Assignment-2\1\fastjson-master\src\main\java\com\alibaba\fastjson\util\AntiCollisionHashMap.java,com.alibaba.fastjson.util.AntiCollisionHashMap$KeyIterator,innerclass,3,3,0,3,1,2,0,2,0,0.0,NaN,NaN,1,0,1,0,0,0,1,0,0,0,0,0,0,0,0,0,0,0,0,5,1,0,0,0,0,0,0,0,0,0,0,0,0,0,5,18,0
D:\Others\assignment\FADI_WEDYAN_OOPS\Assignment-2\1\fastjson-master\src\main\java\com\alibaba\fastjson\util\ASMClassLoader.java,com.alibaba.fastjson.util.ASMClassLoader,class,58,64,6,58,15,2,0,14,15,0.8333333,0.0,0.0,6,1,4,0,1,1,7,0,0,0,2,2,0,2,0,0,0,0,3,64,8,2,5,2,0,0,0,9,0,8,2,1,0,0,37,1,0
D:\Others\assignment\FADI_WEDYAN_OOPS\Assignment-2\1\fastjson-master\src\main\java\com\alibaba\fastjson\parser\deserializer\JSONPDeserializer.java,com.alibaba.fastjson.parser.deserializer.JSONPDeserializer,class,8,10,2,8,8,1,0,8,1,1.0,0.0,0.0,2,0,2,0,0,0,2,0,0,0,1,1,1,0,0,0,1,0,0,45,2,1,5,0,0,3,1,13,2,8,2,0,0,0,35,1,0
D:\Others\assignment\FADI_WEDYAN_OOPS\Assignment-2\1\fastjson-master\src\main\java\com\alibaba\fastjson\parser\JSONToken.java,com.alibaba.fastjson.parser.JSONToken,class,0,7,7,0,27,1,0,0,0,0.0,NaN,NaN,1,1,1,0,0,0,1,0,0,0,26,26,26,0,0,0,26,0,0,86,27,0,0,0,0,27,26,26,0,26,1,0,0,0,27,1,0
D:\Others\assignment\FADI_WEDYAN_OOPS\Assignment-2\1\fastjson-master\src\main\java\com\alibaba\fastjson\PropertyNamingStrategy.java,com.alibaba.fastjson.PropertyNamingStrategy,enum,1,6,5,1,19,1,0,5,0,0.0,NaN,NaN,1,0,1,0,0,0,1,0,0,0,0,0,0,0,0,0,0,0,0,65,7,2,0,0,2,0,12,14,2,12,4,0,0,0,20,1,0
D:\Others\assignment\FADI_WEDYAN_OOPS\Assignment-2\1\fastjson-master\src\main\java\com\alibaba\fastjson\util\TypeUtils.java,com.alibaba.fastjson.util.TypeUtils$MethodInheritanceComparator,innerclass,0,0,0,0,5,1,0,5,0,0.0,NaN,NaN,1,0,1,0,0,0,1,0,0,0,0,0,0,0,0,0,0,0,0,20,5,0,1,0,0,0,5,3,0,3,1,0,0,0,8,9,0
D:\Others\assignment\FADI_WEDYAN_OOPS\Assignment-2\1\fastjson-master\src\main\java\com\alibaba\fastjson\serializer\AppendableSerializer.java,com.alibaba.fastjson.serializer.AppendableSerializer,class,4,5,1,4,2,1,0,3,0,1.0,NaN,NaN,1,0,1,0,0,0,1,0,0,0,1,1,1,0,0,0,1,0,0,11,1,0,1,0,0,0,0,2,0,2,1,0,0,0,18,1,0
D:\Others\assignment\FADI_WEDYAN_OOPS\Assignment-2\1\fastjson-master\src\main\java\com\alibaba\fastjson\parser\deserializer\DefaultFieldDeserializer.java,com.alibaba.fastjson.parser.deserializer.DefaultFieldDeserializer,class,14,18,4,14,30,2,0,22,4,0.6,0.0,0.0,5,0,5,0,0,0,5,0,0,0,2,0,0,0,2,0,0,0,1,107,3,1,16,2,3,5,6,28,0,17,4,0,0,0,61,1,0
D:\Others\assignment\FADI_WEDYAN_OOPS\Assignment-2\1\fastjson-master\src\main\java\com\alibaba\fastjson\JSONPath.java,com.alibaba.fastjson.JSONPath$PropertyFilter,innerclass,5,5,0,5,6,1,0,3,0,0.2,0.0,0.0,2,0,0,0,2,0,2,0,0,0,5,1,0,0,4,1,3,0,2,29,2,0,3,0,0,2,0,6,1,5,2,0,0,0,25,1032,0
D:\Others\assignment\FADI_WEDYAN_OOPS\Assignment-2\1\fastjson-master\src\main\java\com\alibaba\fastjson\JSONPath.java,com.alibaba.fastjson.JSONPath$JSONPathParser,innerclass,39,39,0,39,373,1,0,48,0,0.71428573,0.0,0.0,19,1,3,0,4,12,19,0,1,0,7,2,0,7,0,0,3,0,30,1017,61,33,195,1,15,47,100,210,37,125,7,0,0,0,147,8,0
D:\Others\assignment\FADI_WEDYAN_OOPS\Assignment-2\1\fastjson-master\src\main\java\com\alibaba\fastjson\parser\deserializer\AutowiredObjectDeserializer.java,com.alibaba.fastjson.parser.deserializer.AutowiredObjectDeserializer,interface,1,3,2,1,1,1,0,0,0,0.0,NaN,NaN,1,0,0,0,0,1,1,0,0,0,0,0,0,0,0,0,0,0,0,3,0,0,0,0,0,0,0,0,0,0,0,0,0,0,5,1,0
D:\Others\assignment\FADI_WEDYAN_OOPS\Assignment-2\1\fastjson-master\src\main\java\com\alibaba\fastjson\serializer\ASMSerializerFactory.java,com.alibaba.fastjson.serializer.ASMSerializerFactory$Context,innerclass,2,2,0,2,8,1,0,5,2,0.8333333,0.0,0.0,4,0,4,0,0,0,4,0,0,0,15,8,0,7,0,8,10,0,0,52,3,1,2,0,0,0,11,25,0,21,2,0,0,0,34,8,0
D:\Others\assignment\FADI_WEDYAN_OOPS\Assignment-2\1\fastjson-master\src\main\java\com\alibaba\fastjson\util\ServiceLoader.java,com.alibaba.fastjson.util.ServiceLoader,class,3,6,3,3,12,1,0,19,1,0.5,0.0,0.0,2,2,2,0,0,0,2,0,0,0,2,2,0,2,0,0,2,0,4,63,2,3,3,3,0,3,3,18,1,14,3,0,0,0,39,1,0
D:\Others\assignment\FADI_WEDYAN_OOPS\Assignment-2\1\fastjson-master\src\main\java\com\alibaba\fastjson\JSONPath.java,com.alibaba.fastjson.JSONPath$FilterSegment,innerclass,7,7,0,7,13,1,0,8,0,0.25,0.0,0.0,4,0,4,0,0,0,4,0,0,0,1,0,0,1,0,0,1,0,0,47,7,2,2,0,2,1,0,8,0,7,3,0,0,0,27,9,0
D:\Others\assignment\FADI_WEDYAN_OOPS\Assignment-2\1\fastjson-master\src\main\java\com\alibaba\fastjson\parser\deserializer\ArrayListTypeFieldDeserializer.java,com.alibaba.fastjson.parser.deserializer.ArrayListTypeFieldDeserializer,class,10,12,2,10,43,2,0,31,4,0.6666667,0.0,0.0,4,0,4,0,0,0,4,0,1,0,3,0,0,3,0,0,1,0,1,163,2,5,19,0,2,3,19,56,0,42,6,0,0,0,60,1,0
D:\Others\assignment\FADI_WEDYAN_OOPS\Assignment-2\1\fastjson-master\src\main\java\com\alibaba\fastjson\serializer\AdderSerializer.java,com.alibaba.fastjson.serializer.AdderSerializer,class,4,5,1,4,3,1,0,5,0,1.0,NaN,NaN,1,0,1,0,0,0,1,0,0,0,1,1,1,0,0,0,1,0,0,14,0,0,0,0,2,2,0,2,0,2,1,0,0,0,23,1,0
D:\Others\assignment\FADI_WEDYAN_OOPS\Assignment-2\1\fastjson-master\src\main\java\com\alibaba\fastjson\parser\DefaultJSONParser.java,com.alibaba.fastjson.parser.DefaultJSONParser,class,34,99,65,34,401,1,1,131,944,0.9209789,0.0,0.0,65,0,64,1,0,0,65,0,5,0,22,4,7,11,4,0,7,0,27,1515,92,19,192,10,16,91,46,303,39,178,7,0,1,0,208,1,0
D:\Others\assignment\FADI_WEDYAN_OOPS\Assignment-2\1\fastjson-master\src\main\java\com\alibaba\fastjson\serializer\AnnotationSerializer.java,com.alibaba.fastjson.serializer.AnnotationSerializer,class,6,8,2,6,20,1,0,16,0,0.2,NaN,NaN,1,0,1,0,0,0,1,0,0,0,5,5,1,4,0,0,0,0,2,80,1,1,6,6,0,10,3,23,0,14,3,0,0,0,45,1,0
D:\Others\assignment\FADI_WEDYAN_OOPS\Assignment-2\1\fastjson-master\src\main\java\com\alibaba\fastjson\support\spring\GenericFastJsonRedisSerializer.java,com.alibaba.fastjson.support.spring.GenericFastJsonRedisSerializer,class,5,5,0,5,8,1,0,4,1,0.5,0.0,0.0,2,0,2,0,0,0,3,0,0,0,1,1,0,1,0,0,1,0,2,28,4,0,3,2,0,2,2,1,2,1,1,0,0,0,21,1,0
D:\Others\assignment\FADI_WEDYAN_OOPS\Assignment-2\1\fastjson-master\src\main\java\com\alibaba\fastjson\JSONValidator.java,com.alibaba.fastjson.JSONValidator$ReaderValidator,innerclass,4,4,0,4,9,2,0,6,0,0.33333334,0.0,0.0,3,0,1,0,0,2,3,0,0,0,5,1,0,4,0,1,2,0,0,60,0,0,2,1,0,2,14,21,2,6,3,0,0,0,26,8,0
D:\Others\assignment\FADI_WEDYAN_OOPS\Assignment-2\1\fastjson-master\src\main\java\com\alibaba\fastjson\support\spring\FastJsonHttpMessageConverter.java,com.alibaba.fastjson.support.spring.FastJsonHttpMessageConverter,class,19,25,6,19,42,2,2,48,97,0.8550725,0.0,0.0,23,0,16,3,4,0,20,0,0,0,6,1,1,2,3,0,1,0,6,225,17,1,2,3,2,6,7,31,4,24,3,0,1,0,134,1,0
D:\Others\assignment\FADI_WEDYAN_OOPS\Assignment-2\1\fastjson-master\src\main\java\com\alibaba\fastjson\serializer\BeanContext.java,com.alibaba.fastjson.serializer.BeanContext,class,2,14,12,2,12,1,0,2,0,0.6111111,0.0,0.0,12,0,12,0,0,0,12,0,0,0,3,0,0,3,0,0,3,0,0,43,11,0,0,0,0,0,0,3,0,3,0,0,0,0,22,17,0
D:\Others\assignment\FADI_WEDYAN_OOPS\Assignment-2\1\fastjson-master\src\main\java\com\alibaba\fastjson\serializer\BigIntegerCodec.java,com.alibaba.fastjson.serializer.BigIntegerCodec,class,11,12,1,11,12,1,0,14,6,0.8333333,0.0,0.0,4,1,4,0,0,0,4,0,0,0,3,3,1,2,0,0,3,0,5,38,6,0,3,0,1,3,6,9,0,9,2,0,0,0,42,1,0
D:\Others\assignment\FADI_WEDYAN_OOPS\Assignment-2\1\fastjson-master\src\main\java\com\alibaba\fastjson\util\IdentityHashMap.java,com.alibaba.fastjson.util.IdentityHashMap,class,3,7,4,3,18,1,0,4,0,0.52380955,0.0,0.0,7,0,7,0,0,0,7,0,1,0,3,1,1,2,0,0,3,0,3,78,7,6,7,0,1,1,4,23,1,17,4,0,1,0,44,1,0
D:\Others\assignment\FADI_WEDYAN_OOPS\Assignment-2\1\fastjson-master\src\main\java\com\alibaba\fastjson\JSON.java,com.alibaba.fastjson.JSON,class,33,61,28,33,227,1,2,133,3617,0.955045,0.0,0.0,91,84,88,3,0,0,90,0,5,0,11,11,7,3,0,1,5,0,106,863,118,17,69,16,3,35,49,159,12,114,4,0,0,0,288,1025,0
D:\Others\assignment\FADI_WEDYAN_OOPS\Assignment-2\1\fastjson-master\src\main\java\com\alibaba\fastjson\parser\deserializer\EnumCreatorDeserializer.java,com.alibaba.fastjson.parser.deserializer.EnumCreatorDeserializer,class,4,5,1,4,5,1,0,3,1,0.33333334,0.0,0.0,3,0,3,0,0,0,3,0,0,0,2,0,0,2,0,0,2,0,0,23,2,0,0,1,0,2,2,3,0,3,1,0,0,0,31,1,0
D:\Others\assignment\FADI_WEDYAN_OOPS\Assignment-2\1\fastjson-master\src\main\java\com\alibaba\fastjson\JSONWriter.java,com.alibaba.fastjson.JSONWriter,class,6,8,2,6,45,1,0,16,76,0.68333334,0.0,0.0,20,0,16,4,0,0,16,0,0,0,3,0,0,3,0,0,0,0,0,157,3,0,7,0,0,1,4,17,1,7,1,0,0,0,41,1,0
D:\Others\assignment\FADI_WEDYAN_OOPS\Assignment-2\1\fastjson-master\src\main\java\com\alibaba\fastjson\asm\Opcodes.java,com.alibaba.fastjson.asm.Opcodes,interface,0,2,2,0,0,1,0,0,0,NaN,-1.0,-1.0,0,0,0,0,0,0,0,0,0,0,59,0,0,0,0,59,0,0,0,61,0,0,0,0,0,0,61,59,1,59,0,0,0,0,66,1,0
D:\Others\assignment\FADI_WEDYAN_OOPS\Assignment-2\1\fastjson-master\src\main\java\com\alibaba\fastjson\serializer\EnumerationSerializer.java,com.alibaba.fastjson.serializer.EnumerationSerializer,class,5,6,1,5,7,1,0,11,0,1.0,NaN,NaN,1,0,1,0,0,0,1,0,0,0,1,1,1,0,0,0,0,0,0,40,1,1,3,1,0,0,6,11,1,9,3,0,0,0,28,1,0
D:\Others\assignment\FADI_WEDYAN_OOPS\Assignment-2\1\fastjson-master\src\main\java\com\alibaba\fastjson\support\spring\messaging\MappingFastJsonMessageConverter.java,com.alibaba.fastjson.support.spring.messaging.MappingFastJsonMessageConverter,class,8,9,1,8,15,2,0,19,16,0.5,0.0,0.0,8,0,3,0,5,0,8,0,0,0,1,0,0,1,0,0,0,0,7,52,6,0,1,0,1,3,0,10,0,4,2,0,0,0,44,1,0
D:\Others\assignment\FADI_WEDYAN_OOPS\Assignment-2\1\fastjson-master\src\main\java\com\alibaba\fastjson\JSONStreamContext.java,com.alibaba.fastjson.JSONStreamContext,class,1,4,3,1,1,1,0,0,0,0.71428573,NaN,NaN,1,0,1,0,0,0,1,0,0,0,7,5,0,0,2,5,6,0,0,13,0,0,0,0,0,0,5,7,0,7,0,0,0,0,14,0,0
D:\Others\assignment\FADI_WEDYAN_OOPS\Assignment-2\1\fastjson-master\src\main\java\com\alibaba\fastjson\JSONReader.java,com.alibaba.fastjson.JSONReader,class,10,12,2,10,76,1,0,28,0,0.54022986,0.0,0.0,29,0,25,4,0,0,25,0,0,0,3,0,0,3,0,0,1,0,3,283,19,1,21,0,0,6,5,39,4,19,3,0,0,0,63,1,0
D:\Others\assignment\FADI_WEDYAN_OOPS\Assignment-2\1\fastjson-master\src\main\java\com\alibaba\fastjson\serializer\SerializeBeanInfo.java,com.alibaba.fastjson.serializer.SerializeBeanInfo,class,2,8,6,2,1,1,0,0,0,0.0,NaN,NaN,1,0,1,0,0,0,1,0,0,0,7,0,0,0,7,0,6,0,0,18,0,0,0,0,0,0,0,7,0,7,0,0,0,0,17,1,0
D:\Others\assignment\FADI_WEDYAN_OOPS\Assignment-2\1\fastjson-master\src\main\java\com\alibaba\fastjson\support\config\FastJsonConfig.java,com.alibaba.fastjson.support.config.FastJsonConfig,class,6,14,8,6,23,1,0,6,156,0.8666667,0.0,0.0,21,0,21,0,0,0,21,0,0,0,10,0,0,10,0,0,0,0,2,83,11,1,1,0,0,0,2,17,0,10,1,0,0,0,49,1,0
D:\Others\assignment\FADI_WEDYAN_OOPS\Assignment-2\1\fastjson-master\src\main\java\com\alibaba\fastjson\support\retrofit\Retrofit2ConverterFactory.java,com.alibaba.fastjson.support.retrofit.Retrofit2ConverterFactory,class,14,15,1,14,19,2,0,11,0,0.8819444,0.0,0.0,18,2,18,0,0,0,18,0,0,0,8,2,0,8,0,0,2,0,2,100,16,0,1,0,0,2,1,7,0,8,1,0,2,0,57,1,0
D:\Others\assignment\FADI_WEDYAN_OOPS\Assignment-2\1\fastjson-master\src\main\java\com\alibaba\fastjson\serializer\SerializerFeature.java,com.alibaba.fastjson.serializer.SerializerFeature,enum,1,27,26,1,12,1,0,2,0,0.5555555,0.0,0.0,6,4,5,0,0,1,6,0,1,0,3,2,3,0,0,0,3,0,0,65,6,1,4,0,4,0,7,8,1,5,1,0,0,0,35,1,0
D:\Others\assignment\FADI_WEDYAN_OOPS\Assignment-2\1\fastjson-master\src\main\java\com\alibaba\fastjson\JSONPath.java,com.alibaba.fastjson.JSONPath$Operator,enum,0,0,0,0,0,1,0,0,0,0.0,-1.0,-1.0,0,0,0,0,0,0,0,0,0,0,0,0,0,0,0,0,0,0,0,1,0,0,0,0,0,0,0,0,0,0,0,0,0,0,11,0,0
D:\Others\assignment\FADI_WEDYAN_OOPS\Assignment-2\1\fastjson-master\src\main\java\com\alibaba\fastjson\JSONPath.java,com.alibaba.fastjson.JSONPath$TypeSegment,innerclass,5,5,0,5,9,1,0,0,1,1.0,0.0,0.0,2,0,2,0,0,0,2,0,0,0,1,1,1,0,0,0,1,0,0,24,6,0,1,0,0,6,0,1,0,1,1,0,0,0,27,8,0
D:\Others\assignment\FADI_WEDYAN_OOPS\Assignment-2\1\fastjson-master\src\main\java\com\alibaba\fastjson\support\retrofit\Retrofit2ConverterFactory.java,com.alibaba.fastjson.support.retrofit.Retrofit2ConverterFactory$ResponseBodyConverter,innerclass,5,5,0,5,3,1,0,8,0,0.0,0.0,0.0,2,0,1,0,0,1,2,0,0,0,1,0,0,1,0,0,0,0,1,17,1,0,0,1,0,1,0,1,1,1,1,0,0,0,13,16,0
D:\Others\assignment\FADI_WEDYAN_OOPS\Assignment-2\1\fastjson-master\src\main\java\com\alibaba\fastjson\support\retrofit\Retrofit2ConverterFactory.java,com.alibaba.fastjson.support.retrofit.Retrofit2ConverterFactory$RequestBodyConverter,innerclass,6,6,0,6,3,1,0,8,1,0.0,0.0,0.0,2,0,1,0,0,1,2,0,0,0,0,0,0,0,0,0,0,0,1,13,1,0,0,1,0,1,0,1,1,1,1,0,0,0,13,16,0
D:\Others\assignment\FADI_WEDYAN_OOPS\Assignment-2\1\fastjson-master\src\main\java\com\alibaba\fastjson\util\IOUtils.java,com.alibaba.fastjson.util.IOUtils,class,6,24,18,6,171,1,0,22,137,0.94444454,0.0,0.0,18,18,18,0,0,0,21,0,0,0,20,20,16,0,0,4,20,0,8,529,26,35,44,6,132,7,341,260,158,117,5,1,0,0,219,1,0
D:\Others\assignment\FADI_WEDYAN_OOPS\Assignment-2\1\fastjson-master\src\main\java\com\alibaba\fastjson\asm\ClassReader.java,com.alibaba.fastjson.asm.ClassReader,class,6,9,3,6,64,1,0,14,8,0.6875,0.0,0.0,8,0,2,6,0,0,2,0,0,0,6,0,2,4,0,0,5,0,0,283,7,24,8,0,18,4,159,134,59,55,4,0,0,0,82,1,0
D:\Others\assignment\FADI_WEDYAN_OOPS\Assignment-2\1\fastjson-master\src\main\java\com\alibaba\fastjson\parser\deserializer\JavaObjectDeserializer.java,com.alibaba.fastjson.parser.deserializer.JavaObjectDeserializer,class,5,8,3,5,10,1,0,9,1,1.0,0.0,0.0,2,0,2,0,0,0,2,0,0,0,1,1,1,0,0,0,1,0,2,25,4,0,5,0,1,1,1,7,0,6,2,0,0,0,28,1,0
D:\Others\assignment\FADI_WEDYAN_OOPS\Assignment-2\1\fastjson-master\src\main\java\com\alibaba\fastjson\JSONPath.java,com.alibaba.fastjson.JSONPath$Segment,interface,3,3,0,3,2,1,0,0,1,0.0,0.0,0.0,2,0,0,0,0,2,2,0,0,0,0,0,0,0,0,0,0,0,0,4,0,0,0,0,0,0,0,0,0,0,0,0,0,0,14,0,0
D:\Others\assignment\FADI_WEDYAN_OOPS\Assignment-2\1\fastjson-master\src\main\java\com\alibaba\fastjson\spi\Module.java,com.alibaba.fastjson.spi.Module,interface,4,6,2,4,2,1,0,0,1,0.0,0.0,0.0,2,0,0,0,0,2,2,0,0,0,0,0,0,0,0,0,0,0,0,4,0,0,0,0,0,0,0,0,0,0,0,0,0,0,10,1,0
D:\Others\assignment\FADI_WEDYAN_OOPS\Assignment-2\1\fastjson-master\src\main\java\com\alibaba\fastjson\util\AntiCollisionHashMap.java,com.alibaba.fastjson.util.AntiCollisionHashMap$ValueIterator,innerclass,2,2,0,2,1,2,0,1,0,0.0,NaN,NaN,1,0,1,0,0,0,1,0,0,0,0,0,0,0,0,0,0,0,0,5,1,0,0,0,0,0,0,0,0,0,0,0,0,0,5,18,0
D:\Others\assignment\FADI_WEDYAN_OOPS\Assignment-2\1\fastjson-master\src\main\java\com\alibaba\fastjson\JSONValidator.java,com.alibaba.fastjson.JSONValidator,class,7,13,6,7,117,5,8,6,73,0.8571429,0.0,0.0,15,5,9,1,2,3,14,1,1,0,7,0,0,1,6,0,0,0,5,535,48,11,54,0,0,0,2,17,0,7,4,0,5,0,60,1025,0
D:\Others\assignment\FADI_WEDYAN_OOPS\Assignment-2\1\fastjson-master\src\main\java\com\alibaba\fastjson\serializer\ByteBufferCodec.java,com.alibaba.fastjson.serializer.ByteBufferCodec$ByteBufferBean,innerclass,1,1,0,1,1,1,0,3,0,0.0,NaN,NaN,1,0,1,0,0,0,1,0,0,0,3,0,3,0,0,0,0,0,1,11,1,0,0,0,0,0,0,1,0,4,0,0,0,0,8,9,0
D:\Others\assignment\FADI_WEDYAN_OOPS\Assignment-2\1\fastjson-master\src\main\java\com\alibaba\fastjson\JSONPObject.java,com.alibaba.fastjson.JSONPObject,class,5,12,7,5,14,1,0,9,18,0.7037037,0.0,0.0,9,0,9,0,0,0,9,0,0,0,3,1,1,2,0,0,1,0,1,43,4,1,2,0,2,1,3,6,0,5,2,0,0,0,37,1,0
D:\Others\assignment\FADI_WEDYAN_OOPS\Assignment-2\1\fastjson-master\src\main\java\com\alibaba\fastjson\serializer\SerializeFilter.java,com.alibaba.fastjson.serializer.SerializeFilter,interface,0,17,17,0,0,1,0,0,0,0.0,-1.0,-1.0,0,0,0,0,0,0,0,0,0,0,0,0,0,0,0,0,0,0,0,2,0,0,0,0,0,0,0,0,0,0,0,0,0,0,2,1,0
D:\Others\assignment\FADI_WEDYAN_OOPS\Assignment-2\1\fastjson-master\src\main\java\com\alibaba\fastjson\util\AntiCollisionHashMap.java,com.alibaba.fastjson.util.AntiCollisionHashMap$HashIterator,innerclass,5,5,0,5,15,1,0,1,0,0.375,0.0,0.0,4,0,2,0,0,2,4,0,2,0,4,0,0,0,0,4,0,0,0,35,2,2,8,0,3,0,1,11,0,8,2,0,0,0,28,1026,0
D:\Others\assignment\FADI_WEDYAN_OOPS\Assignment-2\1\fastjson-master\src\main\java\com\alibaba\fastjson\parser\deserializer\ExtraProcessor.java,com.alibaba.fastjson.parser.deserializer.ExtraProcessor,interface,1,4,3,1,1,1,0,0,0,0.0,NaN,NaN,1,0,0,0,0,1,1,0,0,0,0,0,0,0,0,0,0,0,0,3,0,0,0,0,0,0,0,0,0,0,0,0,0,0,7,1,0
D:\Others\assignment\FADI_WEDYAN_OOPS\Assignment-2\1\fastjson-master\src\main\java\com\alibaba\fastjson\serializer\BeforeFilter.java,com.alibaba.fastjson.serializer.BeforeFilter,class,3,7,4,3,5,1,0,9,1,0.44444445,0.0,0.0,3,0,1,0,1,1,3,1,2,0,3,3,0,3,0,0,3,0,1,26,1,0,1,0,0,0,0,7,0,7,1,0,0,0,23,1025,0
D:\Others\assignment\FADI_WEDYAN_OOPS\Assignment-2\1\fastjson-master\src\main\java\com\alibaba\fastjson\JSONPath.java,com.alibaba.fastjson.JSONPath$StringOpSegement,innerclass,3,3,0,3,9,2,0,4,0,0.0,0.0,0.0,2,0,2,0,0,0,2,0,0,0,2,0,0,2,0,0,2,0,0,35,8,0,7,0,0,0,4,4,0,4,1,0,0,0,23,8,0
D:\Others\assignment\FADI_WEDYAN_OOPS\Assignment-2\1\fastjson-master\src\main\java\com\alibaba\fastjson\support\spring\FastJsonpHttpMessageConverter4.java,com.alibaba.fastjson.support.spring.FastJsonpHttpMessageConverter4,class,4,4,0,4,7,3,0,7,21,0.0,0.0,0.0,7,0,4,0,3,0,7,0,0,0,0,0,0,0,0,0,0,0,0,23,5,0,0,0,0,0,0,0,0,0,0,0,0,0,30,1,0
D:\Others\assignment\FADI_WEDYAN_OOPS\Assignment-2\1\fastjson-master\src\main\java\com\alibaba\fastjson\serializer\ArraySerializer.java,com.alibaba.fastjson.serializer.ArraySerializer,class,4,5,1,4,9,1,0,9,0,0.0,0.0,0.0,2,0,2,0,0,0,2,0,1,0,2,0,0,2,0,0,2,0,0,47,1,1,4,1,0,2,5,10,0,9,4,0,0,0,26,1,0
D:\Others\assignment\FADI_WEDYAN_OOPS\Assignment-2\1\fastjson-master\src\main\java\com\alibaba\fastjson\util\ParameterizedTypeImpl.java,com.alibaba.fastjson.util.ParameterizedTypeImpl,class,1,9,8,1,15,1,0,5,0,0.33333334,0.0,0.0,6,0,6,0,0,0,6,0,0,0,3,0,0,3,0,0,3,0,2,33,9,0,10,0,2,0,5,7,4,5,1,0,0,0,22,1,0
D:\Others\assignment\FADI_WEDYAN_OOPS\Assignment-2\1\fastjson-master\src\main\java\com\alibaba\fastjson\JSONPath.java,com.alibaba.fastjson.JSONPath$RlikeSegement,innerclass,2,2,0,2,4,2,0,5,0,0.0,0.0,0.0,2,0,2,0,0,0,2,0,0,0,2,0,0,2,0,0,2,0,1,22,2,0,1,0,0,0,0,7,0,6,1,0,0,0,24,8,0
D:\Others\assignment\FADI_WEDYAN_OOPS\Assignment-2\1\fastjson-master\src\main\java\com\alibaba\fastjson\parser\deserializer\ObjectDeserializer.java,com.alibaba.fastjson.parser.deserializer.ObjectDeserializer,interface,2,49,47,2,2,1,0,0,1,0.0,0.0,0.0,2,0,0,0,0,2,2,0,0,0,0,0,0,0,0,0,0,0,0,4,0,0,0,0,0,0,0,0,0,0,0,0,0,0,96,1,0
D:\Others\assignment\FADI_WEDYAN_OOPS\Assignment-2\1\fastjson-master\src\main\java\com\alibaba\fastjson\asm\ByteVector.java,com.alibaba.fastjson.asm.ByteVector,class,2,7,5,2,24,1,0,4,0,0.1,0.0,0.0,10,0,8,1,0,1,9,0,0,0,2,0,2,0,0,0,0,0,2,104,7,1,1,0,8,0,23,42,16,19,2,0,0,0,91,1,0
D:\Others\assignment\FADI_WEDYAN_OOPS\Assignment-2\1\fastjson-master\src\main\java\com\alibaba\fastjson\parser\JSONLexer.java,com.alibaba.fastjson.parser.JSONLexer,interface,3,35,32,3,49,1,0,0,1176,1.0,0.0,0.0,49,0,0,0,0,49,49,0,0,0,9,0,0,0,0,9,0,0,0,60,0,0,0,0,0,0,9,9,0,9,0,0,0,0,90,1,0
D:\Others\assignment\FADI_WEDYAN_OOPS\Assignment-2\1\fastjson-master\src\main\java\com\alibaba\fastjson\util\TypeUtils.java,com.alibaba.fastjson.util.TypeUtils$Anonymous1,anonymous,0,0,0,0,1,1,0,1,0,0.0,NaN,NaN,1,0,1,0,0,0,1,0,0,0,0,0,0,0,0,0,0,0,0,5,1,0,0,0,0,0,0,0,0,0,0,0,0,0,4,-1,0
D:\Others\assignment\FADI_WEDYAN_OOPS\Assignment-2\1\fastjson-master\src\main\java\com\alibaba\fastjson\serializer\Labels.java,com.alibaba.fastjson.serializer.Labels$DefaultLabelFilter,innerclass,1,1,0,1,7,1,0,3,0,0.0,0.0,0.0,2,0,2,0,0,0,2,0,0,0,2,0,0,2,0,0,0,0,6,22,2,0,4,0,0,0,6,2,0,2,1,0,0,0,8,10,0
D:\Others\assignment\FADI_WEDYAN_OOPS\Assignment-2\1\fastjson-master\src\main\java\com\alibaba\fastjson\util\TypeUtils.java,com.alibaba.fastjson.util.TypeUtils$Anonymous2,anonymous,4,4,0,4,14,1,0,11,0,0.0,NaN,NaN,1,0,1,0,0,0,1,0,0,0,0,0,0,0,0,0,0,0,3,45,6,0,2,0,3,4,3,7,2,3,3,0,0,0,25,-1,0
D:\Others\assignment\FADI_WEDYAN_OOPS\Assignment-2\1\fastjson-master\src\main\java\com\alibaba\fastjson\util\TypeUtils.java,com.alibaba.fastjson.util.TypeUtils$Anonymous3,anonymous,4,4,0,4,16,1,0,13,0,0.0,NaN,NaN,1,0,1,0,0,0,1,0,0,0,0,0,0,0,0,0,0,0,4,48,7,0,5,0,3,3,6,7,2,3,3,0,0,0,24,-1,0
D:\Others\assignment\FADI_WEDYAN_OOPS\Assignment-2\1\fastjson-master\src\main\java\com\alibaba\fastjson\util\TypeUtils.java,com.alibaba.fastjson.util.TypeUtils$Anonymous4,anonymous,4,4,0,4,22,1,0,17,0,0.0,NaN,NaN,1,0,1,0,0,0,1,0,0,0,0,0,0,0,0,0,0,0,10,58,7,0,9,0,3,5,38,16,5,10,3,0,0,0,32,-1,0
D:\Others\assignment\FADI_WEDYAN_OOPS\Assignment-2\1\fastjson-master\src\main\java\com\alibaba\fastjson\support\spring\MappingFastJsonValue.java,com.alibaba.fastjson.support.spring.MappingFastJsonValue,class,3,5,2,3,10,1,0,4,0,0.62499994,0.0,0.0,6,0,6,0,0,0,6,0,0,0,4,2,0,4,0,0,2,0,0,35,3,0,2,0,2,1,1,6,0,5,1,0,0,0,97,1,0
D:\Others\assignment\FADI_WEDYAN_OOPS\Assignment-2\1\fastjson-master\src\main\java\com\alibaba\fastjson\util\TypeUtils.java,com.alibaba.fastjson.util.TypeUtils$Anonymous5,anonymous,1,1,0,1,4,1,0,3,0,0.0,NaN,NaN,1,0,1,0,0,0,1,0,0,0,0,0,0,0,0,0,0,0,3,14,4,0,3,0,0,0,0,0,0,0,1,0,0,0,12,-1,0
D:\Others\assignment\FADI_WEDYAN_OOPS\Assignment-2\1\fastjson-master\src\main\java\com\alibaba\fastjson\util\TypeUtils.java,com.alibaba.fastjson.util.TypeUtils$Anonymous6,anonymous,0,0,0,0,3,1,0,2,0,0.0,NaN,NaN,1,0,1,0,0,0,1,0,0,0,0,0,0,0,0,0,0,0,0,12,1,1,1,0,0,0,0,1,0,1,2,0,0,0,7,-1,0
D:\Others\assignment\FADI_WEDYAN_OOPS\Assignment-2\1\fastjson-master\src\main\java\com\alibaba\fastjson\serializer\JSONSerializer.java,com.alibaba.fastjson.serializer.JSONSerializer,class,11,69,58,11,106,2,0,49,450,0.8822315,0.0,0.0,44,2,42,1,1,0,43,0,8,0,11,0,1,5,5,0,2,0,4,338,31,3,34,6,15,14,19,52,1,39,4,0,0,0,123,1,0
D:\Others\assignment\FADI_WEDYAN_OOPS\Assignment-2\1\fastjson-master\src\main\java\com\alibaba\fastjson\util\TypeUtils.java,com.alibaba.fastjson.util.TypeUtils$Anonymous7,anonymous,0,0,0,0,1,1,0,1,0,0.0,NaN,NaN,0,0,0,0,0,0,1,0,0,0,0,0,0,0,0,0,0,0,0,12,0,0,0,0,0,8,0,0,0,0,0,0,0,0,1,-1,0
D:\Others\assignment\FADI_WEDYAN_OOPS\Assignment-2\1\fastjson-master\src\main\java\com\alibaba\fastjson\util\TypeUtils.java,com.alibaba.fastjson.util.TypeUtils$Anonymous8,anonymous,0,0,0,0,1,1,0,1,0,0.0,NaN,NaN,0,0,0,0,0,0,1,0,0,0,0,0,0,0,0,0,0,0,0,10,0,0,0,0,0,6,0,0,0,0,0,0,0,0,1,-1,0
D:\Others\assignment\FADI_WEDYAN_OOPS\Assignment-2\1\fastjson-master\src\main\java\com\alibaba\fastjson\parser\deserializer\JavaBeanDeserializer.java,com.alibaba.fastjson.parser.deserializer.JavaBeanDeserializer,class,30,40,10,30,483,1,1,195,233,0.888889,0.0,0.0,27,3,17,1,8,1,26,0,0,0,12,0,1,9,2,0,6,0,45,1540,62,30,286,16,50,54,131,422,32,246,11,0,0,0,203,1,0
D:\Others\assignment\FADI_WEDYAN_OOPS\Assignment-2\1\fastjson-master\src\main\java\com\alibaba\fastjson\parser\deserializer\ContextObjectDeserializer.java,com.alibaba.fastjson.parser.deserializer.ContextObjectDeserializer,class,4,10,6,4,2,1,4,1,1,0.0,0.0,0.0,2,0,2,0,0,0,2,1,0,0,0,0,0,0,0,0,0,0,0,6,1,0,0,0,0,0,1,0,0,0,0,0,0,0,15,1025,0
D:\Others\assignment\FADI_WEDYAN_OOPS\Assignment-2\1\fastjson-master\src\main\java\com\alibaba\fastjson\serializer\FieldSerializer.java,com.alibaba.fastjson.serializer.FieldSerializer$RuntimeSerializerInfo,innerclass,1,1,0,1,1,1,0,0,0,0.0,NaN,NaN,1,0,1,0,0,0,1,0,0,0,2,0,0,0,0,2,2,0,0,8,0,0,0,0,0,0,0,2,0,2,0,0,0,0,8,8,0
D:\Others\assignment\FADI_WEDYAN_OOPS\Assignment-2\1\fastjson-master\src\main\java\com\alibaba\fastjson\asm\Type.java,com.alibaba.fastjson.asm.Type,class,2,8,6,2,51,1,0,8,0,0.7264958,0.0,0.0,9,4,3,3,1,2,6,0,0,0,13,9,9,3,1,0,13,0,3,159,28,10,19,0,30,10,109,36,38,26,3,0,0,0,95,1,0
D:\Others\assignment\FADI_WEDYAN_OOPS\Assignment-2\1\fastjson-master\src\main\java\com\alibaba\fastjson\serializer\FloatCodec.java,com.alibaba.fastjson.serializer.FloatCodec,class,10,12,2,10,13,1,0,14,15,0.78571427,0.0,0.0,7,1,7,0,0,0,7,0,0,0,2,1,1,1,0,0,0,0,5,56,7,0,5,1,1,3,0,9,1,9,1,0,0,0,43,1,0
D:\Others\assignment\FADI_WEDYAN_OOPS\Assignment-2\1\fastjson-master\src\main\java\com\alibaba\fastjson\serializer\JSONLibDataFormatSerializer.java,com.alibaba.fastjson.serializer.JSONLibDataFormatSerializer,class,4,4,0,4,3,1,0,12,1,0.0,0.0,0.0,2,0,2,0,0,0,2,0,0,0,0,0,0,0,0,0,0,0,0,22,1,0,1,0,0,10,0,2,0,2,1,0,0,0,19,1,0
D:\Others\assignment\FADI_WEDYAN_OOPS\Assignment-2\1\fastjson-master\src\main\java\com\alibaba\fastjson\parser\deserializer\FieldDeserializer.java,com.alibaba.fastjson.parser.deserializer.FieldDeserializer,class,5,17,12,5,74,1,3,36,60,0.8611111,0.0,0.0,12,2,10,2,0,0,10,1,0,0,3,0,1,0,2,0,2,0,20,210,19,0,35,4,9,18,2,20,2,18,6,0,0,0,56,1025,0
D:\Others\assignment\FADI_WEDYAN_OOPS\Assignment-2\1\fastjson-master\src\main\java\com\alibaba\fastjson\JSONPath.java,com.alibaba.fastjson.JSONPath$NotNullSegement,innerclass,2,2,0,2,3,2,0,1,1,0.0,0.0,0.0,2,0,2,0,0,0,2,0,0,0,0,0,0,0,0,0,0,0,0,8,1,0,1,0,0,0,0,0,0,0,0,0,0,0,15,8,0
D:\Others\assignment\FADI_WEDYAN_OOPS\Assignment-2\1\fastjson-master\src\main\java\com\alibaba\fastjson\serializer\CollectionCodec.java,com.alibaba.fastjson.serializer.CollectionCodec,class,13,14,1,13,20,1,0,25,3,1.0,0.0,0.0,3,0,3,0,0,0,3,0,0,0,1,1,1,0,0,0,1,0,6,87,5,1,9,1,2,4,5,15,2,12,4,0,0,0,47,1,0
D:\Others\assignment\FADI_WEDYAN_OOPS\Assignment-2\1\fastjson-master\src\main\java\com\alibaba\fastjson\JSONPath.java,com.alibaba.fastjson.JSONPath$RegMatchSegement,innerclass,3,3,0,3,3,2,0,4,0,0.25,0.0,0.0,2,0,2,0,0,0,2,0,0,0,2,0,0,2,0,0,2,0,0,18,2,0,1,0,0,0,0,5,0,5,1,0,0,0,25,8,0
D:\Others\assignment\FADI_WEDYAN_OOPS\Assignment-2\1\fastjson-master\src\main\java\com\alibaba\fastjson\support\spring\JSONPResponseBodyAdvice.java,com.alibaba.fastjson.support.spring.JSONPResponseBodyAdvice,class,16,17,1,16,8,1,0,16,10,0.8,0.0,0.0,5,0,4,0,1,0,5,0,0,0,1,0,1,0,0,0,1,0,1,31,3,0,1,0,2,1,0,7,1,5,2,0,0,0,76,1,1
D:\Others\assignment\FADI_WEDYAN_OOPS\Assignment-2\1\fastjson-master\src\main\java\com\alibaba\fastjson\serializer\ClobSerializer.java,com.alibaba.fastjson.serializer.ClobSerializer,class,5,6,1,5,6,1,0,7,0,1.0,NaN,NaN,1,0,1,0,0,0,1,0,0,0,1,1,1,0,0,0,1,0,0,33,1,1,1,2,0,2,4,7,0,7,4,0,0,0,30,1,0
D:\Others\assignment\FADI_WEDYAN_OOPS\Assignment-2\1\fastjson-master\src\main\java\com\alibaba\fastjson\JSONPath.java,com.alibaba.fastjson.JSONPath$DoubleOpSegement,innerclass,3,3,0,3,16,2,0,2,0,0.0,0.0,0.0,2,0,2,0,0,0,2,0,0,0,2,0,0,2,0,0,2,0,0,34,9,0,3,0,2,0,0,4,0,4,1,0,0,0,23,8,0
D:\Others\assignment\FADI_WEDYAN_OOPS\Assignment-2\1\fastjson-master\src\main\java\com\alibaba\fastjson\asm\MethodCollector.java,com.alibaba.fastjson.asm.MethodCollector,class,0,2,2,0,8,1,0,5,0,0.26666668,0.0,0.0,3,0,0,0,3,0,3,0,0,0,5,0,0,4,1,0,3,0,0,27,1,0,2,0,0,2,4,6,2,5,2,0,0,0,25,1,0
D:\Others\assignment\FADI_WEDYAN_OOPS\Assignment-2\1\fastjson-master\src\main\java\com\alibaba\fastjson\support\geo\MultiPolygon.java,com.alibaba.fastjson.support.geo.MultiPolygon,class,3,4,1,3,3,2,0,0,1,0.33333334,0.0,0.0,3,0,3,0,0,0,3,0,0,0,1,0,0,1,0,0,0,0,0,12,1,0,0,0,0,5,0,1,0,1,0,0,0,0,9,1,0
D:\Others\assignment\FADI_WEDYAN_OOPS\Assignment-2\1\fastjson-master\src\main\java\com\alibaba\fastjson\util\IdentityHashMap.java,com.alibaba.fastjson.util.IdentityHashMap$Entry,innerclass,3,3,0,3,1,1,0,0,0,0.0,NaN,NaN,1,0,1,0,0,0,1,0,0,0,4,0,4,0,0,0,3,0,0,12,0,0,0,0,0,0,0,4,0,4,0,0,0,0,8,28,0
D:\Others\assignment\FADI_WEDYAN_OOPS\Assignment-2\1\fastjson-master\src\main\java\com\alibaba\fastjson\serializer\BooleanCodec.java,com.alibaba.fastjson.serializer.BooleanCodec,class,10,11,1,10,12,1,0,8,3,1.0,0.0,0.0,3,0,3,0,0,0,3,0,0,0,1,1,1,0,0,0,1,0,1,58,5,0,7,1,0,4,1,11,1,7,3,0,0,0,40,1,0
D:\Others\assignment\FADI_WEDYAN_OOPS\Assignment-2\1\fastjson-master\src\main\java\com\alibaba\fastjson\serializer\PropertyPreFilter.java,com.alibaba.fastjson.serializer.PropertyPreFilter,interface,2,6,4,2,1,1,0,0,0,0.0,NaN,NaN,1,0,0,0,0,1,1,0,0,0,0,0,0,0,0,0,0,0,0,3,0,0,0,0,0,0,0,0,0,0,0,0,0,0,12,1,0
