file,class,type,cbo,cboModified,fanin,fanout,wmc,dit,noc,rfc,lcom,lcom*,tcc,lcc,totalMethodsQty,staticMethodsQty,publicMethodsQty,privateMethodsQty,protectedMethodsQty,defaultMethodsQty,visibleMethodsQty,abstractMethodsQty,finalMethodsQty,synchronizedMethodsQty,totalFieldsQty,staticFieldsQty,publicFieldsQty,privateFieldsQty,protectedFieldsQty,defaultFieldsQty,finalFieldsQty,synchronizedFieldsQty,nosi,loc,returnQty,loopQty,comparisonsQty,tryCatchQty,parenthesizedExpsQty,stringLiteralsQty,numbersQty,assignmentsQty,mathOperationsQty,variablesQty,maxNestedBlocksQty,anonymousClassesQty,innerClassesQty,lambdasQty,uniqueWordsQty,modifiers,logStatementsQty
D:\Others\assignment\FADI_WEDYAN_OOPS\Assignment-2\1\JavaHamcrest-master\hamcrest\src\test\java\org\hamcrest\comparator\ComparatorMatcherTest.java,org.hamcrest.comparator.ComparatorMatcherTest,class,7,7,0,7,10,3,0,22,45,0.0,0.0,0.0,10,0,9,0,1,0,10,0,0,0,0,0,0,0,0,0,0,0,48,60,1,0,0,0,0,20,33,0,0,0,0,1,1,0,49,1,0
D:\Others\assignment\FADI_WEDYAN_OOPS\Assignment-2\1\JavaHamcrest-master\hamcrest\src\test\java\org\hamcrest\collection\IsIterableContainingInRelativeOrderTest.java,org.hamcrest.collection.IsIterableContainingInRelativeOrderTest$Anonymous1,anonymous,1,1,0,1,1,1,0,1,0,0.0,NaN,NaN,1,0,0,0,1,0,1,0,0,0,0,0,0,0,0,0,0,0,0,5,1,0,0,0,0,0,0,0,0,0,0,0,0,0,6,-1,0
D:\Others\assignment\FADI_WEDYAN_OOPS\Assignment-2\1\JavaHamcrest-master\hamcrest\src\main\java\org\hamcrest\xml\HasXPath.java,org.hamcrest.xml.HasXPath$Anonymous1,anonymous,2,2,0,2,2,1,0,4,0,0.0,NaN,NaN,1,0,1,0,0,0,1,0,0,0,0,0,0,0,0,0,0,0,3,9,2,0,1,0,0,1,0,0,0,0,1,0,0,0,11,-1,0
D:\Others\assignment\FADI_WEDYAN_OOPS\Assignment-2\1\JavaHamcrest-master\hamcrest\src\test\java\org\hamcrest\CustomMatcherTest.java,org.hamcrest.CustomMatcherTest$Anonymous1,anonymous,0,0,0,0,1,1,0,0,0,0.0,NaN,NaN,1,0,1,0,0,0,1,0,0,0,0,0,0,0,0,0,0,0,0,5,1,0,0,0,1,0,0,0,0,0,0,0,0,0,3,-1,0
D:\Others\assignment\FADI_WEDYAN_OOPS\Assignment-2\1\JavaHamcrest-master\hamcrest\src\test\java\org\hamcrest\NullDescriptionTest.java,org.hamcrest.NullDescriptionTest,class,2,2,0,2,1,1,0,3,0,0.0,NaN,NaN,1,0,1,0,0,0,1,0,0,0,1,0,0,1,0,0,1,0,0,7,0,0,0,0,0,2,0,1,0,1,0,0,0,0,11,17,0
D:\Others\assignment\FADI_WEDYAN_OOPS\Assignment-2\1\JavaHamcrest-master\hamcrest\src\test\java\org\hamcrest\object\MatchesPatternTest.java,org.hamcrest.object.MatchesPatternTest,class,4,4,0,4,8,1,0,9,28,0.0,0.0,0.0,8,0,8,0,0,0,8,0,0,0,0,0,0,0,0,0,0,0,17,32,0,0,0,0,0,18,0,5,0,5,0,0,0,0,44,1,0
D:\Others\assignment\FADI_WEDYAN_OOPS\Assignment-2\1\JavaHamcrest-master\hamcrest\src\main\java\org\hamcrest\collection\IsArrayContainingInOrder.java,org.hamcrest.collection.IsArrayContainingInOrder,class,8,10,2,8,8,3,0,8,9,0.5714286,0.0,0.0,7,3,7,0,0,0,7,0,0,0,2,0,0,2,0,0,2,0,6,30,4,1,0,0,0,3,0,3,0,3,1,0,0,0,66,1,0
D:\Others\assignment\FADI_WEDYAN_OOPS\Assignment-2\1\JavaHamcrest-master\hamcrest\src\test\java\org\hamcrest\beans\SamePropertyValuesAsTest.java,org.hamcrest.beans.SamePropertyValuesAsTest,class,7,7,0,7,11,5,0,6,0,0.42424247,0.0,0.0,11,0,10,0,1,0,11,0,0,0,3,3,0,3,0,0,3,0,27,88,1,0,0,0,0,35,10,6,0,6,0,0,4,0,67,1,0
D:\Others\assignment\FADI_WEDYAN_OOPS\Assignment-2\1\JavaHamcrest-master\hamcrest\src\main\java\org\hamcrest\collection\IsArrayWithSize.java,org.hamcrest.collection.IsArrayWithSize,class,6,9,3,6,5,4,0,4,10,0.0,0.0,0.0,5,3,4,0,1,0,5,0,0,0,0,0,0,0,0,0,0,0,4,17,4,0,0,0,0,3,1,0,0,0,0,0,0,0,47,1,0
D:\Others\assignment\FADI_WEDYAN_OOPS\Assignment-2\1\JavaHamcrest-master\hamcrest\src\test\java\org\hamcrest\AbstractMatcherTest.java,org.hamcrest.AbstractMatcherTest,class,7,72,65,7,15,2,38,15,66,0.0,0.0,0.0,12,9,10,1,1,0,11,1,0,0,0,0,0,0,0,0,0,0,5,55,1,0,0,2,0,9,0,2,2,2,1,0,1,0,54,1025,0
D:\Others\assignment\FADI_WEDYAN_OOPS\Assignment-2\1\JavaHamcrest-master\hamcrest\src\test\java\org\hamcrest\text\CharSequenceLengthTest.java,org.hamcrest.text.CharSequenceLengthTest,class,4,4,0,4,3,3,0,5,3,0.0,0.0,0.0,3,0,2,0,1,0,3,0,0,0,0,0,0,0,0,0,0,0,11,18,1,0,0,0,0,10,3,2,0,2,0,0,0,0,31,1,0
D:\Others\assignment\FADI_WEDYAN_OOPS\Assignment-2\1\JavaHamcrest-master\hamcrest\src\test\java\org\hamcrest\core\IsEqualTest.java,org.hamcrest.core.IsEqualTest,class,5,5,0,5,12,1,0,24,66,0.0,0.0,0.0,12,0,12,0,0,0,12,0,0,0,0,0,0,0,0,0,0,0,57,112,0,0,0,0,0,37,36,31,2,31,0,3,0,0,80,17,0
D:\Others\assignment\FADI_WEDYAN_OOPS\Assignment-2\1\JavaHamcrest-master\hamcrest\src\main\java\org\hamcrest\text\IsEqualCompressingWhiteSpace.java,org.hamcrest.text.IsEqualCompressingWhiteSpace,class,4,7,3,4,9,3,0,6,16,0.5,0.0,0.0,8,2,7,0,1,0,8,0,0,0,1,0,0,1,0,0,1,0,0,30,5,0,1,0,0,6,0,1,0,1,1,0,0,0,82,1,0
D:\Others\assignment\FADI_WEDYAN_OOPS\Assignment-2\1\JavaHamcrest-master\hamcrest\src\test\java\org\hamcrest\collection\IsArrayWithSizeTest.java,org.hamcrest.collection.IsArrayWithSizeTest,class,4,4,0,4,5,3,0,7,10,0.0,0.0,0.0,5,0,4,0,1,0,5,0,0,0,0,0,0,0,0,0,0,0,21,21,1,0,0,0,0,8,19,0,0,0,0,0,0,0,32,1,0
D:\Others\assignment\FADI_WEDYAN_OOPS\Assignment-2\1\JavaHamcrest-master\hamcrest\src\test\java\org\hamcrest\core\IsNotTest.java,org.hamcrest.core.IsNotTest,class,6,6,0,6,4,1,0,10,6,0.0,0.0,0.0,4,0,4,0,0,0,4,0,0,0,0,0,0,0,0,0,0,0,15,21,0,0,0,0,0,10,0,3,0,3,0,0,0,0,39,17,0
D:\Others\assignment\FADI_WEDYAN_OOPS\Assignment-2\1\JavaHamcrest-master\hamcrest\src\main\java\org\hamcrest\DiagnosingMatcher.java,org.hamcrest.DiagnosingMatcher,class,4,11,7,4,3,2,0,1,3,0.0,0.0,0.0,3,0,2,0,1,0,3,1,2,0,0,0,0,0,0,0,0,0,0,9,1,0,0,0,0,0,0,0,0,0,0,0,0,0,16,1025,0
D:\Others\assignment\FADI_WEDYAN_OOPS\Assignment-2\1\JavaHamcrest-master\hamcrest\src\main\java\org\hamcrest\BaseDescription.java,org.hamcrest.BaseDescription,class,6,9,3,6,31,1,1,24,78,0.0,0.0,0.0,13,0,6,5,2,0,8,1,1,0,0,0,0,0,0,0,0,0,3,117,10,3,1,1,0,14,2,4,1,3,2,0,0,0,59,1025,0
D:\Others\assignment\FADI_WEDYAN_OOPS\Assignment-2\1\JavaHamcrest-master\hamcrest\src\test\java\org\hamcrest\collection\ArrayMatchingInOrderTest.java,org.hamcrest.collection.ArrayMatchingInOrderTest,class,4,4,0,4,6,3,0,8,15,0.0,0.0,0.0,6,0,5,0,1,0,6,0,0,0,0,0,0,0,0,0,0,0,27,27,1,0,0,0,0,14,31,1,0,1,0,0,0,0,32,1,0
D:\Others\assignment\FADI_WEDYAN_OOPS\Assignment-2\1\JavaHamcrest-master\hamcrest\src\test\java\org\hamcrest\BaseMatcherTest.java,org.hamcrest.BaseMatcherTest,class,3,3,0,3,1,1,0,2,0,0.0,NaN,NaN,1,0,1,0,0,0,1,0,0,0,0,0,0,0,0,0,0,0,0,14,0,0,0,0,0,1,0,1,0,1,0,1,0,0,12,17,0
D:\Others\assignment\FADI_WEDYAN_OOPS\Assignment-2\1\JavaHamcrest-master\hamcrest\src\main\java\org\hamcrest\core\IsNot.java,org.hamcrest.core.IsNot,class,6,16,10,6,5,2,0,5,0,0.2,0.0,0.0,5,2,5,0,0,0,5,0,0,0,1,0,0,1,0,0,1,0,2,18,3,0,0,0,0,1,0,1,0,1,0,0,0,0,56,1,0
D:\Others\assignment\FADI_WEDYAN_OOPS\Assignment-2\1\JavaHamcrest-master\hamcrest\src\test\java\org\hamcrest\FeatureMatcherTest.java,org.hamcrest.FeatureMatcherTest$ShouldNotMatch,innerclass,0,0,0,0,1,1,0,0,0,0.0,NaN,NaN,1,0,1,0,0,0,1,0,0,0,0,0,0,0,0,0,0,0,0,5,1,0,0,0,0,1,0,0,0,0,0,0,0,0,5,9,0
D:\Others\assignment\FADI_WEDYAN_OOPS\Assignment-2\1\JavaHamcrest-master\hamcrest\src\test\java\org\hamcrest\FeatureMatcherTest.java,org.hamcrest.FeatureMatcherTest$Thingy,innerclass,0,0,0,0,2,1,0,0,0,0.0,0.0,0.0,2,0,2,0,0,0,2,0,0,0,1,0,0,1,0,0,1,0,0,9,1,0,0,0,0,0,0,1,0,1,0,0,0,0,4,9,0
D:\Others\assignment\FADI_WEDYAN_OOPS\Assignment-2\1\JavaHamcrest-master\hamcrest\src\main\java\org\hamcrest\collection\ArrayMatching.java,org.hamcrest.collection.ArrayMatching,class,10,16,6,10,10,1,0,9,36,0.0,0.0,0.0,9,9,9,0,0,0,9,0,0,0,0,0,0,0,0,0,0,0,11,34,9,1,0,0,0,2,0,2,0,2,1,0,0,0,111,1,0
D:\Others\assignment\FADI_WEDYAN_OOPS\Assignment-2\1\JavaHamcrest-master\hamcrest\src\main\java\org\hamcrest\core\AllOf.java,org.hamcrest.core.AllOf,class,5,11,6,5,8,3,0,7,0,0.0,0.0,0.0,6,2,6,0,0,0,6,0,0,0,1,0,0,1,0,0,1,0,3,28,4,1,0,0,0,6,0,1,1,1,2,0,0,0,50,1,0
D:\Others\assignment\FADI_WEDYAN_OOPS\Assignment-2\1\JavaHamcrest-master\hamcrest\src\main\java\org\hamcrest\core\Every.java,org.hamcrest.core.Every,class,5,9,4,5,6,3,0,4,0,0.25,0.0,0.0,4,1,4,0,0,0,4,0,0,0,1,0,0,1,0,0,1,0,0,22,3,1,0,0,0,2,0,1,0,1,2,0,0,0,49,1,0
D:\Others\assignment\FADI_WEDYAN_OOPS\Assignment-2\1\JavaHamcrest-master\hamcrest\src\main\java\org\hamcrest\io\FileMatchers.java,org.hamcrest.io.FileMatchers$Anonymous1,anonymous,0,0,0,0,1,1,0,1,0,0.0,NaN,NaN,1,0,0,0,1,0,1,0,0,0,0,0,0,0,0,0,0,0,0,5,1,0,0,0,0,0,0,0,0,0,0,0,0,0,6,-1,0
D:\Others\assignment\FADI_WEDYAN_OOPS\Assignment-2\1\JavaHamcrest-master\hamcrest\src\main\java\org\hamcrest\collection\IsIterableContainingInAnyOrder.java,org.hamcrest.collection.IsIterableContainingInAnyOrder$Matching,innerclass,4,4,0,4,8,1,0,8,0,0.0,0.0,0.0,4,0,3,1,0,0,3,0,0,0,2,0,0,2,0,0,2,0,0,32,6,1,0,0,0,10,0,2,0,2,2,0,0,0,16,10,0
D:\Others\assignment\FADI_WEDYAN_OOPS\Assignment-2\1\JavaHamcrest-master\hamcrest\src\main\java\org\hamcrest\io\FileMatchers.java,org.hamcrest.io.FileMatchers$Anonymous2,anonymous,0,0,0,0,1,1,0,1,0,0.0,NaN,NaN,1,0,0,0,1,0,1,0,0,0,0,0,0,0,0,0,0,0,0,5,1,0,0,0,0,0,0,0,0,0,0,0,0,0,5,-1,0
D:\Others\assignment\FADI_WEDYAN_OOPS\Assignment-2\1\JavaHamcrest-master\hamcrest\src\main\java\org\hamcrest\beans\SamePropertyValuesAs.java,org.hamcrest.beans.SamePropertyValuesAs,class,9,13,4,9,21,5,0,25,11,0.65909094,0.0,0.0,11,5,3,7,1,0,4,0,0,0,4,0,0,4,0,0,4,0,9,101,12,3,0,1,0,13,0,8,4,8,2,0,1,0,109,1,0
D:\Others\assignment\FADI_WEDYAN_OOPS\Assignment-2\1\JavaHamcrest-master\hamcrest\src\main\java\org\hamcrest\io\FileMatchers.java,org.hamcrest.io.FileMatchers$Anonymous3,anonymous,0,0,0,0,2,1,0,2,0,0.0,NaN,NaN,1,0,0,0,1,0,1,0,0,0,0,0,0,0,0,0,0,0,0,10,2,0,0,1,0,1,0,0,1,0,1,0,0,0,9,-1,0
D:\Others\assignment\FADI_WEDYAN_OOPS\Assignment-2\1\JavaHamcrest-master\hamcrest\src\main\java\org\hamcrest\io\FileMatchers.java,org.hamcrest.io.FileMatchers$Anonymous4,anonymous,0,0,0,0,1,1,0,1,0,0.0,NaN,NaN,1,0,0,0,1,0,1,0,0,0,0,0,0,0,0,0,0,0,0,5,1,0,0,0,0,0,0,0,0,0,0,0,0,0,5,-1,0
D:\Others\assignment\FADI_WEDYAN_OOPS\Assignment-2\1\JavaHamcrest-master\hamcrest\src\main\java\org\hamcrest\comparator\ComparatorMatcherBuilder.java,org.hamcrest.comparator.ComparatorMatcherBuilder$Anonymous1,anonymous,1,1,0,1,1,1,0,1,0,0.0,NaN,NaN,1,0,1,0,0,0,1,0,0,0,0,0,0,0,0,0,0,0,0,5,1,0,0,0,0,0,0,0,0,0,0,0,0,0,3,-1,0
D:\Others\assignment\FADI_WEDYAN_OOPS\Assignment-2\1\JavaHamcrest-master\hamcrest\src\test\java\org\hamcrest\number\IsNanTest.java,org.hamcrest.number.IsNanTest,class,4,4,0,4,6,1,0,7,15,0.0,0.0,0.0,6,0,6,0,0,0,6,0,0,0,0,0,0,0,0,0,0,0,13,22,0,0,0,0,0,2,2,1,0,1,0,0,0,0,34,17,0
D:\Others\assignment\FADI_WEDYAN_OOPS\Assignment-2\1\JavaHamcrest-master\hamcrest\src\main\java\org\hamcrest\core\IsEqual.java,org.hamcrest.core.IsEqual,class,5,52,47,5,16,2,0,11,39,0.7,0.0,0.0,10,7,5,5,0,0,5,0,0,0,1,0,0,1,0,0,1,0,12,44,11,1,4,0,0,0,1,2,0,2,2,0,0,0,96,1,0
D:\Others\assignment\FADI_WEDYAN_OOPS\Assignment-2\1\JavaHamcrest-master\hamcrest\src\main\java\org\hamcrest\io\FileMatchers.java,org.hamcrest.io.FileMatchers$Anonymous9,anonymous,0,0,0,0,1,1,0,1,0,0.0,NaN,NaN,1,0,1,0,0,0,1,0,0,0,0,0,0,0,0,0,0,0,0,5,1,0,0,0,0,0,0,0,0,0,0,0,0,0,3,-1,0
D:\Others\assignment\FADI_WEDYAN_OOPS\Assignment-2\1\JavaHamcrest-master\hamcrest\src\test\java\org\hamcrest\beans\HasPropertyTest.java,org.hamcrest.beans.HasPropertyTest,class,5,5,0,5,5,1,0,7,4,0.4,0.0,0.0,5,0,5,0,0,0,5,0,0,0,1,0,0,1,0,0,1,0,11,20,0,0,0,0,0,8,0,2,0,2,0,0,0,0,43,17,0
D:\Others\assignment\FADI_WEDYAN_OOPS\Assignment-2\1\JavaHamcrest-master\hamcrest\src\test\java\org\hamcrest\object\IsEventFromTest.java,org.hamcrest.object.IsEventFromTest$DerivedEvent,innerclass,0,0,0,0,1,1,0,0,0,1.0,NaN,NaN,1,0,1,0,0,0,1,0,0,0,1,1,0,1,0,0,1,0,0,6,0,0,0,0,0,0,1,1,0,1,0,0,0,0,11,10,0
D:\Others\assignment\FADI_WEDYAN_OOPS\Assignment-2\1\JavaHamcrest-master\hamcrest\src\main\java\org\hamcrest\io\FileMatchers.java,org.hamcrest.io.FileMatchers$Anonymous5,anonymous,0,0,0,0,1,1,0,1,0,0.0,NaN,NaN,1,0,1,0,0,0,1,0,0,0,0,0,0,0,0,0,0,0,0,5,1,0,0,0,0,0,0,0,0,0,0,0,0,0,3,-1,0
D:\Others\assignment\FADI_WEDYAN_OOPS\Assignment-2\1\JavaHamcrest-master\hamcrest\src\main\java\org\hamcrest\io\FileMatchers.java,org.hamcrest.io.FileMatchers$Anonymous6,anonymous,0,0,0,0,1,1,0,1,0,0.0,NaN,NaN,1,0,1,0,0,0,1,0,0,0,0,0,0,0,0,0,0,0,0,5,1,0,0,0,0,0,0,0,0,0,0,0,0,0,3,-1,0
D:\Others\assignment\FADI_WEDYAN_OOPS\Assignment-2\1\JavaHamcrest-master\hamcrest\src\main\java\org\hamcrest\io\FileMatchers.java,org.hamcrest.io.FileMatchers$Anonymous7,anonymous,0,0,0,0,1,1,0,1,0,0.0,NaN,NaN,1,0,1,0,0,0,1,0,0,0,0,0,0,0,0,0,0,0,0,5,1,0,0,0,0,0,0,0,0,0,0,0,0,0,3,-1,0
D:\Others\assignment\FADI_WEDYAN_OOPS\Assignment-2\1\JavaHamcrest-master\hamcrest\src\main\java\org\hamcrest\io\FileMatchers.java,org.hamcrest.io.FileMatchers$Anonymous8,anonymous,0,0,0,0,1,1,0,1,0,0.0,NaN,NaN,1,0,1,0,0,0,1,0,0,0,0,0,0,0,0,0,0,0,0,5,1,0,0,0,0,0,0,0,0,0,0,0,0,0,3,-1,0
D:\Others\assignment\FADI_WEDYAN_OOPS\Assignment-2\1\JavaHamcrest-master\hamcrest\src\test\java\org\hamcrest\number\OrderingComparisonTest.java,org.hamcrest.number.OrderingComparisonTest$CustomInt,innerclass,1,1,0,1,2,1,0,0,0,0.0,0.0,0.0,2,0,2,0,0,0,2,0,0,0,1,0,0,1,0,0,1,0,0,9,1,0,0,0,0,0,0,1,1,1,0,0,0,0,6,26,0
D:\Others\assignment\FADI_WEDYAN_OOPS\Assignment-2\1\JavaHamcrest-master\hamcrest\src\test\java\org\hamcrest\core\AllOfTest.java,org.hamcrest.core.AllOfTest,class,13,13,0,13,7,1,0,18,21,0.0,0.0,0.0,7,0,7,0,0,0,7,0,0,0,0,0,0,0,0,0,0,0,40,32,0,0,0,0,0,38,0,4,0,4,0,0,0,0,59,17,0
D:\Others\assignment\FADI_WEDYAN_OOPS\Assignment-2\1\JavaHamcrest-master\hamcrest\src\test\java\org\hamcrest\object\IsCompatibleTypeTest.java,org.hamcrest.object.IsCompatibleTypeTest$BaseClass,innerclass,0,0,0,0,0,1,0,0,0,0.0,-1.0,-1.0,0,0,0,0,0,0,0,0,0,0,0,0,0,0,0,0,0,0,0,2,0,0,0,0,0,0,0,0,0,0,0,0,0,0,2,8,0
D:\Others\assignment\FADI_WEDYAN_OOPS\Assignment-2\1\JavaHamcrest-master\hamcrest\src\main\java\org\hamcrest\collection\IsIterableContainingInOrder.java,org.hamcrest.collection.IsIterableContainingInOrder$MatchSeries,innerclass,4,4,0,4,9,1,0,10,0,0.2,0.0,0.0,5,0,3,2,0,0,3,0,0,0,3,0,0,3,0,0,2,0,0,39,6,0,0,0,0,5,1,4,1,4,1,0,0,0,27,10,0
D:\Others\assignment\FADI_WEDYAN_OOPS\Assignment-2\1\JavaHamcrest-master\hamcrest\src\main\java\org\hamcrest\object\IsCompatibleType.java,org.hamcrest.object.IsCompatibleType,class,5,8,3,5,5,3,0,5,4,0.4,0.0,0.0,5,1,5,0,0,0,5,0,0,0,1,0,0,1,0,0,1,0,0,18,2,0,0,0,0,1,0,1,0,1,0,0,0,0,37,1,0
D:\Others\assignment\FADI_WEDYAN_OOPS\Assignment-2\1\JavaHamcrest-master\hamcrest\src\test\java\org\hamcrest\beans\HasPropertyWithValueTest.java,org.hamcrest.beans.HasPropertyWithValueTest$BeanWithInner,innerclass,0,0,0,0,2,1,0,0,0,0.0,0.0,0.0,2,0,2,0,0,0,2,0,0,0,1,0,0,1,0,0,1,0,0,9,1,0,0,0,0,1,0,1,0,1,0,0,0,0,6,9,0
D:\Others\assignment\FADI_WEDYAN_OOPS\Assignment-2\1\JavaHamcrest-master\hamcrest\src\test\java\org\hamcrest\collection\IsIterableContainingInOrderTest.java,org.hamcrest.collection.IsIterableContainingInOrderTest$WithValue,innerclass,0,0,0,0,3,1,0,0,0,0.0,0.0,0.0,3,0,3,0,0,0,3,0,0,0,1,0,0,1,0,0,1,0,0,12,2,0,0,0,0,1,0,1,1,1,0,0,0,0,6,9,0
D:\Others\assignment\FADI_WEDYAN_OOPS\Assignment-2\1\JavaHamcrest-master\hamcrest\src\test\java\org\hamcrest\collection\IsMapContainingValueTest.java,org.hamcrest.collection.IsMapContainingValueTest,class,3,3,0,3,5,3,0,6,10,0.0,0.0,0.0,5,0,4,0,1,0,5,0,0,0,0,0,0,0,0,0,0,0,13,26,1,0,0,0,0,12,9,3,0,3,0,0,0,0,24,1,0
D:\Others\assignment\FADI_WEDYAN_OOPS\Assignment-2\1\JavaHamcrest-master\hamcrest\src\main\java\org\hamcrest\text\IsEmptyString.java,org.hamcrest.text.IsEmptyString,class,6,9,3,6,7,3,0,6,21,0.85714287,0.0,0.0,7,4,6,1,0,0,6,0,0,0,2,2,0,2,0,0,2,0,4,24,5,0,0,0,0,3,0,2,0,2,0,0,0,0,56,17,0
D:\Others\assignment\FADI_WEDYAN_OOPS\Assignment-2\1\JavaHamcrest-master\hamcrest\src\test\java\org\hamcrest\comparator\ComparatorMatcherTest.java,org.hamcrest.comparator.ComparatorMatcherTest$CustomInt,innerclass,1,1,0,1,2,1,0,0,0,0.0,0.0,0.0,2,0,2,0,0,0,2,0,0,0,1,0,0,1,0,0,1,0,0,9,1,0,0,0,0,0,0,1,1,1,0,0,0,0,6,26,0
D:\Others\assignment\FADI_WEDYAN_OOPS\Assignment-2\1\JavaHamcrest-master\hamcrest\src\main\java\org\hamcrest\core\CombinableMatcher.java,org.hamcrest.core.CombinableMatcher$CombinableEitherMatcher,innerclass,4,4,0,4,2,1,0,1,0,0.0,0.0,0.0,2,0,2,0,0,0,2,0,0,0,1,0,0,1,0,0,1,0,0,9,1,0,0,0,0,0,0,1,0,1,0,0,0,0,8,25,0
D:\Others\assignment\FADI_WEDYAN_OOPS\Assignment-2\1\JavaHamcrest-master\hamcrest\src\test\java\org\hamcrest\comparator\ComparatorMatcherBuilderTest.java,org.hamcrest.comparator.ComparatorMatcherBuilderTest,class,6,6,0,6,12,3,0,22,18,0.7666667,0.0,0.0,12,0,11,0,1,0,12,0,0,0,5,0,0,5,0,0,5,0,61,93,1,0,0,0,0,29,60,5,0,5,0,2,1,0,66,1,0
D:\Others\assignment\FADI_WEDYAN_OOPS\Assignment-2\1\JavaHamcrest-master\hamcrest\src\test\java\org\hamcrest\core\DescribedAsTest.java,org.hamcrest.core.DescribedAsTest,class,6,6,0,6,5,1,0,12,10,0.0,0.0,0.0,5,0,5,0,0,0,5,0,0,0,0,0,0,0,0,0,0,0,17,24,0,0,0,0,0,12,4,5,0,5,0,0,0,0,36,17,0
D:\Others\assignment\FADI_WEDYAN_OOPS\Assignment-2\1\JavaHamcrest-master\hamcrest\src\test\java\org\hamcrest\object\IsCompatibleTypeTest.java,org.hamcrest.object.IsCompatibleTypeTest,class,9,9,0,9,7,4,0,9,21,0.0,0.0,0.0,7,0,6,0,1,0,7,0,0,0,0,0,0,0,0,0,0,0,13,33,1,0,0,0,0,1,0,0,0,0,0,0,5,0,21,1,0
D:\Others\assignment\FADI_WEDYAN_OOPS\Assignment-2\1\JavaHamcrest-master\hamcrest\src\main\java\org\hamcrest\core\IsIterableContaining.java,org.hamcrest.core.IsIterableContaining,class,7,13,6,7,15,3,0,11,16,0.5,0.0,0.0,8,4,6,1,1,0,7,0,0,0,1,0,0,1,0,0,1,0,4,54,8,4,0,0,0,5,0,5,0,4,2,0,0,0,81,1,0
D:\Others\assignment\FADI_WEDYAN_OOPS\Assignment-2\1\JavaHamcrest-master\hamcrest\src\main\java\org\hamcrest\collection\IsIterableWithSize.java,org.hamcrest.collection.IsIterableWithSize,class,5,8,3,5,5,4,0,5,6,0.0,0.0,0.0,4,2,3,0,1,0,4,0,0,0,0,0,0,0,0,0,0,0,2,18,3,1,0,0,0,2,1,2,0,2,1,0,0,0,49,1,0
D:\Others\assignment\FADI_WEDYAN_OOPS\Assignment-2\1\JavaHamcrest-master\hamcrest\src\test\java\org\hamcrest\FeatureMatcherTest.java,org.hamcrest.FeatureMatcherTest$Anonymous1,anonymous,1,1,0,1,1,1,0,1,0,0.0,NaN,NaN,1,0,1,0,0,0,1,0,0,0,0,0,0,0,0,0,0,0,0,5,1,0,0,0,0,0,0,0,0,0,0,0,0,0,5,-1,0
D:\Others\assignment\FADI_WEDYAN_OOPS\Assignment-2\1\JavaHamcrest-master\hamcrest\src\main\java\org\hamcrest\Matcher.java,org.hamcrest.Matcher,interface,2,140,138,2,3,1,0,0,3,0.0,0.0,0.0,3,0,0,0,0,3,3,0,0,0,0,0,0,0,0,0,0,0,0,5,0,0,0,0,0,0,0,0,0,0,0,0,0,0,132,1,0
D:\Others\assignment\FADI_WEDYAN_OOPS\Assignment-2\1\JavaHamcrest-master\hamcrest\src\test\java\org\hamcrest\TypeSafeDiagnosingMatcherTest.java,org.hamcrest.TypeSafeDiagnosingMatcherTest$SubMatcher,innerclass,3,3,0,3,4,3,0,2,6,0.0,0.0,0.0,4,0,3,0,1,0,4,0,0,0,0,0,0,0,0,0,0,0,0,14,1,0,0,0,0,1,0,0,0,0,0,0,0,0,13,9,0
D:\Others\assignment\FADI_WEDYAN_OOPS\Assignment-2\1\JavaHamcrest-master\hamcrest\src\main\java\org\hamcrest\io\FileMatchers.java,org.hamcrest.io.FileMatchers,class,7,9,2,7,11,1,0,3,55,0.9090909,0.0,0.0,11,11,10,1,0,0,10,0,0,0,5,5,5,0,0,0,5,0,7,105,11,0,0,0,0,18,0,5,0,5,0,10,1,0,50,17,0
D:\Others\assignment\FADI_WEDYAN_OOPS\Assignment-2\1\JavaHamcrest-master\hamcrest\src\main\java\org\hamcrest\collection\IsMapWithSize.java,org.hamcrest.collection.IsMapWithSize,class,6,9,3,6,5,4,0,3,10,0.0,0.0,0.0,5,3,4,0,1,0,5,0,0,0,0,0,0,0,0,0,0,0,4,17,4,0,0,0,0,3,1,0,0,0,0,0,0,0,46,17,0
D:\Others\assignment\FADI_WEDYAN_OOPS\Assignment-2\1\JavaHamcrest-master\hamcrest\src\main\java\org\hamcrest\collection\IsEmptyIterable.java,org.hamcrest.collection.IsEmptyIterable,class,5,8,3,5,5,3,0,5,10,0.0,0.0,0.0,5,2,5,0,0,0,5,0,0,0,0,0,0,0,0,0,0,0,1,17,3,0,0,0,0,6,0,0,0,0,0,0,0,0,44,1,0
D:\Others\assignment\FADI_WEDYAN_OOPS\Assignment-2\1\JavaHamcrest-master\hamcrest\src\test\java\org\hamcrest\TypeSafeMatcherTest.java,org.hamcrest.TypeSafeMatcherTest$TypeSafeMatcherSubclass,innerclass,2,2,0,2,3,3,0,1,3,0.0,0.0,0.0,3,0,3,0,0,0,3,0,0,0,0,0,0,0,0,0,0,0,0,10,1,0,0,0,0,1,0,0,0,0,0,0,0,0,14,9,0
D:\Others\assignment\FADI_WEDYAN_OOPS\Assignment-2\1\JavaHamcrest-master\hamcrest\src\test\java\org\hamcrest\BaseMatcherTest.java,org.hamcrest.BaseMatcherTest$Anonymous1,anonymous,1,1,0,1,2,1,0,1,1,0.0,0.0,0.0,2,0,2,0,0,0,2,0,0,0,0,0,0,0,0,0,0,0,0,8,0,0,0,0,0,1,0,0,0,0,0,0,0,0,10,-1,0
D:\Others\assignment\FADI_WEDYAN_OOPS\Assignment-2\1\JavaHamcrest-master\hamcrest\src\test\java\org\hamcrest\beans\HasPropertyWithValueTest.java,org.hamcrest.beans.HasPropertyWithValueTest$BeanWithBug,innerclass,1,1,0,1,1,1,0,0,0,0.0,NaN,NaN,1,0,1,0,0,0,1,0,0,0,0,0,0,0,0,0,0,0,0,5,0,0,0,0,0,1,0,0,0,0,0,0,0,0,6,9,0
D:\Others\assignment\FADI_WEDYAN_OOPS\Assignment-2\1\JavaHamcrest-master\hamcrest\src\test\java\org\hamcrest\core\IsCollectionContainingTest.java,org.hamcrest.core.IsCollectionContainingTest,class,8,9,1,8,8,3,0,15,28,0.0,0.0,0.0,8,1,6,1,1,0,7,0,0,0,0,0,0,0,0,0,0,0,49,52,2,0,0,0,0,55,3,9,0,9,0,1,0,0,65,1,0
D:\Others\assignment\FADI_WEDYAN_OOPS\Assignment-2\1\JavaHamcrest-master\hamcrest\src\main\java\org\hamcrest\collection\IsArrayContainingInAnyOrder.java,org.hamcrest.collection.IsArrayContainingInAnyOrder,class,8,10,2,8,8,3,0,9,9,0.5714286,0.0,0.0,7,3,7,0,0,0,7,0,0,0,2,0,0,2,0,0,2,0,5,30,4,1,0,0,0,4,0,3,0,3,1,0,0,0,85,1,0
D:\Others\assignment\FADI_WEDYAN_OOPS\Assignment-2\1\JavaHamcrest-master\hamcrest\src\test\java\org\hamcrest\collection\IsArrayTest.java,org.hamcrest.collection.IsArrayTest,class,5,5,0,5,8,3,0,6,28,0.0,0.0,0.0,8,0,7,0,1,0,8,0,0,0,0,0,0,0,0,0,0,0,33,39,1,0,0,0,0,38,0,1,0,1,0,1,0,0,44,1,0
D:\Others\assignment\FADI_WEDYAN_OOPS\Assignment-2\1\JavaHamcrest-master\hamcrest\src\test\java\org\hamcrest\core\IsTest.java,org.hamcrest.core.IsTest,class,5,5,0,5,5,1,0,13,10,0.0,0.0,0.0,5,0,5,0,0,0,5,0,0,0,0,0,0,0,0,0,0,0,20,27,0,0,0,0,0,10,1,4,0,4,0,0,0,0,40,17,0
D:\Others\assignment\FADI_WEDYAN_OOPS\Assignment-2\1\JavaHamcrest-master\hamcrest\src\main\java\org\hamcrest\collection\IsEmptyCollection.java,org.hamcrest.collection.IsEmptyCollection,class,5,8,3,5,5,3,0,4,10,0.0,0.0,0.0,5,2,5,0,0,0,5,0,0,0,0,0,0,0,0,0,0,0,1,17,3,0,0,0,0,3,0,0,0,0,0,0,0,0,45,1,0
D:\Others\assignment\FADI_WEDYAN_OOPS\Assignment-2\1\JavaHamcrest-master\hamcrest\src\main\java\org\hamcrest\comparator\ComparatorMatcherBuilder.java,org.hamcrest.comparator.ComparatorMatcherBuilder,class,5,9,4,5,8,3,0,0,0,0.1875,0.0,0.0,8,2,7,1,0,0,7,0,0,0,2,0,0,2,0,0,2,0,0,80,7,0,0,0,0,0,0,2,0,2,0,1,1,0,65,17,0
D:\Others\assignment\FADI_WEDYAN_OOPS\Assignment-2\1\JavaHamcrest-master\hamcrest\src\main\java\org\hamcrest\core\StringContains.java,org.hamcrest.core.StringContains,class,3,11,8,3,5,4,0,2,10,0.0,0.0,0.0,5,2,4,0,1,0,5,0,0,0,0,0,0,0,0,0,0,0,0,17,3,0,0,0,0,1,0,0,0,0,0,0,0,0,37,1,0
D:\Others\assignment\FADI_WEDYAN_OOPS\Assignment-2\1\JavaHamcrest-master\hamcrest\src\test\java\org\hamcrest\core\StringRegularExpressionTest.java,org.hamcrest.core.StringRegularExpressionTest,class,3,3,0,3,2,3,0,5,0,0.0,0.0,0.0,2,0,1,0,1,0,2,0,0,0,1,0,1,0,0,0,1,0,5,12,1,0,0,0,0,6,0,1,0,1,0,0,0,0,26,1,0
D:\Others\assignment\FADI_WEDYAN_OOPS\Assignment-2\1\JavaHamcrest-master\hamcrest\src\test\java\org\hamcrest\object\HasEqualsValuesTest.java,org.hamcrest.object.HasEqualsValuesTest$WithPublicFields,innerclass,1,1,0,1,1,2,0,0,0,0.0,NaN,NaN,1,0,1,0,0,0,1,0,0,0,2,0,2,0,0,0,2,0,0,9,0,0,0,0,0,0,0,2,0,2,0,0,0,0,7,9,0
D:\Others\assignment\FADI_WEDYAN_OOPS\Assignment-2\1\JavaHamcrest-master\hamcrest\src\main\java\org\hamcrest\internal\NullSafety.java,org.hamcrest.internal.NullSafety,class,2,4,2,2,3,1,0,2,0,0.0,NaN,NaN,1,1,1,0,0,0,1,0,0,0,0,0,0,0,0,0,0,0,1,9,1,1,1,0,1,1,0,1,0,1,1,0,0,0,9,1,0
D:\Others\assignment\FADI_WEDYAN_OOPS\Assignment-2\1\JavaHamcrest-master\hamcrest\src\test\java\org\hamcrest\collection\IsMapContainingTest.java,org.hamcrest.collection.IsMapContainingTest,class,5,5,0,5,5,3,0,14,10,0.0,0.0,0.0,5,0,4,0,1,0,5,0,0,0,0,0,0,0,0,0,0,0,32,27,1,0,0,0,1,22,11,2,0,2,0,0,0,0,32,1,0
D:\Others\assignment\FADI_WEDYAN_OOPS\Assignment-2\1\JavaHamcrest-master\hamcrest\src\test\java\org\hamcrest\AbstractMatcherTest.java,org.hamcrest.AbstractMatcherTest$UnknownType,innerclass,0,0,0,0,0,1,0,0,0,0.0,-1.0,-1.0,0,0,0,0,0,0,0,0,0,0,0,0,0,0,0,0,0,0,0,2,0,0,0,0,0,1,0,0,0,0,0,0,0,0,2,9,0
D:\Others\assignment\FADI_WEDYAN_OOPS\Assignment-2\1\JavaHamcrest-master\hamcrest\src\test\java\org\hamcrest\object\IsCompatibleTypeTest.java,org.hamcrest.object.IsCompatibleTypeTest$BaseInterface,interface,0,0,0,0,0,1,0,0,0,0.0,-1.0,-1.0,0,0,0,0,0,0,0,0,0,0,0,0,0,0,0,0,0,0,0,2,0,0,0,0,0,0,0,0,0,0,0,0,0,0,2,0,0
D:\Others\assignment\FADI_WEDYAN_OOPS\Assignment-2\1\JavaHamcrest-master\hamcrest\src\test\java\org\hamcrest\TypeSafeDiagnosingMatcherTest.java,org.hamcrest.TypeSafeDiagnosingMatcherTest$Anonymous2,anonymous,1,1,0,1,2,1,0,1,1,0.0,0.0,0.0,2,0,1,0,1,0,2,0,0,0,0,0,0,0,0,0,0,0,0,8,1,0,0,0,0,1,0,0,0,0,0,0,0,0,8,-1,0
D:\Others\assignment\FADI_WEDYAN_OOPS\Assignment-2\1\JavaHamcrest-master\hamcrest\src\test\java\org\hamcrest\text\IsBlankStringTest.java,org.hamcrest.text.IsBlankStringTest,class,4,4,0,4,7,1,0,8,21,0.0,0.0,0.0,7,0,7,0,0,0,7,0,0,0,0,0,0,0,0,0,0,0,27,31,0,0,0,0,0,12,0,1,0,1,0,0,0,0,35,17,0
D:\Others\assignment\FADI_WEDYAN_OOPS\Assignment-2\1\JavaHamcrest-master\hamcrest\src\test\java\org\hamcrest\beans\HasPropertyWithValueTest.java,org.hamcrest.beans.HasPropertyWithValueTest$BeanFailed,innerclass,0,0,0,0,1,4,0,0,0,0.0,NaN,NaN,1,0,1,0,0,0,1,0,0,0,0,0,0,0,0,0,0,0,0,5,0,0,0,0,0,2,0,0,0,0,0,0,0,0,4,9,0
D:\Others\assignment\FADI_WEDYAN_OOPS\Assignment-2\1\JavaHamcrest-master\hamcrest\src\test\java\org\hamcrest\FeatureMatcherTest.java,org.hamcrest.FeatureMatcherTest,class,11,12,1,11,5,3,0,8,0,0.0,0.0,0.0,5,1,4,1,0,0,4,0,0,0,1,0,0,1,0,0,1,0,5,49,1,0,0,0,0,10,0,2,0,2,0,1,3,0,29,17,0
D:\Others\assignment\FADI_WEDYAN_OOPS\Assignment-2\1\JavaHamcrest-master\hamcrest\src\test\java\org\hamcrest\TypeSafeDiagnosingMatcherTest.java,org.hamcrest.TypeSafeDiagnosingMatcherTest$Anonymous1,anonymous,2,2,0,2,2,1,0,1,1,0.0,0.0,0.0,2,0,1,0,1,0,2,0,0,0,0,0,0,0,0,0,0,0,0,8,1,0,0,0,0,1,0,0,0,0,0,0,0,0,12,-1,0
D:\Others\assignment\FADI_WEDYAN_OOPS\Assignment-2\1\JavaHamcrest-master\hamcrest\src\main\java\org\hamcrest\TypeSafeMatcher.java,org.hamcrest.TypeSafeMatcher,class,5,31,26,5,10,2,0,9,9,0.64285713,0.0,0.0,7,0,2,0,5,0,7,1,2,0,2,1,0,2,0,0,2,0,0,31,1,0,2,0,0,6,2,3,0,2,1,0,0,0,99,1025,0
D:\Others\assignment\FADI_WEDYAN_OOPS\Assignment-2\1\JavaHamcrest-master\hamcrest\src\main\java\org\hamcrest\text\IsEqualIgnoringCase.java,org.hamcrest.text.IsEqualIgnoringCase,class,4,7,3,4,6,3,0,3,4,0.4,0.0,0.0,5,1,5,0,0,0,5,0,0,0,1,0,0,1,0,0,1,0,0,21,2,0,1,0,0,4,0,1,0,1,1,0,0,0,45,1,0
D:\Others\assignment\FADI_WEDYAN_OOPS\Assignment-2\1\JavaHamcrest-master\hamcrest\src\test\java\org\hamcrest\text\IsEmptyStringTest.java,org.hamcrest.text.IsEmptyStringTest,class,4,4,0,4,7,1,0,8,21,0.0,0.0,0.0,7,0,7,0,0,0,7,0,0,0,0,0,0,0,0,0,0,0,27,31,0,0,0,0,0,12,0,1,0,1,0,0,0,0,35,17,0
D:\Others\assignment\FADI_WEDYAN_OOPS\Assignment-2\1\JavaHamcrest-master\hamcrest\src\test\java\org\hamcrest\MatcherAssertTest.java,org.hamcrest.MatcherAssertTest$Anonymous1,anonymous,1,1,0,1,3,1,0,1,3,0.0,0.0,0.0,3,0,3,0,0,0,3,0,0,0,0,0,0,0,0,0,0,0,0,11,1,0,0,0,0,2,0,0,0,0,0,0,0,0,10,-1,0
D:\Others\assignment\FADI_WEDYAN_OOPS\Assignment-2\1\JavaHamcrest-master\hamcrest\src\main\java\org\hamcrest\Condition.java,org.hamcrest.Condition$NotMatched,innerclass,5,5,0,5,2,2,0,1,1,0.0,0.0,0.0,2,0,2,0,0,0,2,0,0,0,0,0,0,0,0,0,0,0,1,8,2,0,0,0,0,0,0,0,0,0,0,0,0,0,7,26,0
D:\Others\assignment\FADI_WEDYAN_OOPS\Assignment-2\1\JavaHamcrest-master\hamcrest\src\main\java\org\hamcrest\object\HasEqualValues.java,org.hamcrest.object.HasEqualValues$FieldMatcher,innerclass,5,5,0,5,4,3,0,7,0,0.0,0.0,0.0,3,0,2,0,1,0,3,0,0,0,2,0,0,2,0,0,2,0,3,20,2,0,0,0,0,3,0,3,0,3,1,0,0,0,17,10,0
D:\Others\assignment\FADI_WEDYAN_OOPS\Assignment-2\1\JavaHamcrest-master\hamcrest\src\main\java\org\hamcrest\Description.java,org.hamcrest.Description$NullDescription,innerclass,4,4,0,4,7,1,0,0,21,0.0,0.0,0.0,7,0,7,0,0,0,7,0,0,0,0,0,0,0,0,0,0,0,0,23,7,0,0,0,0,1,0,0,0,0,0,0,0,0,15,25,0
D:\Others\assignment\FADI_WEDYAN_OOPS\Assignment-2\1\JavaHamcrest-master\hamcrest\src\main\java\org\hamcrest\SelfDescribing.java,org.hamcrest.SelfDescribing,interface,1,8,7,1,1,1,0,0,0,0.0,NaN,NaN,1,0,0,0,0,1,1,0,0,0,0,0,0,0,0,0,0,0,0,3,0,0,0,0,0,0,0,0,0,0,0,0,0,0,29,1,0
D:\Others\assignment\FADI_WEDYAN_OOPS\Assignment-2\1\JavaHamcrest-master\hamcrest\src\test\java\org\hamcrest\collection\IsIterableContainingInRelativeOrderTest.java,org.hamcrest.collection.IsIterableContainingInRelativeOrderTest$WithValue,innerclass,0,0,0,0,3,1,0,0,0,0.0,0.0,0.0,3,0,3,0,0,0,3,0,0,0,1,0,0,1,0,0,1,0,0,12,2,0,0,0,0,1,0,1,1,1,0,0,0,0,6,9,0
D:\Others\assignment\FADI_WEDYAN_OOPS\Assignment-2\1\JavaHamcrest-master\hamcrest\src\test\java\org\hamcrest\object\HasToStringTest.java,org.hamcrest.object.HasToStringTest,class,5,5,0,5,5,1,0,9,0,0.4,0.0,0.0,5,0,5,0,0,0,5,0,0,0,2,2,0,2,0,0,2,0,17,33,0,0,0,0,0,5,0,8,0,8,0,1,0,0,53,17,0
D:\Others\assignment\FADI_WEDYAN_OOPS\Assignment-2\1\JavaHamcrest-master\hamcrest\src\test\java\org\hamcrest\comparator\ComparatorMatcherBuilderTest.java,org.hamcrest.comparator.ComparatorMatcherBuilderTest$Anonymous1,anonymous,0,0,0,0,2,1,0,1,1,0.0,0.0,0.0,2,0,2,0,0,0,2,0,0,0,0,0,0,0,0,0,0,0,0,8,2,0,0,0,0,1,0,0,0,0,0,0,0,0,6,-1,0
D:\Others\assignment\FADI_WEDYAN_OOPS\Assignment-2\1\JavaHamcrest-master\hamcrest\src\test\java\org\hamcrest\collection\IsInTest.java,org.hamcrest.collection.IsInTest,class,4,4,0,4,4,3,0,5,0,0.0,0.0,0.0,4,0,3,0,1,0,4,0,0,0,1,0,0,0,0,1,0,0,10,25,1,0,0,0,0,21,0,5,0,5,0,0,0,0,26,1,0
D:\Others\assignment\FADI_WEDYAN_OOPS\Assignment-2\1\JavaHamcrest-master\hamcrest\src\test\java\org\hamcrest\comparator\ComparatorMatcherBuilderTest.java,org.hamcrest.comparator.ComparatorMatcherBuilderTest$Anonymous2,anonymous,0,0,0,0,1,1,0,1,0,0.0,NaN,NaN,1,0,1,0,0,0,1,0,0,0,0,0,0,0,0,0,0,0,0,5,1,0,0,0,0,0,0,0,0,0,0,0,0,0,3,-1,0
D:\Others\assignment\FADI_WEDYAN_OOPS\Assignment-2\1\JavaHamcrest-master\hamcrest\src\main\java\org\hamcrest\internal\SelfDescribingValue.java,org.hamcrest.internal.SelfDescribingValue,class,3,4,1,3,2,1,0,1,0,0.0,0.0,0.0,2,0,2,0,0,0,2,0,0,0,1,0,0,1,0,0,0,0,0,9,0,0,0,0,0,0,0,1,0,1,0,0,0,0,9,1,0
D:\Others\assignment\FADI_WEDYAN_OOPS\Assignment-2\1\JavaHamcrest-master\hamcrest\src\test\java\org\hamcrest\io\FileMatchersTest.java,org.hamcrest.io.FileMatchersTest,class,4,4,0,4,13,3,0,25,0,0.375,0.0,0.0,12,0,10,0,2,0,12,0,0,0,2,0,0,2,0,0,0,0,56,61,1,0,0,0,0,36,5,2,3,2,1,0,0,0,60,1,0
D:\Others\assignment\FADI_WEDYAN_OOPS\Assignment-2\1\JavaHamcrest-master\hamcrest\src\main\java\org\hamcrest\internal\ReflectiveTypeFinder.java,org.hamcrest.internal.ReflectiveTypeFinder,class,1,5,4,1,8,1,0,8,0,0.41666666,0.0,0.0,4,0,2,2,0,0,2,0,0,0,3,0,0,3,0,0,3,0,0,26,3,2,2,0,0,2,0,5,1,4,3,0,0,0,33,1,0
D:\Others\assignment\FADI_WEDYAN_OOPS\Assignment-2\1\JavaHamcrest-master\hamcrest\src\test\java\org\hamcrest\object\HasEqualsValuesTest.java,org.hamcrest.object.HasEqualsValuesTest,class,5,5,0,5,5,4,0,3,0,0.5,0.0,0.0,5,0,4,0,1,0,5,0,0,0,2,2,0,2,0,0,2,0,4,34,1,0,0,0,0,8,4,2,0,2,0,0,2,0,46,1,0
D:\Others\assignment\FADI_WEDYAN_OOPS\Assignment-2\1\JavaHamcrest-master\hamcrest\src\main\java\org\hamcrest\core\CombinableMatcher.java,org.hamcrest.core.CombinableMatcher,class,10,16,6,10,9,3,0,5,0,0.25,0.0,0.0,8,2,6,1,1,0,7,0,0,0,1,0,0,1,0,0,1,0,0,52,7,0,0,0,0,0,0,2,0,2,1,0,2,0,49,1,0
D:\Others\assignment\FADI_WEDYAN_OOPS\Assignment-2\1\JavaHamcrest-master\hamcrest\src\test\java\org\hamcrest\object\IsCompatibleTypeTest.java,org.hamcrest.object.IsCompatibleTypeTest$ClassImplementingBaseInterface,innerclass,1,1,0,1,0,1,0,0,0,0.0,-1.0,-1.0,0,0,0,0,0,0,0,0,0,0,0,0,0,0,0,0,0,0,0,2,0,0,0,0,0,0,0,0,0,0,0,0,0,0,4,10,0
D:\Others\assignment\FADI_WEDYAN_OOPS\Assignment-2\1\JavaHamcrest-master\hamcrest\src\test\java\org\hamcrest\collection\IsMapWithSizeTest.java,org.hamcrest.collection.IsMapWithSizeTest,class,8,9,1,8,13,3,0,10,66,0.0,0.0,0.0,12,1,10,1,1,0,11,0,0,0,0,0,0,0,0,0,0,0,62,57,2,1,0,0,0,30,19,8,0,8,1,0,0,0,46,17,0
D:\Others\assignment\FADI_WEDYAN_OOPS\Assignment-2\1\JavaHamcrest-master\hamcrest\src\main\java\org\hamcrest\collection\HasItemInArray.java,org.hamcrest.collection.HasItemInArray,class,6,7,1,6,4,3,0,5,0,0.375,0.0,0.0,4,0,4,0,0,0,4,0,0,0,2,0,0,2,0,0,2,0,2,17,1,0,0,0,0,1,0,2,0,2,0,0,0,0,28,1,0
D:\Others\assignment\FADI_WEDYAN_OOPS\Assignment-2\1\JavaHamcrest-master\hamcrest\src\test\java\org\hamcrest\FeatureMatcherTest.java,org.hamcrest.FeatureMatcherTest$Match,innerclass,2,2,0,2,2,3,0,1,1,0.0,0.0,0.0,2,0,2,0,0,0,2,0,0,0,0,0,0,0,0,0,0,0,0,8,0,0,0,0,0,1,0,0,0,0,0,0,0,0,8,9,0
D:\Others\assignment\FADI_WEDYAN_OOPS\Assignment-2\1\JavaHamcrest-master\hamcrest\src\test\java\org\hamcrest\core\SampleBaseClass.java,org.hamcrest.core.SampleBaseClass,class,1,5,4,1,4,1,1,2,0,0.0,0.0,0.0,4,0,4,0,0,0,4,0,0,0,1,0,0,0,0,1,0,0,0,15,3,0,0,0,1,0,0,1,0,1,0,0,0,0,11,1,0
D:\Others\assignment\FADI_WEDYAN_OOPS\Assignment-2\1\JavaHamcrest-master\hamcrest\src\test\java\org\hamcrest\text\IsEqualIgnoringCaseTest.java,org.hamcrest.text.IsEqualIgnoringCaseTest,class,4,4,0,4,7,1,0,7,21,0.0,0.0,0.0,7,0,7,0,0,0,7,0,0,0,0,0,0,0,0,0,0,0,18,35,0,0,0,0,0,15,0,7,0,7,0,0,0,0,48,17,0
D:\Others\assignment\FADI_WEDYAN_OOPS\Assignment-2\1\JavaHamcrest-master\hamcrest\src\main\java\org\hamcrest\collection\IsIterableContainingInRelativeOrder.java,org.hamcrest.collection.IsIterableContainingInRelativeOrder$MatchSeriesInRelativeOrder,innerclass,3,3,0,3,9,1,0,7,0,0.25,0.0,0.0,3,0,3,0,0,0,3,0,0,0,4,0,1,3,0,0,2,0,0,34,2,1,1,0,0,3,1,6,0,5,3,0,0,0,35,10,0
D:\Others\assignment\FADI_WEDYAN_OOPS\Assignment-2\1\JavaHamcrest-master\hamcrest\src\test\java\org\hamcrest\text\StringContainsInOrderTest.java,org.hamcrest.text.StringContainsInOrderTest,class,3,3,0,3,3,3,0,5,0,0.0,0.0,0.0,3,0,2,0,1,0,3,0,0,0,1,0,0,0,0,1,1,0,11,19,1,0,0,0,0,23,0,1,0,1,0,0,0,0,40,1,0
D:\Others\assignment\FADI_WEDYAN_OOPS\Assignment-2\1\JavaHamcrest-master\hamcrest\src\test\java\org\hamcrest\core\StringMatchingTest.java,org.hamcrest.core.StringMatchingTest,class,6,6,0,6,3,1,0,5,0,0.0,0.0,0.0,3,0,3,0,0,0,3,0,0,0,1,0,1,0,0,0,1,0,3,15,0,0,0,0,0,0,0,1,0,1,0,0,0,0,17,1,0
D:\Others\assignment\FADI_WEDYAN_OOPS\Assignment-2\1\JavaHamcrest-master\hamcrest\src\test\java\org\hamcrest\collection\IsIterableContainingInOrderTest.java,org.hamcrest.collection.IsIterableContainingInOrderTest$Anonymous1,anonymous,1,1,0,1,1,1,0,1,0,0.0,NaN,NaN,1,0,0,0,1,0,1,0,0,0,0,0,0,0,0,0,0,0,0,5,1,0,0,0,0,0,0,0,0,0,0,0,0,0,6,-1,0
D:\Others\assignment\FADI_WEDYAN_OOPS\Assignment-2\1\JavaHamcrest-master\hamcrest\src\main\java\org\hamcrest\text\StringContainsInOrder.java,org.hamcrest.text.StringContainsInOrder,class,4,7,3,4,8,3,0,4,0,0.16666667,0.0,0.0,6,2,6,0,0,0,6,0,0,0,1,0,0,1,0,0,1,0,1,29,4,1,1,0,0,7,2,3,0,2,2,0,0,0,53,1,0
D:\Others\assignment\FADI_WEDYAN_OOPS\Assignment-2\1\JavaHamcrest-master\hamcrest\src\test\java\org\hamcrest\object\HasEqualsValuesTest.java,org.hamcrest.object.HasEqualsValuesTest$Parent,innerclass,0,0,0,0,1,1,0,0,0,0.0,NaN,NaN,1,0,1,0,0,0,1,0,0,0,1,0,1,0,0,0,1,0,0,6,0,0,0,0,0,0,0,1,0,1,0,0,0,0,2,9,0
D:\Others\assignment\FADI_WEDYAN_OOPS\Assignment-2\1\JavaHamcrest-master\hamcrest\src\main\java\org\hamcrest\core\IsCollectionContaining.java,org.hamcrest.core.IsCollectionContaining,class,5,6,1,5,7,3,0,6,15,0.5714286,0.0,0.0,7,4,6,0,1,0,7,0,0,0,1,0,0,1,0,0,1,0,4,24,5,0,0,0,0,0,0,1,0,1,0,0,0,0,78,1,0
D:\Others\assignment\FADI_WEDYAN_OOPS\Assignment-2\1\JavaHamcrest-master\hamcrest\src\test\java\org\hamcrest\beans\HasPropertyWithValueTest.java,org.hamcrest.beans.HasPropertyWithValueTest$1X,innerclass,1,1,0,1,1,1,0,0,0,0.0,NaN,NaN,1,0,1,0,0,0,1,0,0,0,0,0,0,0,0,0,0,0,0,5,1,0,0,0,0,0,1,0,0,0,0,0,0,0,4,0,0
D:\Others\assignment\FADI_WEDYAN_OOPS\Assignment-2\1\JavaHamcrest-master\hamcrest\src\main\java\org\hamcrest\internal\ArrayIterator.java,org.hamcrest.internal.ArrayIterator,class,0,1,1,0,6,1,0,4,0,0.375,0.0,0.0,4,0,4,0,0,0,4,0,0,0,2,0,0,2,0,0,1,0,2,19,2,0,0,0,0,2,1,2,0,2,1,0,0,0,18,1,0
D:\Others\assignment\FADI_WEDYAN_OOPS\Assignment-2\1\JavaHamcrest-master\hamcrest\src\main\java\org\hamcrest\collection\IsMapContaining.java,org.hamcrest.collection.IsMapContaining,class,8,13,5,8,13,3,0,10,17,0.5,0.0,0.0,10,6,10,0,0,0,10,0,0,0,2,0,0,2,0,0,2,0,8,40,8,1,0,0,0,7,0,2,0,2,2,0,0,0,64,1,0
D:\Others\assignment\FADI_WEDYAN_OOPS\Assignment-2\1\JavaHamcrest-master\hamcrest\src\test\java\org\hamcrest\number\BigDecimalCloseToTest.java,org.hamcrest.number.BigDecimalCloseToTest,class,3,3,0,3,4,3,0,6,0,0.25,0.0,0.0,4,0,3,0,1,0,4,0,0,0,1,0,0,1,0,0,1,0,11,28,1,0,0,0,0,26,0,2,0,2,0,0,0,0,44,1,0
D:\Others\assignment\FADI_WEDYAN_OOPS\Assignment-2\1\JavaHamcrest-master\hamcrest\src\main\java\org\hamcrest\collection\IsIterableContainingInAnyOrder.java,org.hamcrest.collection.IsIterableContainingInAnyOrder,class,7,12,5,7,9,3,0,8,3,0.33333334,0.0,0.0,6,3,5,0,1,0,6,0,0,0,1,0,0,1,0,0,1,0,3,63,5,2,0,0,0,5,0,3,0,3,2,0,1,0,83,1,0
D:\Others\assignment\FADI_WEDYAN_OOPS\Assignment-2\1\JavaHamcrest-master\hamcrest\src\test\java\org\hamcrest\object\HasToStringTest.java,org.hamcrest.object.HasToStringTest$Anonymous1,anonymous,0,0,0,0,1,1,0,0,0,0.0,NaN,NaN,1,0,1,0,0,0,1,0,0,0,0,0,0,0,0,0,0,0,0,5,1,0,0,0,0,0,0,0,0,0,0,0,0,0,13,-1,0
D:\Others\assignment\FADI_WEDYAN_OOPS\Assignment-2\1\JavaHamcrest-master\hamcrest\src\test\java\org\hamcrest\CustomTypeSafeMatcherTest.java,org.hamcrest.CustomTypeSafeMatcherTest,class,4,4,0,4,4,1,0,4,0,0.375,0.0,0.0,4,0,4,0,0,0,4,0,0,0,2,1,0,2,0,0,2,0,4,24,0,0,0,0,0,3,0,2,0,2,0,1,0,0,34,17,0
D:\Others\assignment\FADI_WEDYAN_OOPS\Assignment-2\1\JavaHamcrest-master\hamcrest\src\main\java\org\hamcrest\StringDescription.java,org.hamcrest.StringDescription,class,3,10,7,3,9,2,0,5,9,0.42857143,0.0,0.0,7,2,5,0,2,0,7,0,0,0,1,0,0,1,0,0,1,0,1,34,3,0,0,2,0,2,0,1,0,1,1,0,0,0,35,1,0
D:\Others\assignment\FADI_WEDYAN_OOPS\Assignment-2\1\JavaHamcrest-master\hamcrest\src\main\java\org\hamcrest\object\HasEqualValues.java,org.hamcrest.object.HasEqualValues,class,6,9,3,6,9,5,0,11,0,0.3,0.0,0.0,5,2,2,2,1,0,3,0,0,0,2,0,0,2,0,0,2,0,2,55,4,2,0,1,0,5,0,3,0,3,2,0,1,0,32,1,0
D:\Others\assignment\FADI_WEDYAN_OOPS\Assignment-2\1\JavaHamcrest-master\hamcrest\src\test\java\org\hamcrest\BaseDescriptionTest.java,org.hamcrest.BaseDescriptionTest$Anonymous1,anonymous,0,0,0,0,1,1,0,1,0,0.0,NaN,NaN,1,0,0,0,1,0,1,0,0,0,0,0,0,0,0,0,0,0,0,5,0,0,0,0,0,0,0,0,0,0,0,0,0,0,2,-1,0
D:\Others\assignment\FADI_WEDYAN_OOPS\Assignment-2\1\JavaHamcrest-master\hamcrest\src\test\java\org\hamcrest\object\IsEventFromTest.java,org.hamcrest.object.IsEventFromTest,class,5,5,0,5,3,3,0,5,3,0.0,0.0,0.0,3,0,2,0,1,0,3,0,0,0,0,0,0,0,0,0,0,0,9,31,1,0,0,0,0,7,0,10,0,10,0,0,1,0,42,1,0
D:\Others\assignment\FADI_WEDYAN_OOPS\Assignment-2\1\JavaHamcrest-master\hamcrest\src\main\java\org\hamcrest\number\IsNaN.java,org.hamcrest.number.IsNaN,class,4,7,3,4,5,3,0,3,10,0.0,0.0,0.0,5,1,4,1,0,0,4,0,0,0,0,0,0,0,0,0,0,0,1,16,2,0,0,0,0,2,0,0,0,0,0,0,0,0,35,17,0
D:\Others\assignment\FADI_WEDYAN_OOPS\Assignment-2\1\JavaHamcrest-master\hamcrest\src\test\java\org\hamcrest\BaseDescriptionTest.java,org.hamcrest.BaseDescriptionTest$Anonymous2,anonymous,0,0,0,0,1,1,0,0,0,0.0,NaN,NaN,1,0,1,0,0,0,1,0,0,0,0,0,0,0,0,0,0,0,0,5,0,0,0,0,0,0,0,0,0,0,0,0,0,0,5,-1,0
D:\Others\assignment\FADI_WEDYAN_OOPS\Assignment-2\1\JavaHamcrest-master\hamcrest\src\test\java\org\hamcrest\collection\IsEmptyIterableTest.java,org.hamcrest.collection.IsEmptyIterableTest,class,4,5,1,4,8,3,0,10,28,0.0,0.0,0.0,8,2,4,3,1,0,5,0,0,0,0,0,0,0,0,0,0,0,8,25,3,0,0,0,0,6,0,0,0,0,0,0,0,0,32,1,0
D:\Others\assignment\FADI_WEDYAN_OOPS\Assignment-2\1\JavaHamcrest-master\hamcrest\src\main\java\org\hamcrest\core\Is.java,org.hamcrest.core.Is,class,7,14,7,7,7,2,0,7,1,0.2857143,0.0,0.0,7,3,7,0,0,0,7,0,0,0,1,0,0,1,0,0,1,0,4,24,4,0,0,0,0,1,0,1,0,1,0,0,0,0,44,1,0
D:\Others\assignment\FADI_WEDYAN_OOPS\Assignment-2\1\JavaHamcrest-master\hamcrest\src\main\java\org\hamcrest\collection\IsIn.java,org.hamcrest.collection.IsIn,class,5,8,3,5,10,2,0,7,15,0.4,0.0,0.0,10,6,10,0,0,0,10,0,0,0,1,0,0,1,0,0,1,0,5,34,7,0,0,0,0,5,0,2,0,1,0,0,0,0,46,1,0
D:\Others\assignment\FADI_WEDYAN_OOPS\Assignment-2\1\JavaHamcrest-master\hamcrest\src\test\java\org\hamcrest\collection\IsIterableWithSizeTest.java,org.hamcrest.collection.IsIterableWithSizeTest,class,3,3,0,3,6,3,0,6,15,0.0,0.0,0.0,6,0,5,0,1,0,6,0,0,0,0,0,0,0,0,0,0,0,15,20,1,0,0,0,0,5,11,0,0,0,0,0,0,0,31,1,0
D:\Others\assignment\FADI_WEDYAN_OOPS\Assignment-2\1\JavaHamcrest-master\hamcrest\src\main\java\org\hamcrest\collection\ArrayAsIterableMatcher.java,org.hamcrest.collection.ArrayAsIterableMatcher,class,5,6,1,5,4,3,0,5,0,0.41666666,0.0,0.0,4,0,4,0,0,0,4,0,0,0,3,0,0,1,2,0,3,0,2,19,1,0,0,0,0,4,0,3,0,3,0,0,0,0,21,1,0
D:\Others\assignment\FADI_WEDYAN_OOPS\Assignment-2\1\JavaHamcrest-master\hamcrest\src\test\java\org\hamcrest\core\AnyOfTest.java,org.hamcrest.core.AnyOfTest,class,10,10,0,10,6,1,0,14,15,0.0,0.0,0.0,6,0,6,0,0,0,6,0,0,0,0,0,0,0,0,0,0,0,33,29,0,0,0,0,0,34,0,4,0,4,0,0,0,0,52,17,0
D:\Others\assignment\FADI_WEDYAN_OOPS\Assignment-2\1\JavaHamcrest-master\hamcrest\src\test\java\org\hamcrest\collection\IsIterableContainingInRelativeOrderTest.java,org.hamcrest.collection.IsIterableContainingInRelativeOrderTest,class,8,9,1,8,16,3,0,10,118,0.875,0.0,0.0,16,2,15,0,1,0,16,0,0,0,1,0,0,1,0,0,1,0,49,69,3,0,0,0,0,16,65,2,0,2,0,1,1,0,81,1,0
D:\Others\assignment\FADI_WEDYAN_OOPS\Assignment-2\1\JavaHamcrest-master\hamcrest\src\main\java\org\hamcrest\io\FileMatchers.java,org.hamcrest.io.FileMatchers$FileStatus,interface,0,0,0,0,1,1,0,0,0,0.0,NaN,NaN,1,0,0,0,0,1,1,0,0,0,0,0,0,0,0,0,0,0,0,3,0,0,0,0,0,0,0,0,0,0,0,0,0,0,4,9,0
D:\Others\assignment\FADI_WEDYAN_OOPS\Assignment-2\1\JavaHamcrest-master\hamcrest\src\test\java\org\hamcrest\beans\HasPropertyWithValueTest.java,org.hamcrest.beans.HasPropertyWithValueTest$BeanWithoutInfo,innerclass,0,0,0,0,6,1,0,0,0,0.4166667,0.0,0.0,6,0,6,0,0,0,6,0,0,0,2,0,0,2,0,0,1,0,0,22,3,0,0,0,0,4,0,3,1,2,0,0,0,0,14,9,0
D:\Others\assignment\FADI_WEDYAN_OOPS\Assignment-2\1\JavaHamcrest-master\hamcrest\src\main\java\org\hamcrest\text\CharSequenceLength.java,org.hamcrest.text.CharSequenceLength,class,4,7,3,4,4,4,0,2,6,0.0,0.0,0.0,4,2,3,0,1,0,4,0,0,0,0,0,0,0,0,0,0,0,1,14,3,0,0,0,0,4,0,0,0,0,0,0,0,0,39,1,0
D:\Others\assignment\FADI_WEDYAN_OOPS\Assignment-2\1\JavaHamcrest-master\hamcrest\src\test\java\org\hamcrest\beans\HasPropertyWithValueTest.java,org.hamcrest.beans.HasPropertyWithValueTest$BeanWithInfo,innerclass,0,0,0,0,2,1,0,0,0,0.0,0.0,0.0,2,0,2,0,0,0,2,0,0,0,1,0,0,1,0,0,1,0,0,9,1,0,0,0,0,1,0,1,0,1,0,0,0,0,5,9,0
D:\Others\assignment\FADI_WEDYAN_OOPS\Assignment-2\1\JavaHamcrest-master\hamcrest\src\main\java\org\hamcrest\core\SubstringMatcher.java,org.hamcrest.core.SubstringMatcher,class,3,7,4,3,10,3,3,4,3,0.5555556,0.0,0.0,6,0,3,0,3,0,6,1,0,0,3,0,0,2,1,0,3,0,0,29,2,0,1,0,0,6,0,3,0,3,1,0,0,0,24,1025,0
D:\Others\assignment\FADI_WEDYAN_OOPS\Assignment-2\1\JavaHamcrest-master\hamcrest\src\main\java\org\hamcrest\number\IsCloseTo.java,org.hamcrest.number.IsCloseTo,class,4,7,3,4,7,3,0,4,3,0.4166667,0.0,0.0,6,1,5,1,0,0,5,0,0,0,2,0,0,2,0,0,2,0,1,23,3,0,0,0,0,4,1,2,2,2,0,0,0,0,57,1,0
D:\Others\assignment\FADI_WEDYAN_OOPS\Assignment-2\1\JavaHamcrest-master\hamcrest\src\test\java\org\hamcrest\BaseDescriptionTest.java,org.hamcrest.BaseDescriptionTest,class,2,2,0,2,15,1,0,12,0,0.0,0.0,0.0,15,0,15,0,0,0,15,0,0,0,2,0,0,2,0,0,2,0,5,77,0,0,0,0,0,25,0,5,3,5,0,2,0,0,40,17,0
D:\Others\assignment\FADI_WEDYAN_OOPS\Assignment-2\1\JavaHamcrest-master\hamcrest\src\test\java\org\hamcrest\CustomTypeSafeMatcherTest.java,org.hamcrest.CustomTypeSafeMatcherTest$Anonymous1,anonymous,1,1,0,1,2,1,0,1,1,0.0,0.0,0.0,2,0,2,0,0,0,2,0,0,0,0,0,0,0,0,0,0,0,0,8,1,0,0,0,0,1,0,0,1,0,0,0,0,0,8,-1,0
D:\Others\assignment\FADI_WEDYAN_OOPS\Assignment-2\1\JavaHamcrest-master\hamcrest\src\main\java\org\hamcrest\Condition.java,org.hamcrest.Condition,class,8,17,9,8,7,3,0,2,21,0.85714287,0.0,0.0,7,2,6,1,0,0,6,2,2,0,1,1,1,0,0,0,1,0,0,49,4,0,0,0,0,2,0,1,0,1,0,0,3,0,61,1025,0
D:\Others\assignment\FADI_WEDYAN_OOPS\Assignment-2\1\JavaHamcrest-master\hamcrest\src\main\java\org\hamcrest\CustomMatcher.java,org.hamcrest.CustomMatcher,class,3,4,1,3,3,2,0,1,0,0.0,0.0,0.0,2,0,2,0,0,0,2,0,1,0,1,0,0,1,0,0,1,0,0,12,0,0,1,0,0,1,0,1,0,1,1,0,0,0,65,1025,0
D:\Others\assignment\FADI_WEDYAN_OOPS\Assignment-2\1\JavaHamcrest-master\hamcrest\src\test\java\org\hamcrest\beans\SamePropertyValuesAsTest.java,org.hamcrest.beans.SamePropertyValuesAsTest$SubBeanWithNoExtraProperties,innerclass,2,2,0,2,1,2,0,0,0,0.0,NaN,NaN,1,0,1,0,0,0,1,0,0,0,0,0,0,0,0,0,0,0,0,5,0,0,0,0,0,0,0,0,0,0,0,0,0,0,10,9,0
D:\Others\assignment\FADI_WEDYAN_OOPS\Assignment-2\1\JavaHamcrest-master\hamcrest\src\main\java\org\hamcrest\core\DescribedAs.java,org.hamcrest.core.DescribedAs,class,5,10,5,5,7,2,0,15,0,0.45000002,0.0,0.0,5,1,5,0,0,0,5,0,0,0,4,1,0,4,0,0,4,0,2,32,2,1,0,0,0,1,2,7,0,6,1,0,0,0,62,1,0
D:\Others\assignment\FADI_WEDYAN_OOPS\Assignment-2\1\JavaHamcrest-master\hamcrest\src\test\java\org\hamcrest\text\IsEqualCompressingWhiteSpaceTest.java,org.hamcrest.text.IsEqualCompressingWhiteSpaceTest,class,3,3,0,3,8,3,0,5,0,0.0,0.0,0.0,8,0,7,0,1,0,8,0,0,0,1,0,0,1,0,0,1,0,11,30,1,0,0,0,1,12,1,1,1,1,0,0,0,0,68,1,0
D:\Others\assignment\FADI_WEDYAN_OOPS\Assignment-2\1\JavaHamcrest-master\hamcrest\src\test\java\org\hamcrest\comparator\ComparatorMatcherBuilderTest.java,org.hamcrest.comparator.ComparatorMatcherBuilderTest$CustomInt,innerclass,1,1,0,1,2,1,0,0,0,0.0,0.0,0.0,2,0,2,0,0,0,2,0,0,0,1,0,0,1,0,0,1,0,0,9,1,0,0,0,0,0,0,1,1,1,0,0,0,0,6,26,0
D:\Others\assignment\FADI_WEDYAN_OOPS\Assignment-2\1\JavaHamcrest-master\hamcrest\src\main\java\org\hamcrest\beans\SamePropertyValuesAs.java,org.hamcrest.beans.SamePropertyValuesAs$PropertyMatcher,innerclass,5,5,0,5,4,3,0,8,0,0.11111111,0.0,0.0,3,0,3,0,0,0,3,0,0,0,3,0,0,3,0,0,3,0,3,22,2,0,0,0,0,3,0,4,2,4,1,0,0,0,21,10,0
D:\Others\assignment\FADI_WEDYAN_OOPS\Assignment-2\1\JavaHamcrest-master\hamcrest\src\main\java\org\hamcrest\beans\HasPropertyWithValue.java,org.hamcrest.beans.HasPropertyWithValue$Anonymous1,anonymous,2,2,0,2,3,1,0,8,0,0.0,NaN,NaN,1,0,1,0,0,0,1,0,0,0,0,0,0,0,0,0,0,0,2,14,2,0,0,1,0,4,0,0,1,0,1,0,0,0,17,-1,0
D:\Others\assignment\FADI_WEDYAN_OOPS\Assignment-2\1\JavaHamcrest-master\hamcrest\src\main\java\org\hamcrest\beans\HasPropertyWithValue.java,org.hamcrest.beans.HasPropertyWithValue$Anonymous2,anonymous,2,2,0,2,2,1,0,5,0,0.0,NaN,NaN,1,0,1,0,0,0,1,0,0,0,0,0,0,0,0,0,0,0,2,10,2,0,1,0,0,2,0,1,1,1,1,0,0,0,12,-1,0
D:\Others\assignment\FADI_WEDYAN_OOPS\Assignment-2\1\JavaHamcrest-master\hamcrest\src\main\java\org\hamcrest\number\OrderingComparison.java,org.hamcrest.number.OrderingComparison,class,3,7,4,3,6,1,0,6,15,0.0,0.0,0.0,6,5,5,1,0,0,5,0,0,0,0,0,0,0,0,0,0,0,5,19,5,0,0,0,0,0,0,0,0,0,0,0,0,0,49,1,0
D:\Others\assignment\FADI_WEDYAN_OOPS\Assignment-2\1\JavaHamcrest-master\hamcrest\src\test\java\org\hamcrest\collection\IsMapContainingKeyTest.java,org.hamcrest.collection.IsMapContainingKeyTest,class,4,4,0,4,8,3,0,11,28,0.0,0.0,0.0,8,0,7,0,1,0,8,0,0,0,0,0,0,0,0,0,0,0,17,43,1,0,0,0,0,24,13,5,0,5,0,0,0,0,32,1,0
D:\Others\assignment\FADI_WEDYAN_OOPS\Assignment-2\1\JavaHamcrest-master\hamcrest\src\test\java\org\hamcrest\core\IsSameTest.java,org.hamcrest.core.IsSameTest,class,4,4,0,4,5,1,0,8,10,0.0,0.0,0.0,5,0,5,0,0,0,5,0,0,0,0,0,0,0,0,0,0,0,13,25,0,0,0,0,0,4,0,5,0,5,0,0,0,0,44,17,0
D:\Others\assignment\FADI_WEDYAN_OOPS\Assignment-2\1\JavaHamcrest-master\hamcrest\src\test\java\org\hamcrest\number\IsCloseToTest.java,org.hamcrest.number.IsCloseToTest,class,3,3,0,3,3,3,0,5,1,0.33333334,0.0,0.0,3,0,2,0,1,0,3,0,0,0,1,0,0,1,0,0,1,0,10,19,1,0,0,0,0,8,10,2,0,2,0,0,0,0,41,1,0
D:\Others\assignment\FADI_WEDYAN_OOPS\Assignment-2\1\JavaHamcrest-master\hamcrest\src\test\java\org\hamcrest\collection\IsArrayContainingInOrderTest.java,org.hamcrest.collection.IsArrayContainingInOrderTest,class,4,4,0,4,5,3,0,6,10,0.0,0.0,0.0,5,0,4,0,1,0,5,0,0,0,0,0,0,0,0,0,0,0,25,24,1,0,0,0,0,13,31,1,0,1,0,0,0,0,27,1,0
D:\Others\assignment\FADI_WEDYAN_OOPS\Assignment-2\1\JavaHamcrest-master\hamcrest\src\test\java\org\hamcrest\core\StringStartsWithTest.java,org.hamcrest.core.StringStartsWithTest,class,3,3,0,3,3,3,0,7,1,0.5,0.0,0.0,3,0,2,0,1,0,3,0,0,0,2,1,0,0,0,2,2,0,19,29,1,0,0,0,0,24,0,3,8,3,0,0,0,0,31,1,0
D:\Others\assignment\FADI_WEDYAN_OOPS\Assignment-2\1\JavaHamcrest-master\hamcrest\src\main\java\org\hamcrest\CustomTypeSafeMatcher.java,org.hamcrest.CustomTypeSafeMatcher,class,3,4,1,3,3,3,0,1,0,0.0,0.0,0.0,2,0,2,0,0,0,2,0,1,0,1,0,0,1,0,0,1,0,0,12,0,0,1,0,0,1,0,1,0,1,1,0,0,0,58,1025,0
D:\Others\assignment\FADI_WEDYAN_OOPS\Assignment-2\1\JavaHamcrest-master\hamcrest\src\main\java\org\hamcrest\TypeSafeDiagnosingMatcher.java,org.hamcrest.TypeSafeDiagnosingMatcher,class,6,30,24,6,9,2,0,7,3,0.5833333,0.0,0.0,6,0,2,0,4,0,6,1,2,0,2,1,0,2,0,0,2,0,0,28,1,0,2,0,0,6,2,3,0,2,1,0,0,0,88,1025,0
D:\Others\assignment\FADI_WEDYAN_OOPS\Assignment-2\1\JavaHamcrest-master\hamcrest\src\main\java\org\hamcrest\BaseMatcher.java,org.hamcrest.BaseMatcher,class,4,21,17,4,5,1,0,3,6,0.0,0.0,0.0,4,1,3,0,1,0,4,0,1,0,0,0,0,0,0,0,0,0,1,17,3,0,1,0,0,2,0,0,0,0,1,0,0,0,35,1025,0
D:\Others\assignment\FADI_WEDYAN_OOPS\Assignment-2\1\JavaHamcrest-master\hamcrest\src\test\java\org\hamcrest\collection\IsIterableContainingInAnyOrderTest.java,org.hamcrest.collection.IsIterableContainingInAnyOrderTest,class,4,4,0,4,9,3,0,11,36,0.0,0.0,0.0,9,0,8,0,1,0,9,0,0,0,0,0,0,0,0,0,0,0,29,30,1,0,0,0,0,9,34,1,0,1,0,0,0,0,52,1,0
D:\Others\assignment\FADI_WEDYAN_OOPS\Assignment-2\1\JavaHamcrest-master\hamcrest\src\main\java\org\hamcrest\beans\PropertyUtil.java,org.hamcrest.beans.PropertyUtil,class,1,5,4,1,5,1,0,6,1,0.5,0.0,0.0,2,2,2,0,0,0,2,0,0,0,1,1,1,0,0,0,1,0,2,19,3,1,0,1,0,1,1,1,1,1,2,0,0,0,72,1,0
D:\Others\assignment\FADI_WEDYAN_OOPS\Assignment-2\1\JavaHamcrest-master\hamcrest\src\main\java\org\hamcrest\internal\SelfDescribingValueIterator.java,org.hamcrest.internal.SelfDescribingValueIterator,class,3,4,1,3,4,1,0,3,0,0.0,0.0,0.0,4,0,4,0,0,0,4,0,0,0,1,0,0,1,0,0,0,0,0,15,2,0,0,0,0,0,0,1,0,1,0,0,0,0,9,1,0
D:\Others\assignment\FADI_WEDYAN_OOPS\Assignment-2\1\JavaHamcrest-master\hamcrest\src\main\java\org\hamcrest\collection\IsCollectionWithSize.java,org.hamcrest.collection.IsCollectionWithSize,class,5,8,3,5,4,4,0,3,6,0.0,0.0,0.0,4,2,3,0,1,0,4,0,0,0,0,0,0,0,0,0,0,0,2,14,3,0,0,0,0,4,0,0,0,0,0,0,0,0,43,1,0
D:\Others\assignment\FADI_WEDYAN_OOPS\Assignment-2\1\JavaHamcrest-master\hamcrest\src\main\java\org\hamcrest\core\IsSame.java,org.hamcrest.core.IsSame,class,5,9,4,5,6,2,0,2,4,0.4,0.0,0.0,5,2,5,0,0,0,5,0,0,0,1,0,0,1,0,0,1,0,0,18,3,0,1,0,0,2,0,1,0,1,0,0,0,0,35,1,0
D:\Others\assignment\FADI_WEDYAN_OOPS\Assignment-2\1\JavaHamcrest-master\hamcrest\src\main\java\org\hamcrest\Condition.java,org.hamcrest.Condition$Matched,innerclass,6,6,0,6,4,2,0,4,0,0.0,0.0,0.0,3,0,2,1,0,0,2,0,0,0,2,0,0,2,0,0,2,0,0,19,3,0,0,0,0,0,0,2,0,2,1,0,0,0,12,26,0
D:\Others\assignment\FADI_WEDYAN_OOPS\Assignment-2\1\JavaHamcrest-master\hamcrest\src\test\java\org\hamcrest\collection\IsEmptyCollectionTest.java,org.hamcrest.collection.IsEmptyCollectionTest,class,5,6,1,5,8,3,0,11,28,0.0,0.0,0.0,8,2,4,3,1,0,5,0,0,0,0,0,0,0,0,0,0,0,9,25,3,0,0,0,0,6,0,0,0,0,0,0,0,0,30,1,0
D:\Others\assignment\FADI_WEDYAN_OOPS\Assignment-2\1\JavaHamcrest-master\hamcrest\src\test\java\org\hamcrest\core\IsIterableContainingTest.java,org.hamcrest.core.IsIterableContainingTest,class,8,9,1,8,9,1,0,22,36,0.0,0.0,0.0,9,1,8,1,0,0,8,0,0,0,0,0,0,0,0,0,0,0,52,57,1,0,0,0,0,55,8,10,0,10,0,1,0,0,72,17,0
D:\Others\assignment\FADI_WEDYAN_OOPS\Assignment-2\1\JavaHamcrest-master\hamcrest\src\test\java\org\hamcrest\beans\HasPropertyWithValueTest.java,org.hamcrest.beans.HasPropertyWithValueTest$BeanWithInfoBeanInfo,innerclass,1,1,0,1,2,2,0,0,0,0.0,NaN,NaN,1,0,1,0,0,0,1,0,0,0,0,0,0,0,0,0,0,0,0,10,1,0,0,1,0,3,0,0,0,0,1,0,0,0,13,9,0
D:\Others\assignment\FADI_WEDYAN_OOPS\Assignment-2\1\JavaHamcrest-master\hamcrest\src\test\java\org\hamcrest\core\IsCollectionContainingTest.java,org.hamcrest.core.IsCollectionContainingTest$Anonymous1,anonymous,1,1,0,1,3,1,0,2,1,0.0,0.0,0.0,2,0,1,0,1,0,2,0,0,0,0,0,0,0,0,0,0,0,0,10,2,0,0,0,0,2,0,0,2,0,1,0,0,0,11,-1,0
D:\Others\assignment\FADI_WEDYAN_OOPS\Assignment-2\1\JavaHamcrest-master\hamcrest\src\test\java\org\hamcrest\core\SampleSubClass.java,org.hamcrest.core.SampleSubClass,class,1,3,2,1,1,2,0,0,0,0.0,NaN,NaN,1,0,1,0,0,0,1,0,0,0,0,0,0,0,0,0,0,0,0,5,0,0,0,0,0,0,0,0,0,0,0,0,0,0,5,1,0
D:\Others\assignment\FADI_WEDYAN_OOPS\Assignment-2\1\JavaHamcrest-master\hamcrest\src\main\java\org\hamcrest\beans\HasProperty.java,org.hamcrest.beans.HasProperty,class,6,9,3,6,7,3,0,3,0,0.0,0.0,0.0,5,1,5,0,0,0,5,0,0,0,1,0,0,1,0,0,1,0,1,23,3,0,1,1,0,4,0,1,0,1,1,0,0,0,65,1,0
D:\Others\assignment\FADI_WEDYAN_OOPS\Assignment-2\1\JavaHamcrest-master\hamcrest\src\test\java\org\hamcrest\xml\HasXPathTest.java,org.hamcrest.xml.HasXPathTest,class,10,11,1,10,14,1,0,20,0,0.5,0.0,0.0,12,1,11,1,0,0,11,0,0,0,2,0,0,2,0,0,2,0,57,81,1,0,0,2,0,46,0,5,1,5,1,1,0,0,82,17,0
D:\Others\assignment\FADI_WEDYAN_OOPS\Assignment-2\1\JavaHamcrest-master\hamcrest\src\test\java\org\hamcrest\CustomMatcherTest.java,org.hamcrest.CustomMatcherTest,class,4,4,0,4,1,1,0,1,0,0.0,NaN,NaN,1,0,1,0,0,0,1,0,0,0,0,0,0,0,0,0,0,0,1,11,0,0,0,0,0,2,0,1,0,1,0,1,0,0,10,17,0
D:\Others\assignment\FADI_WEDYAN_OOPS\Assignment-2\1\JavaHamcrest-master\hamcrest\src\main\java\org\hamcrest\object\HasToString.java,org.hamcrest.object.HasToString,class,5,8,3,5,4,4,0,2,6,0.0,0.0,0.0,4,2,3,0,1,0,4,0,0,0,0,0,0,0,0,0,0,0,2,14,3,0,0,0,0,2,0,0,0,0,0,0,0,0,37,1,0
D:\Others\assignment\FADI_WEDYAN_OOPS\Assignment-2\1\JavaHamcrest-master\hamcrest\src\main\java\org\hamcrest\object\IsEventFrom.java,org.hamcrest.object.IsEventFrom,class,4,7,3,4,9,3,0,8,0,0.25,0.0,0.0,6,2,5,1,0,0,5,0,0,0,2,0,0,2,0,0,2,0,1,31,6,0,1,0,0,4,0,2,1,2,1,0,0,0,51,1,0
D:\Others\assignment\FADI_WEDYAN_OOPS\Assignment-2\1\JavaHamcrest-master\hamcrest\src\test\java\org\hamcrest\core\StringEndsWithTest.java,org.hamcrest.core.StringEndsWithTest,class,3,3,0,3,3,3,0,7,1,0.5,0.0,0.0,3,0,2,0,1,0,3,0,0,0,2,1,0,0,0,2,2,0,19,29,1,0,0,0,0,24,0,3,8,3,0,0,0,0,32,1,0
D:\Others\assignment\FADI_WEDYAN_OOPS\Assignment-2\1\JavaHamcrest-master\hamcrest\src\test\java\org\hamcrest\xml\HasXPathTest.java,org.hamcrest.xml.HasXPathTest$Anonymous1,anonymous,1,1,0,1,6,1,0,4,3,0.0,0.0,0.0,3,0,3,0,0,0,3,0,0,0,0,0,0,0,0,0,0,0,0,16,3,0,1,0,2,4,0,2,0,2,1,0,0,0,11,-1,0
D:\Others\assignment\FADI_WEDYAN_OOPS\Assignment-2\1\JavaHamcrest-master\hamcrest\src\test\java\org\hamcrest\TypeSafeMatcherTest.java,org.hamcrest.TypeSafeMatcherTest,class,5,5,0,5,2,3,0,4,0,0.0,0.0,0.0,2,0,2,0,0,0,2,0,0,0,1,0,0,1,0,0,1,0,3,22,0,0,0,0,0,7,2,1,0,1,0,0,1,0,21,17,0
D:\Others\assignment\FADI_WEDYAN_OOPS\Assignment-2\1\JavaHamcrest-master\hamcrest\src\test\java\org\hamcrest\core\IsAnythingTest.java,org.hamcrest.core.IsAnythingTest$CustomThing,innerclass,0,0,0,0,0,1,0,0,0,0.0,-1.0,-1.0,0,0,0,0,0,0,0,0,0,0,0,0,0,0,0,0,0,0,0,2,0,0,0,0,0,0,0,0,0,0,0,0,0,0,2,10,0
D:\Others\assignment\FADI_WEDYAN_OOPS\Assignment-2\1\JavaHamcrest-master\hamcrest\src\main\java\org\hamcrest\collection\IsIterableContainingInRelativeOrder.java,org.hamcrest.collection.IsIterableContainingInRelativeOrder,class,7,10,3,7,7,3,0,8,3,0.33333334,0.0,0.0,6,3,5,0,1,0,6,0,0,0,1,0,0,1,0,0,1,0,4,61,4,1,0,0,0,5,0,3,0,3,1,0,1,0,66,1,0
D:\Others\assignment\FADI_WEDYAN_OOPS\Assignment-2\1\JavaHamcrest-master\hamcrest\src\test\java\org\hamcrest\number\OrderingComparisonTest.java,org.hamcrest.number.OrderingComparisonTest,class,6,6,0,6,10,3,0,20,45,0.0,0.0,0.0,10,0,9,0,1,0,10,0,0,0,0,0,0,0,0,0,0,0,48,55,1,0,0,0,0,20,33,0,0,0,0,0,1,0,50,1,0
D:\Others\assignment\FADI_WEDYAN_OOPS\Assignment-2\1\JavaHamcrest-master\hamcrest\src\main\java\org\hamcrest\text\IsBlankString.java,org.hamcrest.text.IsBlankString,class,6,9,3,6,5,3,0,6,10,0.8,0.0,0.0,5,2,4,1,0,0,4,0,0,0,3,3,0,3,0,0,3,0,3,19,3,0,0,0,0,3,0,3,0,3,0,0,0,0,64,17,0
D:\Others\assignment\FADI_WEDYAN_OOPS\Assignment-2\1\JavaHamcrest-master\hamcrest\src\main\java\org\hamcrest\core\IsNull.java,org.hamcrest.core.IsNull,class,6,15,9,6,7,2,0,5,15,0.0,0.0,0.0,6,4,6,0,0,0,6,0,0,0,0,0,0,0,0,0,0,0,4,20,5,0,1,0,0,1,0,0,0,0,0,0,0,0,45,1,0
D:\Others\assignment\FADI_WEDYAN_OOPS\Assignment-2\1\JavaHamcrest-master\hamcrest\src\main\java\org\hamcrest\collection\IsIterableContainingInOrder.java,org.hamcrest.collection.IsIterableContainingInOrder,class,8,13,5,8,9,3,0,8,15,0.5714286,0.0,0.0,7,4,6,0,1,0,7,0,0,0,1,0,0,1,0,0,1,0,6,70,6,1,0,0,0,5,0,3,0,3,2,0,1,0,78,1,0
D:\Others\assignment\FADI_WEDYAN_OOPS\Assignment-2\1\JavaHamcrest-master\hamcrest\src\main\java\org\hamcrest\CoreMatchers.java,org.hamcrest.CoreMatchers,class,22,23,1,22,35,1,0,35,595,0.0,0.0,0.0,35,35,35,0,0,0,35,0,0,0,0,0,0,0,0,0,0,0,35,107,35,0,0,0,0,1,0,0,0,0,0,0,0,0,223,1,0
D:\Others\assignment\FADI_WEDYAN_OOPS\Assignment-2\1\JavaHamcrest-master\hamcrest\src\main\java\org\hamcrest\collection\IsArray.java,org.hamcrest.collection.IsArray,class,5,8,3,5,14,3,0,10,8,0.375,0.0,0.0,8,1,5,0,3,0,8,0,0,0,1,0,0,1,0,0,1,0,1,41,9,2,2,0,0,7,2,3,0,3,2,0,0,0,69,1,0
D:\Others\assignment\FADI_WEDYAN_OOPS\Assignment-2\1\JavaHamcrest-master\hamcrest\src\test\java\org\hamcrest\collection\ArrayMatchingInAnyOrderTest.java,org.hamcrest.collection.ArrayMatchingInAnyOrderTest,class,4,4,0,4,5,3,0,6,10,0.0,0.0,0.0,5,0,4,0,1,0,5,0,0,0,0,0,0,0,0,0,0,0,33,26,1,0,0,0,0,15,42,1,0,1,0,0,0,0,28,1,0
D:\Others\assignment\FADI_WEDYAN_OOPS\Assignment-2\1\JavaHamcrest-master\hamcrest\src\test\java\org\hamcrest\core\IsNullTest.java,org.hamcrest.core.IsNullTest,class,5,6,1,5,4,1,0,9,4,0.5,0.0,0.0,4,0,3,1,0,0,3,0,0,0,2,0,0,2,0,0,2,0,12,22,0,0,0,0,0,1,0,2,0,2,0,0,0,0,32,17,0
D:\Others\assignment\FADI_WEDYAN_OOPS\Assignment-2\1\JavaHamcrest-master\hamcrest\src\test\java\org\hamcrest\beans\SamePropertyValuesAsTest.java,org.hamcrest.beans.SamePropertyValuesAsTest$Value,innerclass,0,0,0,0,2,1,0,0,0,0.0,0.0,0.0,2,0,2,0,0,0,2,0,0,0,1,0,1,0,0,0,1,0,0,9,1,0,0,0,0,1,0,1,1,1,0,0,0,0,5,9,0
D:\Others\assignment\FADI_WEDYAN_OOPS\Assignment-2\1\JavaHamcrest-master\hamcrest\src\test\java\org\hamcrest\beans\HasPropertyWithValueTest.java,org.hamcrest.beans.HasPropertyWithValueTest,class,15,15,0,15,13,7,0,19,42,0.6923077,0.0,0.0,13,0,12,0,1,0,13,0,0,0,3,0,0,3,0,0,3,0,54,123,1,0,0,0,0,48,1,6,0,6,0,0,8,0,70,1,0
D:\Others\assignment\FADI_WEDYAN_OOPS\Assignment-2\1\JavaHamcrest-master\hamcrest\src\test\java\org\hamcrest\core\CombinableTest.java,org.hamcrest.core.CombinableTest,class,9,9,0,9,8,1,0,19,4,0.5,0.0,0.0,8,0,8,0,0,0,8,0,0,0,2,2,0,2,0,0,2,0,29,39,0,0,0,0,0,14,16,5,0,5,0,0,0,0,59,17,0
D:\Others\assignment\FADI_WEDYAN_OOPS\Assignment-2\1\JavaHamcrest-master\hamcrest\src\main\java\org\hamcrest\Condition.java,org.hamcrest.Condition$Step,interface,4,4,0,4,1,1,0,0,0,0.0,NaN,NaN,1,0,0,0,0,1,1,0,0,0,0,0,0,0,0,0,0,0,0,3,0,0,0,0,0,0,0,0,0,0,0,0,0,0,4,1,0
D:\Others\assignment\FADI_WEDYAN_OOPS\Assignment-2\1\JavaHamcrest-master\hamcrest\src\test\java\org\hamcrest\collection\IsArrayContainingInAnyOrderTest.java,org.hamcrest.collection.IsArrayContainingInAnyOrderTest,class,4,4,0,4,5,3,0,6,10,0.0,0.0,0.0,5,0,4,0,1,0,5,0,0,0,0,0,0,0,0,0,0,0,33,26,1,0,0,0,0,15,42,1,0,1,0,0,0,0,30,1,0
D:\Others\assignment\FADI_WEDYAN_OOPS\Assignment-2\1\JavaHamcrest-master\hamcrest\src\test\java\org\hamcrest\core\IsInstanceOfTest.java,org.hamcrest.core.IsInstanceOfTest,class,6,7,1,6,8,1,0,25,28,0.0,0.0,0.0,8,1,7,1,0,0,7,0,0,0,0,0,0,0,0,0,0,0,32,39,1,0,0,0,0,6,8,4,0,4,0,0,0,0,58,17,0
D:\Others\assignment\FADI_WEDYAN_OOPS\Assignment-2\1\JavaHamcrest-master\hamcrest\src\main\java\org\hamcrest\core\CombinableMatcher.java,org.hamcrest.core.CombinableMatcher$CombinableBothMatcher,innerclass,4,4,0,4,2,1,0,1,0,0.0,0.0,0.0,2,0,2,0,0,0,2,0,0,0,1,0,0,1,0,0,1,0,0,9,1,0,0,0,0,0,0,1,0,1,0,0,0,0,8,25,0
D:\Others\assignment\FADI_WEDYAN_OOPS\Assignment-2\1\JavaHamcrest-master\hamcrest\src\main\java\org\hamcrest\comparator\ComparatorMatcherBuilder.java,org.hamcrest.comparator.ComparatorMatcherBuilder$ComparatorMatcher,innerclass,4,4,0,4,11,3,0,5,0,0.6,0.0,0.0,5,1,3,2,0,0,3,0,0,0,9,4,0,9,0,0,9,0,5,46,3,0,1,1,0,10,4,10,1,10,1,0,0,0,47,26,0
D:\Others\assignment\FADI_WEDYAN_OOPS\Assignment-2\1\JavaHamcrest-master\hamcrest\src\main\java\org\hamcrest\core\StringEndsWith.java,org.hamcrest.core.StringEndsWith,class,3,10,7,3,5,4,0,2,10,0.0,0.0,0.0,5,2,4,0,1,0,5,0,0,0,0,0,0,0,0,0,0,0,0,17,3,0,0,0,0,1,0,0,0,0,0,0,0,0,41,1,0
D:\Others\assignment\FADI_WEDYAN_OOPS\Assignment-2\1\JavaHamcrest-master\hamcrest\src\main\java\org\hamcrest\io\FileMatchers.java,org.hamcrest.io.FileMatchers$Anonymous10,anonymous,2,2,0,2,3,1,0,3,1,0.0,0.0,0.0,2,0,2,0,0,0,2,0,0,0,0,0,0,0,0,0,0,0,1,12,1,0,0,0,0,1,0,1,0,1,1,0,0,0,11,-1,0
D:\Others\assignment\FADI_WEDYAN_OOPS\Assignment-2\1\JavaHamcrest-master\hamcrest\src\main\java\org\hamcrest\core\StringStartsWith.java,org.hamcrest.core.StringStartsWith,class,3,10,7,3,5,4,0,2,10,0.0,0.0,0.0,5,2,4,0,1,0,5,0,0,0,0,0,0,0,0,0,0,0,0,17,3,0,0,0,0,1,0,0,0,0,0,0,0,0,42,1,0
D:\Others\assignment\FADI_WEDYAN_OOPS\Assignment-2\1\JavaHamcrest-master\hamcrest\src\test\java\org\hamcrest\collection\IsArrayTest.java,org.hamcrest.collection.IsArrayTest$Anonymous1,anonymous,1,1,0,1,3,1,0,1,3,0.0,0.0,0.0,3,0,3,0,0,0,3,0,0,0,0,0,0,0,0,0,0,0,0,11,1,0,0,0,0,2,0,0,0,0,0,0,0,0,9,-1,0
D:\Others\assignment\FADI_WEDYAN_OOPS\Assignment-2\1\JavaHamcrest-master\hamcrest\src\test\java\org\hamcrest\beans\SamePropertyValuesAsTest.java,org.hamcrest.beans.SamePropertyValuesAsTest$SubBeanWithExtraProperty,innerclass,2,2,0,2,2,2,0,0,1,0.0,0.0,0.0,2,0,2,0,0,0,2,0,0,0,0,0,0,0,0,0,0,0,0,8,1,0,0,0,0,2,0,0,0,0,0,0,0,0,9,9,0
D:\Others\assignment\FADI_WEDYAN_OOPS\Assignment-2\1\JavaHamcrest-master\hamcrest\src\main\java\org\hamcrest\xml\HasXPath.java,org.hamcrest.xml.HasXPath,class,9,12,3,9,16,3,0,17,14,0.77380955,0.0,0.0,12,6,8,4,0,0,8,0,0,0,7,3,1,6,0,0,7,0,7,75,9,0,2,2,0,4,0,8,1,8,2,1,0,0,105,1,0
D:\Others\assignment\FADI_WEDYAN_OOPS\Assignment-2\1\JavaHamcrest-master\hamcrest\src\main\java\org\hamcrest\beans\HasPropertyWithValue.java,org.hamcrest.beans.HasPropertyWithValue,class,9,12,3,9,12,3,0,20,0,0.59999996,0.0,0.0,10,4,6,4,0,0,6,0,0,0,4,1,0,4,0,0,4,0,7,73,8,1,1,0,0,9,0,9,1,8,1,2,0,0,191,1,0
D:\Others\assignment\FADI_WEDYAN_OOPS\Assignment-2\1\JavaHamcrest-master\hamcrest\src\test\java\org\hamcrest\comparator\ComparatorMatcherTest.java,org.hamcrest.comparator.ComparatorMatcherTest$Anonymous1,anonymous,0,0,0,0,1,1,0,1,0,0.0,NaN,NaN,1,0,1,0,0,0,1,0,0,0,0,0,0,0,0,0,0,0,0,5,1,0,0,0,0,0,0,0,0,0,0,0,0,0,3,-1,0
D:\Others\assignment\FADI_WEDYAN_OOPS\Assignment-2\1\JavaHamcrest-master\hamcrest\src\test\java\org\hamcrest\core\IsAnythingTest.java,org.hamcrest.core.IsAnythingTest,class,7,7,0,7,4,1,0,6,4,0.5,0.0,0.0,4,0,4,0,0,0,4,0,0,0,1,0,0,1,0,0,1,0,11,21,0,0,0,0,0,7,0,2,0,2,0,0,1,0,28,17,0
D:\Others\assignment\FADI_WEDYAN_OOPS\Assignment-2\1\JavaHamcrest-master\hamcrest\src\main\java\org\hamcrest\MatcherAssert.java,org.hamcrest.MatcherAssert,class,5,20,15,5,5,1,0,7,3,0.0,0.0,0.0,3,3,3,0,0,0,3,0,0,0,0,0,0,0,0,0,0,0,3,18,0,0,0,0,0,3,0,1,0,1,1,0,0,0,14,1,0
D:\Others\assignment\FADI_WEDYAN_OOPS\Assignment-2\1\JavaHamcrest-master\hamcrest\src\test\java\org\hamcrest\collection\HasItemInArrayTest.java,org.hamcrest.collection.HasItemInArrayTest,class,4,4,0,4,5,3,0,7,10,0.0,0.0,0.0,5,0,4,0,1,0,5,0,0,0,0,0,0,0,0,0,0,0,15,19,1,0,0,0,0,16,6,0,0,0,0,0,0,0,44,1,0
D:\Others\assignment\FADI_WEDYAN_OOPS\Assignment-2\1\JavaHamcrest-master\hamcrest\src\main\java\org\hamcrest\core\StringRegularExpression.java,org.hamcrest.core.StringRegularExpression,class,4,7,3,4,6,3,0,6,0,0.2,0.0,0.0,5,2,3,0,2,0,5,0,0,0,1,0,0,1,0,0,0,0,2,22,4,0,0,0,0,2,0,1,0,1,1,0,0,0,40,1,0
D:\Others\assignment\FADI_WEDYAN_OOPS\Assignment-2\1\JavaHamcrest-master\hamcrest\src\test\java\org\hamcrest\TypeSafeDiagnosingMatcherTest.java,org.hamcrest.TypeSafeDiagnosingMatcherTest$OtherNotBuiltIn,innerclass,0,0,0,0,0,1,0,0,0,0.0,-1.0,-1.0,0,0,0,0,0,0,0,0,0,0,0,0,0,0,0,0,0,0,0,2,0,0,0,0,0,0,0,0,0,0,0,0,0,0,4,9,0
D:\Others\assignment\FADI_WEDYAN_OOPS\Assignment-2\1\JavaHamcrest-master\hamcrest\src\test\java\org\hamcrest\collection\IsIterableContainingInOrderTest.java,org.hamcrest.collection.IsIterableContainingInOrderTest,class,8,10,2,8,12,3,0,17,64,0.8333333,0.0,0.0,12,2,11,0,1,0,12,0,0,0,1,0,0,1,0,0,1,0,37,56,3,0,0,0,0,11,30,1,0,1,0,1,1,0,52,1,0
D:\Others\assignment\FADI_WEDYAN_OOPS\Assignment-2\1\JavaHamcrest-master\hamcrest\src\test\java\org\hamcrest\collection\IsCollectionWithSizeTest.java,org.hamcrest.collection.IsCollectionWithSizeTest,class,5,5,0,5,11,3,0,9,55,0.0,0.0,0.0,11,0,10,0,1,0,11,0,0,0,0,0,0,0,0,0,0,0,62,50,1,0,0,0,0,25,19,7,0,7,0,0,0,0,42,1,0
D:\Others\assignment\FADI_WEDYAN_OOPS\Assignment-2\1\JavaHamcrest-master\hamcrest\src\test\java\org\hamcrest\beans\HasPropertyWithValueTest.java,org.hamcrest.beans.HasPropertyWithValueTest$IX,interface,0,0,0,0,1,1,0,0,0,0.0,NaN,NaN,1,0,0,0,0,1,1,0,0,0,0,0,0,0,0,0,0,0,0,3,0,0,0,0,0,0,0,0,0,0,0,0,0,0,4,0,0
D:\Others\assignment\FADI_WEDYAN_OOPS\Assignment-2\1\JavaHamcrest-master\hamcrest\src\test\java\org\hamcrest\core\EveryTest.java,org.hamcrest.core.EveryTest,class,5,5,0,5,5,1,0,11,0,0.0,0.0,0.0,5,0,5,0,0,0,5,0,0,0,1,0,0,1,0,0,1,0,12,20,0,0,0,0,0,11,0,1,0,1,0,0,0,0,38,17,0
D:\Others\assignment\FADI_WEDYAN_OOPS\Assignment-2\1\JavaHamcrest-master\hamcrest\src\test\java\org\hamcrest\object\IsCompatibleTypeTest.java,org.hamcrest.object.IsCompatibleTypeTest$ExtendedInterface,interface,1,1,0,1,0,1,0,0,0,0.0,-1.0,-1.0,0,0,0,0,0,0,0,0,0,0,0,0,0,0,0,0,0,0,0,2,0,0,0,0,0,0,0,0,0,0,0,0,0,0,3,0,0
D:\Others\assignment\FADI_WEDYAN_OOPS\Assignment-2\1\JavaHamcrest-master\hamcrest\src\test\java\org\hamcrest\MatcherAssertTest.java,org.hamcrest.MatcherAssertTest,class,5,5,0,5,9,1,0,12,10,0.0,0.0,0.0,5,0,5,0,0,0,5,0,0,0,0,0,0,0,0,0,0,0,12,67,3,0,0,4,0,20,2,11,3,11,1,1,0,0,40,17,0
D:\Others\assignment\FADI_WEDYAN_OOPS\Assignment-2\1\JavaHamcrest-master\hamcrest\src\main\java\org\hamcrest\core\AnyOf.java,org.hamcrest.core.AnyOf,class,5,12,7,5,6,3,0,4,15,0.0,0.0,0.0,6,2,6,0,0,0,6,0,0,0,0,0,0,0,0,0,0,0,3,20,3,0,0,0,0,1,0,0,0,0,0,0,0,0,47,1,0
D:\Others\assignment\FADI_WEDYAN_OOPS\Assignment-2\1\JavaHamcrest-master\hamcrest\src\main\java\org\hamcrest\core\IsAnything.java,org.hamcrest.core.IsAnything,class,5,14,9,5,6,2,0,1,13,0.6666667,0.0,0.0,6,2,6,0,0,0,6,0,0,0,1,0,0,1,0,0,1,0,0,21,3,0,0,0,0,1,0,1,0,1,0,0,0,0,34,1,0
D:\Others\assignment\FADI_WEDYAN_OOPS\Assignment-2\1\JavaHamcrest-master\hamcrest\src\main\java\org\hamcrest\core\ShortcutCombination.java,org.hamcrest.core.ShortcutCombination,class,4,5,1,4,7,2,0,2,4,0.4,0.0,0.0,5,0,4,0,1,0,5,2,0,0,1,0,0,1,0,0,1,0,0,19,2,1,1,0,0,4,0,1,1,1,2,0,0,0,14,1024,0
D:\Others\assignment\FADI_WEDYAN_OOPS\Assignment-2\1\JavaHamcrest-master\hamcrest\src\test\java\org\hamcrest\object\IsCompatibleTypeTest.java,org.hamcrest.object.IsCompatibleTypeTest$ExtendedClass,innerclass,1,1,0,1,0,2,0,0,0,0.0,-1.0,-1.0,0,0,0,0,0,0,0,0,0,0,0,0,0,0,0,0,0,0,0,2,0,0,0,0,0,0,0,0,0,0,0,0,0,0,3,10,0
D:\Others\assignment\FADI_WEDYAN_OOPS\Assignment-2\1\JavaHamcrest-master\hamcrest\src\main\java\org\hamcrest\core\IsInstanceOf.java,org.hamcrest.core.IsInstanceOf,class,5,11,6,5,16,3,0,7,5,0.5,0.0,0.0,6,3,4,1,1,0,5,0,0,0,2,0,0,2,0,0,2,0,1,39,14,0,1,0,0,5,0,2,1,2,1,0,0,0,86,1,0
D:\Others\assignment\FADI_WEDYAN_OOPS\Assignment-2\1\JavaHamcrest-master\hamcrest\src\test\java\org\hamcrest\TypeSafeDiagnosingMatcherTest.java,org.hamcrest.TypeSafeDiagnosingMatcherTest$NotBuiltIn,innerclass,0,0,0,0,1,1,0,0,0,1.0,NaN,NaN,1,0,1,0,0,0,1,0,0,0,1,0,1,0,0,0,1,0,0,6,1,0,0,0,0,2,0,1,0,1,0,0,0,0,7,9,0
D:\Others\assignment\FADI_WEDYAN_OOPS\Assignment-2\1\JavaHamcrest-master\hamcrest\src\main\java\org\hamcrest\Description.java,org.hamcrest.Description,interface,4,89,85,4,6,1,0,0,15,1.0,0.0,0.0,6,0,0,0,0,6,6,0,0,0,1,1,0,0,0,1,1,0,0,32,0,0,0,0,0,0,0,1,0,1,0,0,1,0,52,1,0
D:\Others\assignment\FADI_WEDYAN_OOPS\Assignment-2\1\JavaHamcrest-master\hamcrest\src\main\java\org\hamcrest\text\MatchesPattern.java,org.hamcrest.text.MatchesPattern,class,4,7,3,4,5,3,0,4,0,0.2,0.0,0.0,5,2,4,0,1,0,5,0,0,0,1,0,0,1,0,0,1,0,1,18,3,0,0,0,0,2,0,1,1,1,0,0,0,0,29,1,0
D:\Others\assignment\FADI_WEDYAN_OOPS\Assignment-2\1\JavaHamcrest-master\hamcrest\src\main\java\org\hamcrest\number\BigDecimalCloseTo.java,org.hamcrest.number.BigDecimalCloseTo,class,4,7,3,4,7,3,0,7,3,0.4166667,0.0,0.0,6,1,5,1,0,0,5,0,0,0,2,0,0,2,0,0,2,0,0,23,3,0,0,0,0,4,1,2,0,2,0,0,0,0,55,1,0
D:\Others\assignment\FADI_WEDYAN_OOPS\Assignment-2\1\JavaHamcrest-master\hamcrest\src\test\java\org\hamcrest\core\StringContainsTest.java,org.hamcrest.core.StringContainsTest,class,3,3,0,3,3,3,0,7,1,0.5,0.0,0.0,3,0,2,0,1,0,3,0,0,0,2,1,0,0,0,2,2,0,18,28,1,0,0,0,0,23,0,3,8,3,0,0,0,0,27,1,0
D:\Others\assignment\FADI_WEDYAN_OOPS\Assignment-2\1\JavaHamcrest-master\hamcrest\src\test\java\org\hamcrest\beans\SamePropertyValuesAsTest.java,org.hamcrest.beans.SamePropertyValuesAsTest$ExampleBean,innerclass,1,1,0,1,5,1,0,0,4,0.6,0.0,0.0,5,0,5,0,0,0,5,0,0,0,3,0,0,3,0,0,0,0,0,22,4,0,0,0,0,2,0,3,0,3,0,0,0,0,11,9,0
D:\Others\assignment\FADI_WEDYAN_OOPS\Assignment-2\1\JavaHamcrest-master\hamcrest\src\main\java\org\hamcrest\Matchers.java,org.hamcrest.Matchers,class,60,63,3,60,127,1,0,117,8001,0.0,0.0,0.0,127,127,127,0,0,0,127,0,0,0,0,0,0,0,0,0,0,0,128,383,127,0,0,0,0,7,0,0,0,0,0,0,0,0,434,1,0
D:\Others\assignment\FADI_WEDYAN_OOPS\Assignment-2\1\JavaHamcrest-master\hamcrest\src\main\java\org\hamcrest\FeatureMatcher.java,org.hamcrest.FeatureMatcher,class,7,18,11,7,5,3,0,5,0,0.5,0.0,0.0,4,0,2,0,2,0,4,1,1,0,4,1,0,4,0,0,4,0,0,25,2,0,0,0,0,3,2,5,0,5,1,0,0,0,60,1025,0
D:\Others\assignment\FADI_WEDYAN_OOPS\Assignment-2\1\JavaHamcrest-master\hamcrest\src\test\java\org\hamcrest\TypeSafeDiagnosingMatcherTest.java,org.hamcrest.TypeSafeDiagnosingMatcherTest,class,7,7,0,7,4,3,0,4,6,0.75,0.0,0.0,4,0,4,0,0,0,4,0,0,0,1,1,0,1,0,0,1,0,9,61,0,0,0,0,0,11,0,4,0,4,0,2,3,0,53,1,0
D:\Others\assignment\FADI_WEDYAN_OOPS\Assignment-2\1\JavaHamcrest-master\hamcrest\src\test\java\org\hamcrest\core\IsIterableContainingTest.java,org.hamcrest.core.IsIterableContainingTest$Anonymous1,anonymous,1,1,0,1,3,1,0,2,1,0.0,0.0,0.0,2,0,1,0,1,0,2,0,0,0,0,0,0,0,0,0,0,0,0,10,2,0,0,0,0,2,0,0,2,0,1,0,0,0,11,-1,0
D:\Others\assignment\FADI_WEDYAN_OOPS\Assignment-2\1\JavaHamcrest-master\hamcrest\src\test\java\org\hamcrest\core\IsEqualTest.java,org.hamcrest.core.IsEqualTest$Anonymous3,anonymous,0,0,0,0,1,1,0,0,0,0.0,NaN,NaN,1,0,1,0,0,0,1,0,0,0,0,0,0,0,0,0,0,0,0,5,1,0,0,0,0,0,0,0,0,0,0,0,0,0,4,-1,0
D:\Others\assignment\FADI_WEDYAN_OOPS\Assignment-2\1\JavaHamcrest-master\hamcrest\src\test\java\org\hamcrest\core\IsEqualTest.java,org.hamcrest.core.IsEqualTest$Anonymous1,anonymous,0,0,0,0,1,1,0,0,0,0.0,NaN,NaN,1,0,1,0,0,0,1,0,0,0,0,0,0,0,0,0,0,0,0,5,1,0,0,0,0,0,0,0,0,0,0,0,0,0,4,-1,0
D:\Others\assignment\FADI_WEDYAN_OOPS\Assignment-2\1\JavaHamcrest-master\hamcrest\src\test\java\org\hamcrest\core\IsEqualTest.java,org.hamcrest.core.IsEqualTest$Anonymous2,anonymous,0,0,0,0,1,1,0,0,0,0.0,NaN,NaN,1,0,1,0,0,0,1,0,0,0,0,0,0,0,0,0,0,0,0,5,1,0,0,0,0,0,0,0,0,0,0,0,0,0,4,-1,0
