file,class,type,cbo,cboModified,fanin,fanout,wmc,dit,noc,rfc,lcom,lcom*,tcc,lcc,totalMethodsQty,staticMethodsQty,publicMethodsQty,privateMethodsQty,protectedMethodsQty,defaultMethodsQty,visibleMethodsQty,abstractMethodsQty,finalMethodsQty,synchronizedMethodsQty,totalFieldsQty,staticFieldsQty,publicFieldsQty,privateFieldsQty,protectedFieldsQty,defaultFieldsQty,finalFieldsQty,synchronizedFieldsQty,nosi,loc,returnQty,loopQty,comparisonsQty,tryCatchQty,parenthesizedExpsQty,stringLiteralsQty,numbersQty,assignmentsQty,mathOperationsQty,variablesQty,maxNestedBlocksQty,anonymousClassesQty,innerClassesQty,lambdasQty,uniqueWordsQty,modifiers,logStatementsQty
D:\Others\assignment\FADI_WEDYAN_OOPS\Assignment-2\2\http-request-master\lib\src\test\java\com\github\kevinsawicki\http\HttpRequestTest.java,com.github.kevinsawicki.http.HttpRequestTest$Anonymous112,anonymous,2,2,0,2,1,1,0,5,0,0.0,NaN,NaN,1,0,1,0,0,0,1,0,0,0,0,0,0,0,0,0,0,0,0,8,0,0,0,0,0,4,0,0,0,0,0,0,0,0,12,-1,0
D:\Others\assignment\FADI_WEDYAN_OOPS\Assignment-2\2\http-request-master\lib\src\test\java\com\github\kevinsawicki\http\HttpRequestTest.java,com.github.kevinsawicki.http.HttpRequestTest$Anonymous113,anonymous,2,2,0,2,1,1,0,5,0,0.0,NaN,NaN,1,0,1,0,0,0,1,0,0,0,0,0,0,0,0,0,0,0,0,8,0,0,0,0,0,4,0,0,0,0,0,0,0,0,12,-1,0
D:\Others\assignment\FADI_WEDYAN_OOPS\Assignment-2\2\http-request-master\lib\src\test\java\com\github\kevinsawicki\http\HttpRequestTest.java,com.github.kevinsawicki.http.HttpRequestTest$Anonymous110,anonymous,2,2,0,2,1,1,0,5,0,0.0,NaN,NaN,1,0,1,0,0,0,1,0,0,0,0,0,0,0,0,0,0,0,0,8,0,0,0,0,0,4,0,0,0,0,0,0,0,0,12,-1,0
D:\Others\assignment\FADI_WEDYAN_OOPS\Assignment-2\2\http-request-master\lib\src\test\java\com\github\kevinsawicki\http\HttpRequestTest.java,com.github.kevinsawicki.http.HttpRequestTest$Anonymous111,anonymous,2,2,0,2,1,1,0,5,0,0.0,NaN,NaN,1,0,1,0,0,0,1,0,0,0,0,0,0,0,0,0,0,0,0,8,0,0,0,0,0,4,0,0,0,0,0,0,0,0,12,-1,0
D:\Others\assignment\FADI_WEDYAN_OOPS\Assignment-2\2\http-request-master\lib\src\test\java\com\github\kevinsawicki\http\HttpRequestTest.java,com.github.kevinsawicki.http.HttpRequestTest$Anonymous24,anonymous,3,3,0,3,1,1,0,3,0,0.0,NaN,NaN,1,0,1,0,0,0,1,0,0,0,0,0,0,0,0,0,0,0,0,6,0,0,0,0,0,0,0,0,0,0,0,0,0,0,13,-1,0
D:\Others\assignment\FADI_WEDYAN_OOPS\Assignment-2\2\http-request-master\lib\src\test\java\com\github\kevinsawicki\http\HttpRequestTest.java,com.github.kevinsawicki.http.HttpRequestTest$Anonymous25,anonymous,3,3,0,3,1,1,0,5,0,0.0,NaN,NaN,1,0,1,0,0,0,1,0,0,0,0,0,0,0,0,0,0,0,0,7,0,0,0,0,0,0,0,0,0,0,0,0,0,0,13,-1,0
D:\Others\assignment\FADI_WEDYAN_OOPS\Assignment-2\2\http-request-master\lib\src\test\java\com\github\kevinsawicki\http\HttpRequestTest.java,com.github.kevinsawicki.http.HttpRequestTest$Anonymous118,anonymous,2,2,0,2,1,1,0,5,0,0.0,NaN,NaN,1,0,1,0,0,0,1,0,0,0,0,0,0,0,0,0,0,0,0,8,0,0,0,0,0,4,0,0,0,0,0,0,0,0,12,-1,0
D:\Others\assignment\FADI_WEDYAN_OOPS\Assignment-2\2\http-request-master\lib\src\test\java\com\github\kevinsawicki\http\HttpRequestTest.java,com.github.kevinsawicki.http.HttpRequestTest$Anonymous22,anonymous,3,3,0,3,1,1,0,3,0,0.0,NaN,NaN,1,0,1,0,0,0,1,0,0,0,0,0,0,0,0,0,0,0,0,6,0,0,0,0,0,0,0,0,0,0,0,0,0,0,13,-1,0
D:\Others\assignment\FADI_WEDYAN_OOPS\Assignment-2\2\http-request-master\lib\src\test\java\com\github\kevinsawicki\http\HttpRequestTest.java,com.github.kevinsawicki.http.HttpRequestTest$Anonymous23,anonymous,3,3,0,3,1,1,0,3,0,0.0,NaN,NaN,1,0,1,0,0,0,1,0,0,0,0,0,0,0,0,0,0,0,0,6,0,0,0,0,0,0,0,0,0,0,0,0,0,0,13,-1,0
D:\Others\assignment\FADI_WEDYAN_OOPS\Assignment-2\2\http-request-master\lib\src\test\java\com\github\kevinsawicki\http\HttpRequestTest.java,com.github.kevinsawicki.http.HttpRequestTest$Anonymous119,anonymous,2,2,0,2,1,1,0,5,0,0.0,NaN,NaN,1,0,1,0,0,0,1,0,0,0,0,0,0,0,0,0,0,0,0,8,0,0,0,0,0,4,0,0,0,0,0,0,0,0,12,-1,0
D:\Others\assignment\FADI_WEDYAN_OOPS\Assignment-2\2\http-request-master\lib\src\test\java\com\github\kevinsawicki\http\HttpRequestTest.java,com.github.kevinsawicki.http.HttpRequestTest$Anonymous116,anonymous,2,2,0,2,1,1,0,5,0,0.0,NaN,NaN,1,0,1,0,0,0,1,0,0,0,0,0,0,0,0,0,0,0,0,8,0,0,0,0,0,4,0,0,0,0,0,0,0,0,12,-1,0
D:\Others\assignment\FADI_WEDYAN_OOPS\Assignment-2\2\http-request-master\lib\src\test\java\com\github\kevinsawicki\http\HttpRequestTest.java,com.github.kevinsawicki.http.HttpRequestTest$Anonymous20,anonymous,3,3,0,3,1,1,0,3,0,0.0,NaN,NaN,1,0,1,0,0,0,1,0,0,0,0,0,0,0,0,0,0,0,0,6,0,0,0,0,0,0,0,0,0,0,0,0,0,0,13,-1,0
D:\Others\assignment\FADI_WEDYAN_OOPS\Assignment-2\2\http-request-master\lib\src\test\java\com\github\kevinsawicki\http\HttpRequestTest.java,com.github.kevinsawicki.http.HttpRequestTest$Anonymous117,anonymous,2,2,0,2,1,1,0,5,0,0.0,NaN,NaN,1,0,1,0,0,0,1,0,0,0,0,0,0,0,0,0,0,0,0,8,0,0,0,0,0,4,0,0,0,0,0,0,0,0,12,-1,0
D:\Others\assignment\FADI_WEDYAN_OOPS\Assignment-2\2\http-request-master\lib\src\test\java\com\github\kevinsawicki\http\HttpRequestTest.java,com.github.kevinsawicki.http.HttpRequestTest$Anonymous21,anonymous,3,3,0,3,1,1,0,3,0,0.0,NaN,NaN,1,0,1,0,0,0,1,0,0,0,0,0,0,0,0,0,0,0,0,6,0,0,0,0,0,0,0,0,0,0,0,0,0,0,13,-1,0
D:\Others\assignment\FADI_WEDYAN_OOPS\Assignment-2\2\http-request-master\lib\src\test\java\com\github\kevinsawicki\http\HttpRequestTest.java,com.github.kevinsawicki.http.HttpRequestTest$Anonymous114,anonymous,2,2,0,2,1,1,0,5,0,0.0,NaN,NaN,1,0,1,0,0,0,1,0,0,0,0,0,0,0,0,0,0,0,0,8,0,0,0,0,0,4,0,0,0,0,0,0,0,0,12,-1,0
D:\Others\assignment\FADI_WEDYAN_OOPS\Assignment-2\2\http-request-master\lib\src\test\java\com\github\kevinsawicki\http\HttpRequestTest.java,com.github.kevinsawicki.http.HttpRequestTest$Anonymous115,anonymous,2,2,0,2,1,1,0,5,0,0.0,NaN,NaN,1,0,1,0,0,0,1,0,0,0,0,0,0,0,0,0,0,0,0,8,0,0,0,0,0,4,0,0,0,0,0,0,0,0,12,-1,0
D:\Others\assignment\FADI_WEDYAN_OOPS\Assignment-2\2\http-request-master\lib\src\test\java\com\github\kevinsawicki\http\HttpRequestTest.java,com.github.kevinsawicki.http.HttpRequestTest$Anonymous28,anonymous,3,3,0,3,1,1,0,3,0,0.0,NaN,NaN,1,0,1,0,0,0,1,0,0,0,0,0,0,0,0,0,0,0,0,6,0,0,0,0,0,0,0,0,0,0,0,0,0,0,13,-1,0
D:\Others\assignment\FADI_WEDYAN_OOPS\Assignment-2\2\http-request-master\lib\src\test\java\com\github\kevinsawicki\http\HttpRequestTest.java,com.github.kevinsawicki.http.HttpRequestTest$Anonymous29,anonymous,3,3,0,3,1,1,0,4,0,0.0,NaN,NaN,1,0,1,0,0,0,1,0,0,0,0,0,0,0,0,0,0,0,0,7,0,0,0,0,0,1,0,0,0,0,0,0,0,0,13,-1,0
D:\Others\assignment\FADI_WEDYAN_OOPS\Assignment-2\2\http-request-master\lib\src\test\java\com\github\kevinsawicki\http\HttpRequestTest.java,com.github.kevinsawicki.http.HttpRequestTest$Anonymous26,anonymous,3,3,0,3,1,1,0,4,0,0.0,NaN,NaN,1,0,1,0,0,0,1,0,0,0,0,0,0,0,0,0,0,0,0,7,0,0,0,0,0,0,0,0,0,0,0,0,0,0,13,-1,0
D:\Others\assignment\FADI_WEDYAN_OOPS\Assignment-2\2\http-request-master\lib\src\test\java\com\github\kevinsawicki\http\HttpRequestTest.java,com.github.kevinsawicki.http.HttpRequestTest$Anonymous27,anonymous,3,3,0,3,1,1,0,4,0,0.0,NaN,NaN,1,0,1,0,0,0,1,0,0,0,0,0,0,0,0,0,0,0,0,7,0,0,0,0,0,0,0,0,0,0,0,0,0,0,13,-1,0
D:\Others\assignment\FADI_WEDYAN_OOPS\Assignment-2\2\http-request-master\lib\src\main\java\com\github\kevinsawicki\http\HttpRequest.java,com.github.kevinsawicki.http.HttpRequest$Anonymous12,anonymous,1,1,0,1,1,1,0,1,0,0.0,NaN,NaN,1,0,0,0,1,0,1,0,0,0,0,0,0,0,0,0,0,0,0,5,1,0,0,0,0,0,0,0,0,0,0,0,0,0,7,-1,0
D:\Others\assignment\FADI_WEDYAN_OOPS\Assignment-2\2\http-request-master\lib\src\main\java\com\github\kevinsawicki\http\HttpRequest.java,com.github.kevinsawicki.http.HttpRequest$Anonymous11,anonymous,3,3,0,3,2,1,0,3,0,0.0,NaN,NaN,1,0,1,0,0,0,1,0,0,0,0,0,0,0,0,0,0,0,0,12,1,1,1,0,1,0,3,3,0,2,1,0,0,0,10,-1,0
D:\Others\assignment\FADI_WEDYAN_OOPS\Assignment-2\2\http-request-master\lib\src\main\java\com\github\kevinsawicki\http\HttpRequest.java,com.github.kevinsawicki.http.HttpRequest$Anonymous10,anonymous,3,3,0,3,2,1,0,3,0,0.0,NaN,NaN,1,0,1,0,0,0,1,0,0,0,0,0,0,0,0,0,0,0,0,12,1,1,1,0,1,0,2,3,0,2,1,0,0,0,10,-1,0
D:\Others\assignment\FADI_WEDYAN_OOPS\Assignment-2\2\http-request-master\lib\src\test\java\com\github\kevinsawicki\http\HttpRequestTest.java,com.github.kevinsawicki.http.HttpRequestTest$Anonymous93,anonymous,2,2,0,2,1,1,0,2,0,0.0,NaN,NaN,1,0,1,0,0,0,1,0,0,0,0,0,0,0,0,0,0,0,0,6,0,0,0,0,0,2,0,0,0,0,0,0,0,0,15,-1,0
D:\Others\assignment\FADI_WEDYAN_OOPS\Assignment-2\2\http-request-master\lib\src\test\java\com\github\kevinsawicki\http\HttpRequestTest.java,com.github.kevinsawicki.http.HttpRequestTest$Anonymous101,anonymous,2,2,0,2,1,1,0,5,0,0.0,NaN,NaN,1,0,1,0,0,0,1,0,0,0,0,0,0,0,0,0,0,0,0,8,0,0,0,0,0,4,0,0,0,0,0,0,0,0,12,-1,0
D:\Others\assignment\FADI_WEDYAN_OOPS\Assignment-2\2\http-request-master\lib\src\test\java\com\github\kevinsawicki\http\HttpRequestTest.java,com.github.kevinsawicki.http.HttpRequestTest$Anonymous94,anonymous,2,2,0,2,1,1,0,1,0,0.0,NaN,NaN,1,0,1,0,0,0,1,0,0,0,0,0,0,0,0,0,0,0,0,5,0,0,0,0,0,0,0,0,0,0,0,0,0,0,12,-1,0
D:\Others\assignment\FADI_WEDYAN_OOPS\Assignment-2\2\http-request-master\lib\src\test\java\com\github\kevinsawicki\http\HttpRequestTest.java,com.github.kevinsawicki.http.HttpRequestTest$Anonymous102,anonymous,2,2,0,2,1,1,0,5,0,0.0,NaN,NaN,1,0,1,0,0,0,1,0,0,0,0,0,0,0,0,0,0,0,0,8,0,0,0,0,0,4,0,0,0,0,0,0,0,0,12,-1,0
D:\Others\assignment\FADI_WEDYAN_OOPS\Assignment-2\2\http-request-master\lib\src\test\java\com\github\kevinsawicki\http\HttpRequestTest.java,com.github.kevinsawicki.http.HttpRequestTest$Anonymous91,anonymous,2,2,0,2,1,1,0,2,0,0.0,NaN,NaN,1,0,1,0,0,0,1,0,0,0,0,0,0,0,0,0,0,0,0,6,0,0,0,0,0,2,0,0,0,0,0,0,0,0,15,-1,0
D:\Others\assignment\FADI_WEDYAN_OOPS\Assignment-2\2\http-request-master\lib\src\test\java\com\github\kevinsawicki\http\HttpRequestTest.java,com.github.kevinsawicki.http.HttpRequestTest$Anonymous92,anonymous,2,2,0,2,1,1,0,2,0,0.0,NaN,NaN,1,0,1,0,0,0,1,0,0,0,0,0,0,0,0,0,0,0,0,6,0,0,0,0,0,2,0,0,0,0,0,0,0,0,14,-1,0
D:\Others\assignment\FADI_WEDYAN_OOPS\Assignment-2\2\http-request-master\lib\src\test\java\com\github\kevinsawicki\http\HttpRequestTest.java,com.github.kevinsawicki.http.HttpRequestTest$Anonymous100,anonymous,2,2,0,2,1,1,0,5,0,0.0,NaN,NaN,1,0,1,0,0,0,1,0,0,0,0,0,0,0,0,0,0,0,0,8,0,0,0,0,0,4,0,0,0,0,0,0,0,0,12,-1,0
D:\Others\assignment\FADI_WEDYAN_OOPS\Assignment-2\2\http-request-master\lib\src\test\java\com\github\kevinsawicki\http\HttpRequestTest.java,com.github.kevinsawicki.http.HttpRequestTest$Anonymous90,anonymous,2,2,0,2,1,1,0,2,0,0.0,NaN,NaN,1,0,1,0,0,0,1,0,0,0,0,0,0,0,0,0,0,0,0,6,0,0,0,0,0,2,0,0,0,0,0,0,0,0,12,-1,0
D:\Others\assignment\FADI_WEDYAN_OOPS\Assignment-2\2\http-request-master\lib\src\test\java\com\github\kevinsawicki\http\HttpRequestTest.java,com.github.kevinsawicki.http.HttpRequestTest$Anonymous13,anonymous,2,2,0,2,1,1,0,3,0,0.0,NaN,NaN,1,0,1,0,0,0,1,0,0,0,0,0,0,0,0,0,0,0,0,6,0,0,0,0,0,0,0,0,0,0,0,0,0,0,12,-1,0
D:\Others\assignment\FADI_WEDYAN_OOPS\Assignment-2\2\http-request-master\lib\src\test\java\com\github\kevinsawicki\http\HttpRequestTest.java,com.github.kevinsawicki.http.HttpRequestTest$Anonymous109,anonymous,2,2,0,2,1,1,0,5,0,0.0,NaN,NaN,1,0,1,0,0,0,1,0,0,0,0,0,0,0,0,0,0,0,0,8,0,0,0,0,0,4,0,0,0,0,0,0,0,0,12,-1,0
D:\Others\assignment\FADI_WEDYAN_OOPS\Assignment-2\2\http-request-master\lib\src\test\java\com\github\kevinsawicki\http\HttpRequestTest.java,com.github.kevinsawicki.http.HttpRequestTest$Anonymous14,anonymous,2,2,0,2,1,1,0,3,0,0.0,NaN,NaN,1,0,1,0,0,0,1,0,0,0,0,0,0,0,0,0,0,0,0,6,0,0,0,0,0,0,0,0,0,0,0,0,0,0,12,-1,0
D:\Others\assignment\FADI_WEDYAN_OOPS\Assignment-2\2\http-request-master\lib\src\test\java\com\github\kevinsawicki\http\HttpRequestTest.java,com.github.kevinsawicki.http.HttpRequestTest$Anonymous107,anonymous,2,2,0,2,1,1,0,5,0,0.0,NaN,NaN,1,0,1,0,0,0,1,0,0,0,0,0,0,0,0,0,0,0,0,8,0,0,0,0,0,4,0,0,0,0,0,0,0,0,12,-1,0
D:\Others\assignment\FADI_WEDYAN_OOPS\Assignment-2\2\http-request-master\lib\src\test\java\com\github\kevinsawicki\http\HttpRequestTest.java,com.github.kevinsawicki.http.HttpRequestTest$Anonymous11,anonymous,2,2,0,2,1,1,0,3,0,0.0,NaN,NaN,1,0,1,0,0,0,1,0,0,0,0,0,0,0,0,0,0,0,0,6,0,0,0,0,0,0,0,0,0,0,0,0,0,0,12,-1,0
D:\Others\assignment\FADI_WEDYAN_OOPS\Assignment-2\2\http-request-master\lib\src\test\java\com\github\kevinsawicki\http\HttpRequestTest.java,com.github.kevinsawicki.http.HttpRequestTest$Anonymous99,anonymous,3,3,0,3,1,1,0,3,0,0.0,NaN,NaN,1,0,1,0,0,0,1,0,0,0,0,0,0,0,0,0,0,0,0,6,0,0,0,0,0,0,0,0,0,0,0,0,0,0,13,-1,0
D:\Others\assignment\FADI_WEDYAN_OOPS\Assignment-2\2\http-request-master\lib\src\test\java\com\github\kevinsawicki\http\HttpRequestTest.java,com.github.kevinsawicki.http.HttpRequestTest$Anonymous12,anonymous,2,2,0,2,1,1,0,3,0,0.0,NaN,NaN,1,0,1,0,0,0,1,0,0,0,0,0,0,0,0,0,0,0,0,6,0,0,0,0,0,0,0,0,0,0,0,0,0,0,12,-1,0
D:\Others\assignment\FADI_WEDYAN_OOPS\Assignment-2\2\http-request-master\lib\src\test\java\com\github\kevinsawicki\http\HttpRequestTest.java,com.github.kevinsawicki.http.HttpRequestTest$Anonymous108,anonymous,2,2,0,2,1,1,0,5,0,0.0,NaN,NaN,1,0,1,0,0,0,1,0,0,0,0,0,0,0,0,0,0,0,0,8,0,0,0,0,0,4,0,0,0,0,0,0,0,0,12,-1,0
D:\Others\assignment\FADI_WEDYAN_OOPS\Assignment-2\2\http-request-master\lib\src\test\java\com\github\kevinsawicki\http\HttpRequestTest.java,com.github.kevinsawicki.http.HttpRequestTest$Anonymous105,anonymous,2,2,0,2,1,1,0,5,0,0.0,NaN,NaN,1,0,1,0,0,0,1,0,0,0,0,0,0,0,0,0,0,0,0,8,0,0,0,0,0,4,0,0,0,0,0,0,0,0,12,-1,0
D:\Others\assignment\FADI_WEDYAN_OOPS\Assignment-2\2\http-request-master\lib\src\test\java\com\github\kevinsawicki\http\HttpRequestTest.java,com.github.kevinsawicki.http.HttpRequestTest$Anonymous97,anonymous,2,2,0,2,1,1,0,2,0,0.0,NaN,NaN,1,0,1,0,0,0,1,0,0,0,0,0,0,0,0,0,0,0,0,6,0,0,0,0,0,2,0,0,0,0,0,0,0,0,13,-1,0
D:\Others\assignment\FADI_WEDYAN_OOPS\Assignment-2\2\http-request-master\lib\src\test\java\com\github\kevinsawicki\http\HttpRequestTest.java,com.github.kevinsawicki.http.HttpRequestTest$Anonymous106,anonymous,2,2,0,2,1,1,0,5,0,0.0,NaN,NaN,1,0,1,0,0,0,1,0,0,0,0,0,0,0,0,0,0,0,0,8,0,0,0,0,0,4,0,0,0,0,0,0,0,0,12,-1,0
D:\Others\assignment\FADI_WEDYAN_OOPS\Assignment-2\2\http-request-master\lib\src\test\java\com\github\kevinsawicki\http\HttpRequestTest.java,com.github.kevinsawicki.http.HttpRequestTest$Anonymous10,anonymous,2,2,0,2,1,1,0,3,0,0.0,NaN,NaN,1,0,1,0,0,0,1,0,0,0,0,0,0,0,0,0,0,0,0,6,0,0,0,0,0,0,0,0,0,0,0,0,0,0,12,-1,0
D:\Others\assignment\FADI_WEDYAN_OOPS\Assignment-2\2\http-request-master\lib\src\test\java\com\github\kevinsawicki\http\HttpRequestTest.java,com.github.kevinsawicki.http.HttpRequestTest$Anonymous98,anonymous,3,3,0,3,1,1,0,3,0,0.0,NaN,NaN,1,0,1,0,0,0,1,0,0,0,0,0,0,0,0,0,0,0,0,6,0,0,0,0,0,0,0,0,0,0,0,0,0,0,13,-1,0
D:\Others\assignment\FADI_WEDYAN_OOPS\Assignment-2\2\http-request-master\lib\src\test\java\com\github\kevinsawicki\http\HttpRequestTest.java,com.github.kevinsawicki.http.HttpRequestTest$Anonymous95,anonymous,2,2,0,2,1,1,0,2,0,0.0,NaN,NaN,1,0,1,0,0,0,1,0,0,0,0,0,0,0,0,0,0,0,0,6,0,0,0,0,0,2,0,0,0,0,0,0,0,0,13,-1,0
D:\Others\assignment\FADI_WEDYAN_OOPS\Assignment-2\2\http-request-master\lib\src\test\java\com\github\kevinsawicki\http\HttpRequestTest.java,com.github.kevinsawicki.http.HttpRequestTest$Anonymous103,anonymous,2,2,0,2,1,1,0,5,0,0.0,NaN,NaN,1,0,1,0,0,0,1,0,0,0,0,0,0,0,0,0,0,0,0,8,0,0,0,0,0,4,0,0,0,0,0,0,0,0,12,-1,0
D:\Others\assignment\FADI_WEDYAN_OOPS\Assignment-2\2\http-request-master\lib\src\test\java\com\github\kevinsawicki\http\HttpRequestTest.java,com.github.kevinsawicki.http.HttpRequestTest$Anonymous104,anonymous,2,2,0,2,1,1,0,5,0,0.0,NaN,NaN,1,0,1,0,0,0,1,0,0,0,0,0,0,0,0,0,0,0,0,8,0,0,0,0,0,4,0,0,0,0,0,0,0,0,12,-1,0
D:\Others\assignment\FADI_WEDYAN_OOPS\Assignment-2\2\http-request-master\lib\src\test\java\com\github\kevinsawicki\http\HttpRequestTest.java,com.github.kevinsawicki.http.HttpRequestTest$Anonymous96,anonymous,2,2,0,2,1,1,0,1,0,0.0,NaN,NaN,1,0,1,0,0,0,1,0,0,0,0,0,0,0,0,0,0,0,0,5,0,0,0,0,0,0,0,0,0,0,0,0,0,0,12,-1,0
D:\Others\assignment\FADI_WEDYAN_OOPS\Assignment-2\2\http-request-master\lib\src\main\java\com\github\kevinsawicki\http\HttpRequest.java,com.github.kevinsawicki.http.HttpRequest$ConnectionFactory,interface,1,1,0,1,2,1,0,0,1,0.5,0.0,0.0,2,0,0,0,0,2,2,0,0,0,1,0,0,0,0,1,0,0,0,13,0,0,0,0,0,0,0,1,0,1,0,1,0,0,32,1,0
D:\Others\assignment\FADI_WEDYAN_OOPS\Assignment-2\2\http-request-master\lib\src\test\java\com\github\kevinsawicki\http\HttpRequestTest.java,com.github.kevinsawicki.http.HttpRequestTest$Anonymous19,anonymous,2,2,0,2,1,1,0,3,0,0.0,NaN,NaN,1,0,1,0,0,0,1,0,0,0,0,0,0,0,0,0,0,0,0,6,0,0,0,0,0,0,0,0,0,0,0,0,0,0,15,-1,0
D:\Others\assignment\FADI_WEDYAN_OOPS\Assignment-2\2\http-request-master\lib\src\test\java\com\github\kevinsawicki\http\HttpRequestTest.java,com.github.kevinsawicki.http.HttpRequestTest$Anonymous17,anonymous,2,2,0,2,1,1,0,3,0,0.0,NaN,NaN,1,0,1,0,0,0,1,0,0,0,0,0,0,0,0,0,0,0,0,6,0,0,0,0,0,0,0,0,0,0,0,0,0,0,12,-1,0
D:\Others\assignment\FADI_WEDYAN_OOPS\Assignment-2\2\http-request-master\lib\src\test\java\com\github\kevinsawicki\http\HttpRequestTest.java,com.github.kevinsawicki.http.HttpRequestTest$Anonymous18,anonymous,2,2,0,2,1,1,0,3,0,0.0,NaN,NaN,1,0,1,0,0,0,1,0,0,0,0,0,0,0,0,0,0,0,0,6,0,0,0,0,0,0,0,0,0,0,0,0,0,0,15,-1,0
D:\Others\assignment\FADI_WEDYAN_OOPS\Assignment-2\2\http-request-master\lib\src\main\java\com\github\kevinsawicki\http\HttpRequest.java,com.github.kevinsawicki.http.HttpRequest$HttpRequestException,innerclass,0,0,0,0,2,4,0,1,1,1.0,0.0,0.0,2,0,2,0,0,0,2,0,0,0,1,1,0,1,0,0,1,0,0,9,1,0,0,0,0,0,1,1,0,1,0,0,0,0,32,9,0
D:\Others\assignment\FADI_WEDYAN_OOPS\Assignment-2\2\http-request-master\lib\src\test\java\com\github\kevinsawicki\http\HttpRequestTest.java,com.github.kevinsawicki.http.HttpRequestTest$Anonymous15,anonymous,2,2,0,2,1,1,0,3,0,0.0,NaN,NaN,1,0,1,0,0,0,1,0,0,0,0,0,0,0,0,0,0,0,0,6,0,0,0,0,0,0,0,0,0,0,0,0,0,0,12,-1,0
D:\Others\assignment\FADI_WEDYAN_OOPS\Assignment-2\2\http-request-master\lib\src\test\java\com\github\kevinsawicki\http\HttpRequestTest.java,com.github.kevinsawicki.http.HttpRequestTest$Anonymous16,anonymous,2,2,0,2,1,1,0,3,0,0.0,NaN,NaN,1,0,1,0,0,0,1,0,0,0,0,0,0,0,0,0,0,0,0,6,0,0,0,0,0,0,0,0,0,0,0,0,0,0,12,-1,0
D:\Others\assignment\FADI_WEDYAN_OOPS\Assignment-2\2\http-request-master\lib\src\test\java\com\github\kevinsawicki\http\HttpRequestTest.java,com.github.kevinsawicki.http.HttpRequestTest$Anonymous134,anonymous,3,3,0,3,1,1,0,3,0,0.0,NaN,NaN,1,0,1,0,0,0,1,0,0,0,0,0,0,0,0,0,0,0,0,6,0,0,0,0,0,0,0,0,0,0,0,0,0,0,13,-1,0
D:\Others\assignment\FADI_WEDYAN_OOPS\Assignment-2\2\http-request-master\lib\src\test\java\com\github\kevinsawicki\http\HttpRequestTest.java,com.github.kevinsawicki.http.HttpRequestTest$Anonymous135,anonymous,0,0,0,0,1,1,0,3,0,0.0,NaN,NaN,1,0,1,0,0,0,1,0,0,0,0,0,0,0,0,0,0,0,0,6,0,0,0,0,0,0,0,0,0,0,0,0,0,0,5,-1,0
D:\Others\assignment\FADI_WEDYAN_OOPS\Assignment-2\2\http-request-master\lib\src\test\java\com\github\kevinsawicki\http\HttpRequestTest.java,com.github.kevinsawicki.http.HttpRequestTest$Anonymous132,anonymous,2,2,0,2,1,1,0,1,0,0.0,NaN,NaN,1,0,1,0,0,0,1,0,0,0,0,0,0,0,0,0,0,0,0,5,0,0,0,0,0,0,0,0,0,0,0,0,0,0,18,-1,0
D:\Others\assignment\FADI_WEDYAN_OOPS\Assignment-2\2\http-request-master\lib\src\test\java\com\github\kevinsawicki\http\HttpRequestTest.java,com.github.kevinsawicki.http.HttpRequestTest$Anonymous133,anonymous,2,2,0,2,2,1,0,3,0,0.0,NaN,NaN,1,0,1,0,0,0,1,0,0,0,0,0,0,0,0,0,0,0,0,10,0,0,0,1,0,1,0,0,0,0,1,0,0,0,22,-1,0
D:\Others\assignment\FADI_WEDYAN_OOPS\Assignment-2\2\http-request-master\lib\src\test\java\com\github\kevinsawicki\http\HttpRequestTest.java,com.github.kevinsawicki.http.HttpRequestTest$Anonymous130,anonymous,2,2,0,2,1,1,0,1,0,0.0,NaN,NaN,1,0,1,0,0,0,1,0,0,0,0,0,0,0,0,0,0,0,0,5,0,0,0,0,0,0,0,0,0,0,0,0,0,0,12,-1,0
D:\Others\assignment\FADI_WEDYAN_OOPS\Assignment-2\2\http-request-master\lib\src\test\java\com\github\kevinsawicki\http\HttpRequestTest.java,com.github.kevinsawicki.http.HttpRequestTest$Anonymous131,anonymous,2,2,0,2,1,1,0,1,0,0.0,NaN,NaN,1,0,1,0,0,0,1,0,0,0,0,0,0,0,0,0,0,0,0,5,0,0,0,0,0,0,1,0,0,0,0,0,0,0,6,-1,0
D:\Others\assignment\FADI_WEDYAN_OOPS\Assignment-2\2\http-request-master\lib\src\main\java\com\github\kevinsawicki\http\HttpRequest.java,com.github.kevinsawicki.http.HttpRequest$ConnectionFactory$Anonymous3,anonymous,0,0,0,0,2,1,0,2,1,0.0,0.0,0.0,2,0,2,0,0,0,2,0,0,0,0,0,0,0,0,0,0,0,0,8,2,0,0,0,0,0,0,0,0,0,0,0,0,0,12,-1,0
D:\Others\assignment\FADI_WEDYAN_OOPS\Assignment-2\2\http-request-master\lib\src\test\java\com\github\kevinsawicki\http\HttpRequestTest.java,com.github.kevinsawicki.http.HttpRequestTest$Anonymous46,anonymous,2,2,0,2,1,1,0,2,0,0.0,NaN,NaN,1,0,1,0,0,0,1,0,0,0,0,0,0,0,0,0,0,0,0,6,0,0,0,0,0,2,0,0,0,0,0,0,0,0,12,-1,0
D:\Others\assignment\FADI_WEDYAN_OOPS\Assignment-2\2\http-request-master\lib\src\test\java\com\github\kevinsawicki\http\HttpRequestTest.java,com.github.kevinsawicki.http.HttpRequestTest$Anonymous47,anonymous,2,2,0,2,1,1,0,2,0,0.0,NaN,NaN,1,0,1,0,0,0,1,0,0,0,0,0,0,0,0,0,0,0,0,6,0,0,0,0,0,2,0,0,0,0,0,0,0,0,12,-1,0
D:\Others\assignment\FADI_WEDYAN_OOPS\Assignment-2\2\http-request-master\lib\src\test\java\com\github\kevinsawicki\http\HttpRequestTest.java,com.github.kevinsawicki.http.HttpRequestTest$Anonymous44,anonymous,2,2,0,2,1,1,0,2,0,0.0,NaN,NaN,1,0,1,0,0,0,1,0,0,0,0,0,0,0,0,0,0,0,0,6,0,0,0,0,0,1,1,0,0,0,0,0,0,0,12,-1,0
D:\Others\assignment\FADI_WEDYAN_OOPS\Assignment-2\2\http-request-master\lib\src\test\java\com\github\kevinsawicki\http\HttpRequestTest.java,com.github.kevinsawicki.http.HttpRequestTest$Anonymous45,anonymous,2,2,0,2,1,1,0,2,0,0.0,NaN,NaN,1,0,1,0,0,0,1,0,0,0,0,0,0,0,0,0,0,0,0,6,0,0,0,0,0,1,1,0,0,0,0,0,0,0,12,-1,0
D:\Others\assignment\FADI_WEDYAN_OOPS\Assignment-2\2\http-request-master\lib\src\test\java\com\github\kevinsawicki\http\HttpRequestTest.java,com.github.kevinsawicki.http.HttpRequestTest$Anonymous138,anonymous,3,3,0,3,1,1,0,3,0,0.0,NaN,NaN,1,0,1,0,0,0,1,0,0,0,0,0,0,0,0,0,0,0,0,6,0,0,0,0,0,0,0,0,0,0,0,0,0,0,13,-1,0
D:\Others\assignment\FADI_WEDYAN_OOPS\Assignment-2\2\http-request-master\lib\src\test\java\com\github\kevinsawicki\http\HttpRequestTest.java,com.github.kevinsawicki.http.HttpRequestTest$Anonymous42,anonymous,2,2,0,2,1,1,0,2,0,0.0,NaN,NaN,1,0,1,0,0,0,1,0,0,0,0,0,0,0,0,0,0,0,0,6,0,0,0,0,0,2,0,0,0,0,0,0,0,0,12,-1,0
D:\Others\assignment\FADI_WEDYAN_OOPS\Assignment-2\2\http-request-master\lib\src\test\java\com\github\kevinsawicki\http\HttpRequestTest.java,com.github.kevinsawicki.http.HttpRequestTest$Anonymous139,anonymous,0,0,0,0,1,1,0,2,0,0.0,NaN,NaN,1,0,1,0,0,0,1,0,0,0,0,0,0,0,0,0,0,0,0,6,0,0,0,0,0,0,0,0,0,0,0,0,0,0,5,-1,0
D:\Others\assignment\FADI_WEDYAN_OOPS\Assignment-2\2\http-request-master\lib\src\test\java\com\github\kevinsawicki\http\HttpRequestTest.java,com.github.kevinsawicki.http.HttpRequestTest$Anonymous43,anonymous,2,2,0,2,1,1,0,2,0,0.0,NaN,NaN,1,0,1,0,0,0,1,0,0,0,0,0,0,0,0,0,0,0,0,6,0,0,0,0,0,1,1,0,0,0,0,0,0,0,12,-1,0
D:\Others\assignment\FADI_WEDYAN_OOPS\Assignment-2\2\http-request-master\lib\src\test\java\com\github\kevinsawicki\http\HttpRequestTest.java,com.github.kevinsawicki.http.HttpRequestTest$Anonymous40,anonymous,3,3,0,3,1,1,0,2,0,0.0,NaN,NaN,1,0,1,0,0,0,1,0,0,0,0,0,0,0,0,0,0,0,0,6,0,0,0,0,0,1,0,0,0,0,0,0,0,0,7,-1,0
D:\Others\assignment\FADI_WEDYAN_OOPS\Assignment-2\2\http-request-master\lib\src\test\java\com\github\kevinsawicki\http\HttpRequestTest.java,com.github.kevinsawicki.http.HttpRequestTest$Anonymous136,anonymous,3,3,0,3,1,1,0,3,0,0.0,NaN,NaN,1,0,1,0,0,0,1,0,0,0,0,0,0,0,0,0,0,0,0,6,0,0,0,0,0,0,0,0,0,0,0,0,0,0,13,-1,0
D:\Others\assignment\FADI_WEDYAN_OOPS\Assignment-2\2\http-request-master\lib\src\test\java\com\github\kevinsawicki\http\HttpRequestTest.java,com.github.kevinsawicki.http.HttpRequestTest$Anonymous137,anonymous,0,0,0,0,1,1,0,2,0,0.0,NaN,NaN,1,0,1,0,0,0,1,0,0,0,0,0,0,0,0,0,0,0,0,6,0,0,0,0,0,0,1,0,0,0,0,0,0,0,5,-1,0
D:\Others\assignment\FADI_WEDYAN_OOPS\Assignment-2\2\http-request-master\lib\src\test\java\com\github\kevinsawicki\http\HttpRequestTest.java,com.github.kevinsawicki.http.HttpRequestTest$Anonymous41,anonymous,2,2,0,2,1,1,0,1,0,0.0,NaN,NaN,1,0,1,0,0,0,1,0,0,0,0,0,0,0,0,0,0,0,0,5,0,0,0,0,0,0,0,0,0,0,0,0,0,0,12,-1,0
D:\Others\assignment\FADI_WEDYAN_OOPS\Assignment-2\2\http-request-master\lib\src\test\java\com\github\kevinsawicki\http\HttpRequestTest.java,com.github.kevinsawicki.http.HttpRequestTest$Anonymous8,anonymous,2,2,0,2,1,1,0,3,0,0.0,NaN,NaN,1,0,1,0,0,0,1,0,0,0,0,0,0,0,0,0,0,0,0,6,0,0,0,0,0,0,0,0,0,0,0,0,0,0,12,-1,0
D:\Others\assignment\FADI_WEDYAN_OOPS\Assignment-2\2\http-request-master\lib\src\test\java\com\github\kevinsawicki\http\HttpRequestTest.java,com.github.kevinsawicki.http.HttpRequestTest$Anonymous9,anonymous,2,2,0,2,1,1,0,3,0,0.0,NaN,NaN,1,0,1,0,0,0,1,0,0,0,0,0,0,0,0,0,0,0,0,6,0,0,0,0,0,0,0,0,0,0,0,0,0,0,12,-1,0
D:\Others\assignment\FADI_WEDYAN_OOPS\Assignment-2\2\http-request-master\lib\src\test\java\com\github\kevinsawicki\http\HttpRequestTest.java,com.github.kevinsawicki.http.HttpRequestTest$Anonymous6,anonymous,2,2,0,2,1,1,0,3,0,0.0,NaN,NaN,1,0,1,0,0,0,1,0,0,0,0,0,0,0,0,0,0,0,0,6,0,0,0,0,0,0,0,0,0,0,0,0,0,0,12,-1,0
D:\Others\assignment\FADI_WEDYAN_OOPS\Assignment-2\2\http-request-master\lib\src\test\java\com\github\kevinsawicki\http\HttpRequestTest.java,com.github.kevinsawicki.http.HttpRequestTest$Anonymous7,anonymous,2,2,0,2,1,1,0,3,0,0.0,NaN,NaN,1,0,1,0,0,0,1,0,0,0,0,0,0,0,0,0,0,0,0,6,0,0,0,0,0,0,0,0,0,0,0,0,0,0,12,-1,0
D:\Others\assignment\FADI_WEDYAN_OOPS\Assignment-2\2\http-request-master\lib\src\test\java\com\github\kevinsawicki\http\HttpRequestTest.java,com.github.kevinsawicki.http.HttpRequestTest$Anonymous48,anonymous,2,2,0,2,1,1,0,2,0,0.0,NaN,NaN,1,0,1,0,0,0,1,0,0,0,0,0,0,0,0,0,0,0,0,6,0,0,0,0,0,2,0,0,0,0,0,0,0,0,12,-1,0
D:\Others\assignment\FADI_WEDYAN_OOPS\Assignment-2\2\http-request-master\lib\src\test\java\com\github\kevinsawicki\http\HttpRequestTest.java,com.github.kevinsawicki.http.HttpRequestTest$Anonymous4,anonymous,2,2,0,2,1,1,0,3,0,0.0,NaN,NaN,1,0,1,0,0,0,1,0,0,0,0,0,0,0,0,0,0,0,0,6,0,0,0,0,0,0,0,0,0,0,0,0,0,0,14,-1,0
D:\Others\assignment\FADI_WEDYAN_OOPS\Assignment-2\2\http-request-master\lib\src\test\java\com\github\kevinsawicki\http\HttpRequestTest.java,com.github.kevinsawicki.http.HttpRequestTest$Anonymous49,anonymous,2,2,0,2,1,1,0,2,0,0.0,NaN,NaN,1,0,1,0,0,0,1,0,0,0,0,0,0,0,0,0,0,0,0,6,0,0,0,0,0,2,0,0,0,0,0,0,0,0,12,-1,0
D:\Others\assignment\FADI_WEDYAN_OOPS\Assignment-2\2\http-request-master\lib\src\test\java\com\github\kevinsawicki\http\HttpRequestTest.java,com.github.kevinsawicki.http.HttpRequestTest$Anonymous5,anonymous,2,2,0,2,1,1,0,3,0,0.0,NaN,NaN,1,0,1,0,0,0,1,0,0,0,0,0,0,0,0,0,0,0,0,6,0,0,0,0,0,0,0,0,0,0,0,0,0,0,12,-1,0
D:\Others\assignment\FADI_WEDYAN_OOPS\Assignment-2\2\http-request-master\lib\src\test\java\com\github\kevinsawicki\http\HttpRequestTest.java,com.github.kevinsawicki.http.HttpRequestTest$Anonymous2,anonymous,2,2,0,2,1,1,0,3,0,0.0,NaN,NaN,1,0,1,0,0,0,1,0,0,0,0,0,0,0,0,0,0,0,0,6,0,0,0,0,0,0,0,0,0,0,0,0,0,0,12,-1,0
D:\Others\assignment\FADI_WEDYAN_OOPS\Assignment-2\2\http-request-master\lib\src\test\java\com\github\kevinsawicki\http\HttpRequestTest.java,com.github.kevinsawicki.http.HttpRequestTest$Anonymous3,anonymous,2,2,0,2,1,1,0,3,0,0.0,NaN,NaN,1,0,1,0,0,0,1,0,0,0,0,0,0,0,0,0,0,0,0,6,0,0,0,0,0,0,0,0,0,0,0,0,0,0,12,-1,0
D:\Others\assignment\FADI_WEDYAN_OOPS\Assignment-2\2\http-request-master\lib\src\main\java\com\github\kevinsawicki\http\HttpRequest.java,com.github.kevinsawicki.http.HttpRequest$UploadProgress,interface,1,1,0,1,1,1,0,0,0,0.0,NaN,NaN,1,0,0,0,0,1,1,0,0,0,1,0,0,0,0,1,0,0,0,8,0,0,0,0,0,0,0,1,0,1,0,1,0,0,34,1,0
D:\Others\assignment\FADI_WEDYAN_OOPS\Assignment-2\2\http-request-master\lib\src\test\java\com\github\kevinsawicki\http\HttpRequestTest.java,com.github.kevinsawicki.http.HttpRequestTest$Anonymous1,anonymous,4,4,0,4,4,1,0,2,1,0.0,0.0,0.0,2,0,2,0,0,0,2,0,0,0,0,0,0,0,0,0,0,0,0,8,0,0,2,0,0,0,0,0,0,0,1,0,0,0,9,-1,0
D:\Others\assignment\FADI_WEDYAN_OOPS\Assignment-2\2\http-request-master\lib\src\test\java\com\github\kevinsawicki\http\HttpRequestTest.java,com.github.kevinsawicki.http.HttpRequestTest$Anonymous123,anonymous,2,2,0,2,1,1,0,1,0,0.0,NaN,NaN,1,0,1,0,0,0,1,0,0,0,0,0,0,0,0,0,0,0,0,5,0,0,0,0,0,0,0,0,0,0,0,0,0,0,17,-1,0
D:\Others\assignment\FADI_WEDYAN_OOPS\Assignment-2\2\http-request-master\lib\src\test\java\com\github\kevinsawicki\http\HttpRequestTest.java,com.github.kevinsawicki.http.HttpRequestTest$Anonymous124,anonymous,3,3,0,3,2,1,0,5,0,0.0,NaN,NaN,1,0,1,0,0,0,1,0,0,0,0,0,0,0,0,0,0,0,0,11,0,0,0,1,0,1,0,0,0,0,1,0,0,0,16,-1,0
D:\Others\assignment\FADI_WEDYAN_OOPS\Assignment-2\2\http-request-master\lib\src\test\java\com\github\kevinsawicki\http\HttpRequestTest.java,com.github.kevinsawicki.http.HttpRequestTest$Anonymous121,anonymous,2,2,0,2,1,1,0,1,0,0.0,NaN,NaN,1,0,1,0,0,0,1,0,0,0,0,0,0,0,0,0,0,0,0,5,0,0,0,0,0,0,0,0,0,0,0,0,0,0,17,-1,0
D:\Others\assignment\FADI_WEDYAN_OOPS\Assignment-2\2\http-request-master\lib\src\test\java\com\github\kevinsawicki\http\HttpRequestTest.java,com.github.kevinsawicki.http.HttpRequestTest$Anonymous122,anonymous,2,2,0,2,1,1,0,1,0,0.0,NaN,NaN,1,0,1,0,0,0,1,0,0,0,0,0,0,0,0,0,0,0,0,5,0,0,0,0,0,0,0,0,0,0,0,0,0,0,18,-1,0
D:\Others\assignment\FADI_WEDYAN_OOPS\Assignment-2\2\http-request-master\lib\src\main\java\com\github\kevinsawicki\http\HttpRequest.java,com.github.kevinsawicki.http.HttpRequest$Base64,innerclass,2,2,0,2,22,1,0,8,13,0.77777773,0.0,0.0,6,5,4,2,0,0,4,0,0,0,3,3,0,3,0,0,3,0,7,77,10,1,1,2,20,5,59,29,37,13,1,0,0,0,171,9,0
D:\Others\assignment\FADI_WEDYAN_OOPS\Assignment-2\2\http-request-master\lib\src\test\java\com\github\kevinsawicki\http\HttpRequestTest.java,com.github.kevinsawicki.http.HttpRequestTest$Anonymous120,anonymous,2,2,0,2,1,1,0,5,0,0.0,NaN,NaN,1,0,1,0,0,0,1,0,0,0,0,0,0,0,0,0,0,0,0,8,0,0,0,0,0,4,0,0,0,0,0,0,0,0,12,-1,0
D:\Others\assignment\FADI_WEDYAN_OOPS\Assignment-2\2\http-request-master\lib\src\main\java\com\github\kevinsawicki\http\HttpRequest.java,com.github.kevinsawicki.http.HttpRequest$RequestOutputStream,innerclass,2,2,0,2,2,4,0,8,0,0.0,0.0,0.0,2,0,2,0,0,0,2,0,0,0,1,0,0,1,0,0,1,0,3,12,1,0,0,0,0,0,1,2,0,2,0,0,0,0,27,9,0
D:\Others\assignment\FADI_WEDYAN_OOPS\Assignment-2\2\http-request-master\lib\src\main\java\com\github\kevinsawicki\http\HttpRequest.java,com.github.kevinsawicki.http.HttpRequest$CloseOperation,innerclass,2,2,0,2,5,2,0,2,0,0.0,0.0,0.0,2,0,0,0,2,0,2,0,0,0,2,0,0,2,0,0,2,0,0,17,0,0,0,1,1,0,0,2,0,2,2,0,0,0,24,1036,0
D:\Others\assignment\FADI_WEDYAN_OOPS\Assignment-2\2\http-request-master\lib\src\test\java\com\github\kevinsawicki\http\HttpRequestTest.java,com.github.kevinsawicki.http.HttpRequestTest$Anonymous35,anonymous,3,3,0,3,1,1,0,2,0,0.0,NaN,NaN,1,0,1,0,0,0,1,0,0,0,0,0,0,0,0,0,0,0,0,6,0,0,0,0,0,1,0,0,0,0,0,0,0,0,13,-1,0
D:\Others\assignment\FADI_WEDYAN_OOPS\Assignment-2\2\http-request-master\lib\src\test\java\com\github\kevinsawicki\http\HttpRequestTest.java,com.github.kevinsawicki.http.HttpRequestTest$Anonymous36,anonymous,3,3,0,3,1,1,0,3,0,0.0,NaN,NaN,1,0,1,0,0,0,1,0,0,0,0,0,0,0,0,0,0,0,0,6,0,0,0,0,0,0,0,0,0,0,0,0,0,0,13,-1,0
D:\Others\assignment\FADI_WEDYAN_OOPS\Assignment-2\2\http-request-master\lib\src\test\java\com\github\kevinsawicki\http\HttpRequestTest.java,com.github.kevinsawicki.http.HttpRequestTest,class,11,11,0,11,170,2,0,182,0,0.17484662,0.0,0.0,163,1,163,0,0,0,163,0,0,0,2,2,0,2,0,0,0,0,219,2259,0,3,2,3,9,572,63,415,4,281,1,142,0,0,336,1,0
D:\Others\assignment\FADI_WEDYAN_OOPS\Assignment-2\2\http-request-master\lib\src\test\java\com\github\kevinsawicki\http\HttpRequestTest.java,com.github.kevinsawicki.http.HttpRequestTest$Anonymous129,anonymous,0,0,0,0,2,1,0,1,1,0.0,0.0,0.0,2,0,2,0,0,0,2,0,0,0,0,0,0,0,0,0,0,0,0,8,1,0,0,0,0,0,0,0,0,0,0,0,0,0,14,-1,0
D:\Others\assignment\FADI_WEDYAN_OOPS\Assignment-2\2\http-request-master\lib\src\test\java\com\github\kevinsawicki\http\HttpRequestTest.java,com.github.kevinsawicki.http.HttpRequestTest$Anonymous33,anonymous,2,2,0,2,2,1,0,7,0,0.0,NaN,NaN,1,0,1,0,0,0,1,0,0,0,0,0,0,0,0,0,0,0,0,16,0,0,0,1,0,1,3,4,2,2,1,0,0,0,19,-1,0
D:\Others\assignment\FADI_WEDYAN_OOPS\Assignment-2\2\http-request-master\lib\src\test\java\com\github\kevinsawicki\http\HttpRequestTest.java,com.github.kevinsawicki.http.HttpRequestTest$Anonymous34,anonymous,2,2,0,2,1,1,0,2,0,0.0,NaN,NaN,1,0,1,0,0,0,1,0,0,0,0,0,0,0,0,0,0,0,0,6,0,0,0,0,0,0,0,0,0,0,0,0,0,0,13,-1,0
D:\Others\assignment\FADI_WEDYAN_OOPS\Assignment-2\2\http-request-master\lib\src\test\java\com\github\kevinsawicki\http\HttpRequestTest.java,com.github.kevinsawicki.http.HttpRequestTest$Anonymous127,anonymous,3,3,0,3,1,1,0,4,0,0.0,NaN,NaN,1,0,1,0,0,0,1,0,0,0,0,0,0,0,0,0,0,0,0,7,0,0,0,0,0,1,1,0,0,0,0,0,0,0,13,-1,0
D:\Others\assignment\FADI_WEDYAN_OOPS\Assignment-2\2\http-request-master\lib\src\test\java\com\github\kevinsawicki\http\HttpRequestTest.java,com.github.kevinsawicki.http.HttpRequestTest$Anonymous31,anonymous,2,2,0,2,1,1,0,2,0,0.0,NaN,NaN,1,0,1,0,0,0,1,0,0,0,0,0,0,0,0,0,0,0,0,6,0,0,0,0,0,1,0,0,0,0,0,0,0,0,16,-1,0
D:\Others\assignment\FADI_WEDYAN_OOPS\Assignment-2\2\http-request-master\lib\src\test\java\com\github\kevinsawicki\http\HttpRequestTest.java,com.github.kevinsawicki.http.HttpRequestTest$Anonymous128,anonymous,2,2,0,2,1,1,0,1,0,0.0,NaN,NaN,1,0,1,0,0,0,1,0,0,0,0,0,0,0,0,0,0,0,0,5,0,0,0,0,0,0,0,0,0,0,0,0,0,0,12,-1,0
D:\Others\assignment\FADI_WEDYAN_OOPS\Assignment-2\2\http-request-master\lib\src\test\java\com\github\kevinsawicki\http\HttpRequestTest.java,com.github.kevinsawicki.http.HttpRequestTest$Anonymous32,anonymous,2,2,0,2,1,1,0,2,0,0.0,NaN,NaN,1,0,1,0,0,0,1,0,0,0,0,0,0,0,0,0,0,0,0,6,0,0,0,0,0,1,0,0,0,0,0,0,0,0,18,-1,0
D:\Others\assignment\FADI_WEDYAN_OOPS\Assignment-2\2\http-request-master\lib\src\test\java\com\github\kevinsawicki\http\HttpRequestTest.java,com.github.kevinsawicki.http.HttpRequestTest$Anonymous125,anonymous,3,3,0,3,1,1,0,4,0,0.0,NaN,NaN,1,0,1,0,0,0,1,0,0,0,0,0,0,0,0,0,0,0,0,8,0,0,0,0,0,4,0,0,0,0,0,0,0,0,13,-1,0
D:\Others\assignment\FADI_WEDYAN_OOPS\Assignment-2\2\http-request-master\lib\src\test\java\com\github\kevinsawicki\http\HttpRequestTest.java,com.github.kevinsawicki.http.HttpRequestTest$Anonymous126,anonymous,3,3,0,3,1,1,0,4,0,0.0,NaN,NaN,1,0,1,0,0,0,1,0,0,0,0,0,0,0,0,0,0,0,0,7,0,0,0,0,0,1,1,0,0,0,0,0,0,0,13,-1,0
D:\Others\assignment\FADI_WEDYAN_OOPS\Assignment-2\2\http-request-master\lib\src\test\java\com\github\kevinsawicki\http\HttpRequestTest.java,com.github.kevinsawicki.http.HttpRequestTest$Anonymous30,anonymous,3,3,0,3,1,1,0,2,0,0.0,NaN,NaN,1,0,1,0,0,0,1,0,0,0,0,0,0,0,0,0,0,0,0,6,0,0,0,0,0,1,0,0,0,0,0,0,0,0,13,-1,0
D:\Others\assignment\FADI_WEDYAN_OOPS\Assignment-2\2\http-request-master\lib\src\main\java\com\github\kevinsawicki\http\HttpRequest.java,com.github.kevinsawicki.http.HttpRequest$FlushOperation,innerclass,2,2,0,2,2,2,0,1,0,0.0,0.0,0.0,2,0,0,0,2,0,2,0,0,0,1,0,0,1,0,0,1,0,0,9,0,0,0,0,0,0,0,1,0,1,0,0,0,0,21,1036,0
D:\Others\assignment\FADI_WEDYAN_OOPS\Assignment-2\2\http-request-master\lib\src\test\java\com\github\kevinsawicki\http\HttpRequestTest.java,com.github.kevinsawicki.http.HttpRequestTest$Anonymous39,anonymous,3,3,0,3,1,1,0,2,0,0.0,NaN,NaN,1,0,1,0,0,0,1,0,0,0,0,0,0,0,0,0,0,0,0,6,0,0,0,0,0,1,0,0,0,0,0,0,0,0,13,-1,0
D:\Others\assignment\FADI_WEDYAN_OOPS\Assignment-2\2\http-request-master\lib\src\test\java\com\github\kevinsawicki\http\HttpRequestTest.java,com.github.kevinsawicki.http.HttpRequestTest$Anonymous37,anonymous,3,3,0,3,1,1,0,2,0,0.0,NaN,NaN,1,0,1,0,0,0,1,0,0,0,0,0,0,0,0,0,0,0,0,6,0,0,0,0,0,1,0,0,0,0,0,0,0,0,13,-1,0
D:\Others\assignment\FADI_WEDYAN_OOPS\Assignment-2\2\http-request-master\lib\src\test\java\com\github\kevinsawicki\http\HttpRequestTest.java,com.github.kevinsawicki.http.HttpRequestTest$Anonymous38,anonymous,3,3,0,3,1,1,0,2,0,0.0,NaN,NaN,1,0,1,0,0,0,1,0,0,0,0,0,0,0,0,0,0,0,0,6,0,0,0,0,0,1,0,0,0,0,0,0,0,0,13,-1,0
D:\Others\assignment\FADI_WEDYAN_OOPS\Assignment-2\2\http-request-master\lib\src\main\java\com\github\kevinsawicki\http\HttpRequest.java,com.github.kevinsawicki.http.HttpRequest$Anonymous5,anonymous,0,0,0,0,1,1,0,1,0,0.0,NaN,NaN,1,0,1,0,0,0,1,0,0,0,0,0,0,0,0,0,0,0,1,5,1,0,0,0,0,0,0,0,0,0,0,0,0,0,1,-1,0
D:\Others\assignment\FADI_WEDYAN_OOPS\Assignment-2\2\http-request-master\lib\src\test\java\com\github\kevinsawicki\http\HttpRequestTest.java,com.github.kevinsawicki.http.HttpRequestTest$Anonymous60,anonymous,2,2,0,2,1,1,0,3,0,0.0,NaN,NaN,1,0,1,0,0,0,1,0,0,0,0,0,0,0,0,0,0,0,0,6,0,0,0,0,0,1,0,0,0,0,0,0,0,0,12,-1,0
D:\Others\assignment\FADI_WEDYAN_OOPS\Assignment-2\2\http-request-master\lib\src\test\java\com\github\kevinsawicki\http\HttpRequestTest.java,com.github.kevinsawicki.http.HttpRequestTest$Anonymous61,anonymous,2,2,0,2,1,1,0,3,0,0.0,NaN,NaN,1,0,1,0,0,0,1,0,0,0,0,0,0,0,0,0,0,0,0,6,0,0,0,0,0,1,0,0,0,0,0,0,0,0,13,-1,0
D:\Others\assignment\FADI_WEDYAN_OOPS\Assignment-2\2\http-request-master\lib\src\main\java\com\github\kevinsawicki\http\HttpRequest.java,com.github.kevinsawicki.http.HttpRequest$Anonymous2,anonymous,0,0,0,0,1,1,0,0,0,0.0,NaN,NaN,1,0,1,0,0,0,1,0,0,0,0,0,0,0,0,0,0,0,0,5,1,0,0,0,0,0,0,0,0,0,0,0,0,0,6,-1,0
D:\Others\assignment\FADI_WEDYAN_OOPS\Assignment-2\2\http-request-master\lib\src\main\java\com\github\kevinsawicki\http\HttpRequest.java,com.github.kevinsawicki.http.HttpRequest$Anonymous9,anonymous,1,1,0,1,1,1,0,1,0,0.0,NaN,NaN,1,0,1,0,0,0,1,0,0,0,0,0,0,0,0,0,0,0,0,5,1,0,0,0,0,0,0,0,0,0,0,0,0,0,7,-1,0
D:\Others\assignment\FADI_WEDYAN_OOPS\Assignment-2\2\http-request-master\lib\src\main\java\com\github\kevinsawicki\http\HttpRequest.java,com.github.kevinsawicki.http.HttpRequest$Anonymous8,anonymous,1,1,0,1,2,1,0,4,0,0.0,NaN,NaN,1,0,1,0,0,0,1,0,0,0,0,0,0,0,0,0,0,0,1,12,1,1,1,0,1,0,2,2,0,2,1,0,0,0,11,-1,0
D:\Others\assignment\FADI_WEDYAN_OOPS\Assignment-2\2\http-request-master\lib\src\main\java\com\github\kevinsawicki\http\HttpRequest.java,com.github.kevinsawicki.http.HttpRequest$Anonymous7,anonymous,1,1,0,1,1,1,0,1,0,0.0,NaN,NaN,1,0,0,0,1,0,1,0,0,0,0,0,0,0,0,0,0,0,0,5,1,0,0,0,0,0,0,0,0,0,0,0,0,0,8,-1,0
D:\Others\assignment\FADI_WEDYAN_OOPS\Assignment-2\2\http-request-master\lib\src\main\java\com\github\kevinsawicki\http\HttpRequest.java,com.github.kevinsawicki.http.HttpRequest$Anonymous6,anonymous,0,0,0,0,1,1,0,1,0,0.0,NaN,NaN,1,0,1,0,0,0,1,0,0,0,0,0,0,0,0,0,0,0,1,5,1,0,0,0,0,0,0,0,0,0,0,0,0,0,2,-1,0
D:\Others\assignment\FADI_WEDYAN_OOPS\Assignment-2\2\http-request-master\lib\src\test\java\com\github\kevinsawicki\http\HttpRequestTest.java,com.github.kevinsawicki.http.HttpRequestTest$Anonymous68,anonymous,2,2,0,2,2,1,0,4,0,0.0,NaN,NaN,1,0,1,0,0,0,1,0,0,0,0,0,0,0,0,0,0,0,0,11,0,0,0,1,0,1,0,0,0,0,1,0,0,0,16,-1,0
D:\Others\assignment\FADI_WEDYAN_OOPS\Assignment-2\2\http-request-master\lib\src\test\java\com\github\kevinsawicki\http\HttpRequestTest.java,com.github.kevinsawicki.http.HttpRequestTest$Anonymous69,anonymous,2,2,0,2,2,1,0,4,0,0.0,NaN,NaN,1,0,1,0,0,0,1,0,0,0,0,0,0,0,0,0,0,0,0,11,0,0,0,1,0,1,0,0,0,0,1,0,0,0,16,-1,0
D:\Others\assignment\FADI_WEDYAN_OOPS\Assignment-2\2\http-request-master\lib\src\test\java\com\github\kevinsawicki\http\HttpRequestTest.java,com.github.kevinsawicki.http.HttpRequestTest$Anonymous66,anonymous,3,3,0,3,3,1,0,5,0,0.0,NaN,NaN,1,0,1,0,0,0,1,0,0,0,0,0,0,0,0,0,0,0,0,13,0,1,1,1,1,0,3,2,0,2,2,0,0,0,18,-1,0
D:\Others\assignment\FADI_WEDYAN_OOPS\Assignment-2\2\http-request-master\lib\src\test\java\com\github\kevinsawicki\http\HttpRequestTest.java,com.github.kevinsawicki.http.HttpRequestTest$Anonymous67,anonymous,3,3,0,3,1,1,0,3,0,0.0,NaN,NaN,1,0,1,0,0,0,1,0,0,0,0,0,0,0,0,0,0,0,0,6,0,0,0,0,0,0,0,0,0,0,0,0,0,0,13,-1,0
D:\Others\assignment\FADI_WEDYAN_OOPS\Assignment-2\2\http-request-master\lib\src\main\java\com\github\kevinsawicki\http\HttpRequest.java,com.github.kevinsawicki.http.HttpRequest$Anonymous1,anonymous,0,0,0,0,3,1,0,0,3,0.0,0.0,0.0,3,0,3,0,0,0,3,0,0,0,0,0,0,0,0,0,0,0,0,9,1,0,0,0,0,0,1,0,0,0,0,0,0,0,9,-1,0
D:\Others\assignment\FADI_WEDYAN_OOPS\Assignment-2\2\http-request-master\lib\src\test\java\com\github\kevinsawicki\http\HttpRequestTest.java,com.github.kevinsawicki.http.HttpRequestTest$Anonymous64,anonymous,2,2,0,2,1,1,0,3,0,0.0,NaN,NaN,1,0,1,0,0,0,1,0,0,0,0,0,0,0,0,0,0,0,0,6,0,0,0,0,0,1,0,0,0,0,0,0,0,0,13,-1,0
D:\Others\assignment\FADI_WEDYAN_OOPS\Assignment-2\2\http-request-master\lib\src\test\java\com\github\kevinsawicki\http\HttpRequestTest.java,com.github.kevinsawicki.http.HttpRequestTest$Anonymous65,anonymous,2,2,0,2,1,1,0,3,0,0.0,NaN,NaN,1,0,1,0,0,0,1,0,0,0,0,0,0,0,0,0,0,0,0,6,0,0,0,0,0,1,0,0,0,0,0,0,0,0,12,-1,0
D:\Others\assignment\FADI_WEDYAN_OOPS\Assignment-2\2\http-request-master\lib\src\test\java\com\github\kevinsawicki\http\HttpRequestTest.java,com.github.kevinsawicki.http.HttpRequestTest$Anonymous62,anonymous,2,2,0,2,1,1,0,3,0,0.0,NaN,NaN,1,0,1,0,0,0,1,0,0,0,0,0,0,0,0,0,0,0,0,6,0,0,0,0,0,1,0,0,0,0,0,0,0,0,12,-1,0
D:\Others\assignment\FADI_WEDYAN_OOPS\Assignment-2\2\http-request-master\lib\src\test\java\com\github\kevinsawicki\http\HttpRequestTest.java,com.github.kevinsawicki.http.HttpRequestTest$Anonymous63,anonymous,2,2,0,2,1,1,0,3,0,0.0,NaN,NaN,1,0,1,0,0,0,1,0,0,0,0,0,0,0,0,0,0,0,0,6,0,0,0,0,0,1,0,0,0,0,0,0,0,0,12,-1,0
D:\Others\assignment\FADI_WEDYAN_OOPS\Assignment-2\2\http-request-master\lib\src\main\java\com\github\kevinsawicki\http\HttpRequest.java,com.github.kevinsawicki.http.HttpRequest$UploadProgress$Anonymous4,anonymous,0,0,0,0,1,1,0,0,0,0.0,NaN,NaN,1,0,1,0,0,0,1,0,0,0,0,0,0,0,0,0,0,0,0,4,0,0,0,0,0,0,0,0,0,0,0,0,0,0,3,-1,0
D:\Others\assignment\FADI_WEDYAN_OOPS\Assignment-2\2\http-request-master\lib\src\test\java\com\github\kevinsawicki\http\ServerTestCase.java,com.github.kevinsawicki.http.ServerTestCase$Anonymous1,anonymous,2,2,0,2,2,1,0,8,0,0.0,NaN,NaN,1,0,1,0,0,0,1,0,0,0,0,0,0,0,0,0,0,0,0,17,0,0,0,1,0,1,3,4,2,2,1,0,0,0,14,-1,0
D:\Others\assignment\FADI_WEDYAN_OOPS\Assignment-2\2\http-request-master\lib\src\main\java\com\github\kevinsawicki\http\HttpRequest.java,com.github.kevinsawicki.http.HttpRequest$Operation,innerclass,3,3,0,3,7,1,0,2,3,0.0,0.0,0.0,3,0,1,0,2,0,3,2,0,0,0,0,0,0,0,0,0,0,0,26,1,0,0,2,0,0,0,3,0,1,3,0,0,0,28,1036,0
D:\Others\assignment\FADI_WEDYAN_OOPS\Assignment-2\2\http-request-master\lib\src\test\java\com\github\kevinsawicki\http\HttpRequestTest.java,com.github.kevinsawicki.http.HttpRequestTest$Anonymous50,anonymous,2,2,0,2,1,1,0,3,0,0.0,NaN,NaN,1,0,1,0,0,0,1,0,0,0,0,0,0,0,0,0,0,0,0,6,0,0,0,0,0,0,0,0,0,0,0,0,0,0,12,-1,0
D:\Others\assignment\FADI_WEDYAN_OOPS\Assignment-2\2\http-request-master\lib\src\test\java\com\github\kevinsawicki\http\HttpRequestTest.java,com.github.kevinsawicki.http.HttpRequestTest$Anonymous141,anonymous,0,0,0,0,1,1,0,2,0,0.0,NaN,NaN,1,0,1,0,0,0,1,0,0,0,0,0,0,0,0,0,0,0,0,6,0,0,0,0,0,0,1,0,0,0,0,0,0,0,5,-1,0
D:\Others\assignment\FADI_WEDYAN_OOPS\Assignment-2\2\http-request-master\lib\src\test\java\com\github\kevinsawicki\http\HttpRequestTest.java,com.github.kevinsawicki.http.HttpRequestTest$Anonymous142,anonymous,3,3,0,3,1,1,0,3,0,0.0,NaN,NaN,1,0,1,0,0,0,1,0,0,0,0,0,0,0,0,0,0,0,0,6,0,0,0,0,0,0,0,0,0,0,0,0,0,0,13,-1,0
D:\Others\assignment\FADI_WEDYAN_OOPS\Assignment-2\2\http-request-master\lib\src\test\java\com\github\kevinsawicki\http\HttpRequestTest.java,com.github.kevinsawicki.http.HttpRequestTest$Anonymous140,anonymous,3,3,0,3,1,1,0,3,0,0.0,NaN,NaN,1,0,1,0,0,0,1,0,0,0,0,0,0,0,0,0,0,0,0,6,0,0,0,0,0,0,0,0,0,0,0,0,0,0,13,-1,0
D:\Others\assignment\FADI_WEDYAN_OOPS\Assignment-2\2\http-request-master\lib\src\test\java\com\github\kevinsawicki\http\HttpRequestTest.java,com.github.kevinsawicki.http.HttpRequestTest$Anonymous57,anonymous,2,2,0,2,1,1,0,3,0,0.0,NaN,NaN,1,0,1,0,0,0,1,0,0,0,0,0,0,0,0,0,0,0,0,7,0,0,0,0,0,2,0,0,0,0,0,0,0,0,12,-1,0
D:\Others\assignment\FADI_WEDYAN_OOPS\Assignment-2\2\http-request-master\lib\src\test\java\com\github\kevinsawicki\http\HttpRequestTest.java,com.github.kevinsawicki.http.HttpRequestTest$Anonymous58,anonymous,2,2,0,2,1,1,0,3,0,0.0,NaN,NaN,1,0,1,0,0,0,1,0,0,0,0,0,0,0,0,0,0,0,0,6,0,0,0,0,0,1,0,0,0,0,0,0,0,0,12,-1,0
D:\Others\assignment\FADI_WEDYAN_OOPS\Assignment-2\2\http-request-master\lib\src\test\java\com\github\kevinsawicki\http\HttpRequestTest.java,com.github.kevinsawicki.http.HttpRequestTest$Anonymous55,anonymous,2,2,0,2,1,1,0,1,0,0.0,NaN,NaN,1,0,1,0,0,0,1,0,0,0,0,0,0,0,0,0,0,0,0,5,0,0,0,0,0,0,0,0,0,0,0,0,0,0,12,-1,0
D:\Others\assignment\FADI_WEDYAN_OOPS\Assignment-2\2\http-request-master\lib\src\test\java\com\github\kevinsawicki\http\HttpRequestTest.java,com.github.kevinsawicki.http.HttpRequestTest$Anonymous56,anonymous,2,2,0,2,1,1,0,3,0,0.0,NaN,NaN,1,0,1,0,0,0,1,0,0,0,0,0,0,0,0,0,0,0,0,8,0,0,0,0,0,6,0,0,0,0,0,0,0,0,12,-1,0
D:\Others\assignment\FADI_WEDYAN_OOPS\Assignment-2\2\http-request-master\lib\src\test\java\com\github\kevinsawicki\http\HttpRequestTest.java,com.github.kevinsawicki.http.HttpRequestTest$Anonymous53,anonymous,2,2,0,2,1,1,0,2,0,0.0,NaN,NaN,1,0,1,0,0,0,1,0,0,0,0,0,0,0,0,0,0,0,0,6,0,0,0,0,0,2,0,0,0,0,0,0,0,0,12,-1,0
D:\Others\assignment\FADI_WEDYAN_OOPS\Assignment-2\2\http-request-master\lib\src\test\java\com\github\kevinsawicki\http\HttpRequestTest.java,com.github.kevinsawicki.http.HttpRequestTest$Anonymous54,anonymous,2,2,0,2,1,1,0,3,0,0.0,NaN,NaN,1,0,1,0,0,0,1,0,0,0,0,0,0,0,0,0,0,0,0,7,0,0,0,0,0,2,0,0,0,0,0,0,0,0,12,-1,0
D:\Others\assignment\FADI_WEDYAN_OOPS\Assignment-2\2\http-request-master\lib\src\test\java\com\github\kevinsawicki\http\HttpRequestTest.java,com.github.kevinsawicki.http.HttpRequestTest$Anonymous51,anonymous,2,2,0,2,1,1,0,3,0,0.0,NaN,NaN,1,0,1,0,0,0,1,0,0,0,0,0,0,0,0,0,0,0,0,6,0,0,0,0,0,0,0,0,0,0,0,0,0,0,12,-1,0
D:\Others\assignment\FADI_WEDYAN_OOPS\Assignment-2\2\http-request-master\lib\src\test\java\com\github\kevinsawicki\http\HttpRequestTest.java,com.github.kevinsawicki.http.HttpRequestTest$Anonymous52,anonymous,2,2,0,2,1,1,0,3,0,0.0,NaN,NaN,1,0,1,0,0,0,1,0,0,0,0,0,0,0,0,0,0,0,0,6,0,0,0,0,0,0,0,0,0,0,0,0,0,0,12,-1,0
D:\Others\assignment\FADI_WEDYAN_OOPS\Assignment-2\2\http-request-master\lib\src\test\java\com\github\kevinsawicki\http\HttpRequestTest.java,com.github.kevinsawicki.http.HttpRequestTest$Anonymous59,anonymous,2,2,0,2,1,1,0,3,0,0.0,NaN,NaN,1,0,1,0,0,0,1,0,0,0,0,0,0,0,0,0,0,0,0,6,0,0,0,0,0,1,0,0,0,0,0,0,0,0,12,-1,0
D:\Others\assignment\FADI_WEDYAN_OOPS\Assignment-2\2\http-request-master\lib\src\test\java\com\github\kevinsawicki\http\HttpRequestTest.java,com.github.kevinsawicki.http.HttpRequestTest$Anonymous82,anonymous,2,2,0,2,1,1,0,1,0,0.0,NaN,NaN,1,0,1,0,0,0,1,0,0,0,0,0,0,0,0,0,0,0,0,5,0,0,0,0,0,0,0,0,0,0,0,0,0,0,12,-1,0
D:\Others\assignment\FADI_WEDYAN_OOPS\Assignment-2\2\http-request-master\lib\src\test\java\com\github\kevinsawicki\http\HttpRequestTest.java,com.github.kevinsawicki.http.HttpRequestTest$Anonymous83,anonymous,2,2,0,2,1,1,0,2,0,0.0,NaN,NaN,1,0,1,0,0,0,1,0,0,0,0,0,0,0,0,0,0,0,0,6,0,0,0,0,0,2,0,0,0,0,0,0,0,0,13,-1,0
D:\Others\assignment\FADI_WEDYAN_OOPS\Assignment-2\2\http-request-master\lib\src\test\java\com\github\kevinsawicki\http\HttpRequestTest.java,com.github.kevinsawicki.http.HttpRequestTest$Anonymous80,anonymous,3,3,0,3,2,1,0,4,0,0.0,NaN,NaN,1,0,1,0,0,0,1,0,0,0,0,0,0,0,0,0,0,0,0,7,1,0,0,0,0,3,0,0,0,0,1,0,0,0,14,-1,0
D:\Others\assignment\FADI_WEDYAN_OOPS\Assignment-2\2\http-request-master\lib\src\test\java\com\github\kevinsawicki\http\HttpRequestTest.java,com.github.kevinsawicki.http.HttpRequestTest$Anonymous81,anonymous,2,2,0,2,1,1,0,2,0,0.0,NaN,NaN,1,0,1,0,0,0,1,0,0,0,0,0,0,0,0,0,0,0,0,7,0,0,0,0,0,4,0,0,0,0,0,0,0,0,12,-1,0
D:\Others\assignment\FADI_WEDYAN_OOPS\Assignment-2\2\http-request-master\lib\src\test\java\com\github\kevinsawicki\http\ServerTestCase.java,com.github.kevinsawicki.http.ServerTestCase$RequestHandler,innerclass,6,6,0,6,9,2,0,9,0,0.3,0.0,0.0,5,0,2,0,3,0,5,1,0,0,2,0,0,2,0,0,0,0,0,40,1,1,1,3,1,0,3,6,0,6,2,0,0,0,33,1036,0
D:\Others\assignment\FADI_WEDYAN_OOPS\Assignment-2\2\http-request-master\lib\src\test\java\com\github\kevinsawicki\http\HttpRequestTest.java,com.github.kevinsawicki.http.HttpRequestTest$Anonymous88,anonymous,2,2,0,2,1,1,0,2,0,0.0,NaN,NaN,1,0,1,0,0,0,1,0,0,0,0,0,0,0,0,0,0,0,0,6,0,0,0,0,0,2,0,0,0,0,0,0,0,0,13,-1,0
D:\Others\assignment\FADI_WEDYAN_OOPS\Assignment-2\2\http-request-master\lib\src\test\java\com\github\kevinsawicki\http\HttpRequestTest.java,com.github.kevinsawicki.http.HttpRequestTest$Anonymous89,anonymous,2,2,0,2,1,1,0,2,0,0.0,NaN,NaN,1,0,1,0,0,0,1,0,0,0,0,0,0,0,0,0,0,0,0,6,0,0,0,0,0,2,0,0,0,0,0,0,0,0,13,-1,0
D:\Others\assignment\FADI_WEDYAN_OOPS\Assignment-2\2\http-request-master\lib\src\test\java\com\github\kevinsawicki\http\HttpRequestTest.java,com.github.kevinsawicki.http.HttpRequestTest$Anonymous86,anonymous,2,2,0,2,1,1,0,2,0,0.0,NaN,NaN,1,0,1,0,0,0,1,0,0,0,0,0,0,0,0,0,0,0,0,6,0,0,0,0,0,2,0,0,0,0,0,0,0,0,14,-1,0
D:\Others\assignment\FADI_WEDYAN_OOPS\Assignment-2\2\http-request-master\lib\src\test\java\com\github\kevinsawicki\http\HttpRequestTest.java,com.github.kevinsawicki.http.HttpRequestTest$Anonymous87,anonymous,2,2,0,2,1,1,0,2,0,0.0,NaN,NaN,1,0,1,0,0,0,1,0,0,0,0,0,0,0,0,0,0,0,0,6,0,0,0,0,0,2,0,0,0,0,0,0,0,0,13,-1,0
D:\Others\assignment\FADI_WEDYAN_OOPS\Assignment-2\2\http-request-master\lib\src\test\java\com\github\kevinsawicki\http\HttpRequestTest.java,com.github.kevinsawicki.http.HttpRequestTest$Anonymous84,anonymous,2,2,0,2,1,1,0,2,0,0.0,NaN,NaN,1,0,1,0,0,0,1,0,0,0,0,0,0,0,0,0,0,0,0,6,0,0,0,0,0,2,0,0,0,0,0,0,0,0,15,-1,0
D:\Others\assignment\FADI_WEDYAN_OOPS\Assignment-2\2\http-request-master\lib\src\test\java\com\github\kevinsawicki\http\HttpRequestTest.java,com.github.kevinsawicki.http.HttpRequestTest$Anonymous85,anonymous,2,2,0,2,1,1,0,2,0,0.0,NaN,NaN,1,0,1,0,0,0,1,0,0,0,0,0,0,0,0,0,0,0,0,6,0,0,0,0,0,2,0,0,0,0,0,0,0,0,13,-1,0
D:\Others\assignment\FADI_WEDYAN_OOPS\Assignment-2\2\http-request-master\lib\src\test\java\com\github\kevinsawicki\http\ServerTestCase.java,com.github.kevinsawicki.http.ServerTestCase,class,11,12,1,11,6,2,1,10,1,0.6666667,0.0,0.0,3,2,3,0,0,0,3,0,0,0,6,6,0,0,6,0,3,0,0,95,1,0,3,0,0,3,4,12,1,12,1,1,1,0,48,1,0
D:\Others\assignment\FADI_WEDYAN_OOPS\Assignment-2\2\http-request-master\lib\src\test\java\com\github\kevinsawicki\http\HttpRequestTest.java,com.github.kevinsawicki.http.HttpRequestTest$Anonymous71,anonymous,2,2,0,2,2,1,0,4,0,0.0,NaN,NaN,1,0,1,0,0,0,1,0,0,0,0,0,0,0,0,0,0,0,0,11,0,0,0,1,0,1,0,0,0,0,1,0,0,0,16,-1,0
D:\Others\assignment\FADI_WEDYAN_OOPS\Assignment-2\2\http-request-master\lib\src\test\java\com\github\kevinsawicki\http\HttpRequestTest.java,com.github.kevinsawicki.http.HttpRequestTest$Anonymous72,anonymous,2,2,0,2,2,1,0,4,0,0.0,NaN,NaN,1,0,1,0,0,0,1,0,0,0,0,0,0,0,0,0,0,0,0,11,0,0,0,1,0,1,0,0,0,0,1,0,0,0,16,-1,0
D:\Others\assignment\FADI_WEDYAN_OOPS\Assignment-2\2\http-request-master\lib\src\test\java\com\github\kevinsawicki\http\HttpRequestTest.java,com.github.kevinsawicki.http.HttpRequestTest$Anonymous70,anonymous,2,2,0,2,2,1,0,4,0,0.0,NaN,NaN,1,0,1,0,0,0,1,0,0,0,0,0,0,0,0,0,0,0,0,11,0,0,0,1,0,1,0,0,0,0,1,0,0,0,16,-1,0
D:\Others\assignment\FADI_WEDYAN_OOPS\Assignment-2\2\http-request-master\lib\src\test\java\com\github\kevinsawicki\http\HttpRequestTest.java,com.github.kevinsawicki.http.HttpRequestTest$Anonymous79,anonymous,2,2,0,2,5,1,0,8,0,0.0,NaN,NaN,1,0,1,0,0,0,1,0,0,0,0,0,0,0,0,0,0,0,0,27,1,0,0,3,0,5,0,1,0,1,2,0,0,0,29,-1,0
D:\Others\assignment\FADI_WEDYAN_OOPS\Assignment-2\2\http-request-master\lib\src\test\java\com\github\kevinsawicki\http\HttpRequestTest.java,com.github.kevinsawicki.http.HttpRequestTest$Anonymous77,anonymous,2,2,0,2,2,1,0,4,0,0.0,NaN,NaN,1,0,1,0,0,0,1,0,0,0,0,0,0,0,0,0,0,0,0,11,0,0,0,1,0,1,0,0,0,0,1,0,0,0,16,-1,0
D:\Others\assignment\FADI_WEDYAN_OOPS\Assignment-2\2\http-request-master\lib\src\test\java\com\github\kevinsawicki\http\HttpRequestTest.java,com.github.kevinsawicki.http.HttpRequestTest$Anonymous78,anonymous,2,2,0,2,2,1,0,4,0,0.0,NaN,NaN,1,0,1,0,0,0,1,0,0,0,0,0,0,0,0,0,0,0,0,11,0,0,0,1,0,1,0,0,0,0,1,0,0,0,16,-1,0
D:\Others\assignment\FADI_WEDYAN_OOPS\Assignment-2\2\http-request-master\lib\src\test\java\com\github\kevinsawicki\http\HttpRequestTest.java,com.github.kevinsawicki.http.HttpRequestTest$Anonymous75,anonymous,0,0,0,0,2,1,0,0,1,0.0,0.0,0.0,2,0,2,0,0,0,2,0,0,0,0,0,0,0,0,0,0,0,0,8,1,0,0,0,0,0,1,0,0,0,0,0,0,0,6,-1,0
D:\Others\assignment\FADI_WEDYAN_OOPS\Assignment-2\2\http-request-master\lib\src\test\java\com\github\kevinsawicki\http\HttpRequestTest.java,com.github.kevinsawicki.http.HttpRequestTest$Anonymous76,anonymous,2,2,0,2,1,1,0,1,0,0.0,NaN,NaN,1,0,1,0,0,0,1,0,0,0,0,0,0,0,0,0,0,0,0,5,0,0,0,0,0,0,0,0,0,0,0,0,0,0,12,-1,0
D:\Others\assignment\FADI_WEDYAN_OOPS\Assignment-2\2\http-request-master\lib\src\test\java\com\github\kevinsawicki\http\HttpRequestTest.java,com.github.kevinsawicki.http.HttpRequestTest$Anonymous73,anonymous,0,0,0,0,2,1,0,0,1,0.0,0.0,0.0,2,0,2,0,0,0,2,0,0,0,0,0,0,0,0,0,0,0,0,8,0,0,0,0,0,0,0,0,0,0,0,0,0,0,6,-1,0
D:\Others\assignment\FADI_WEDYAN_OOPS\Assignment-2\2\http-request-master\lib\src\test\java\com\github\kevinsawicki\http\HttpRequestTest.java,com.github.kevinsawicki.http.HttpRequestTest$Anonymous74,anonymous,2,2,0,2,2,1,0,4,0,0.0,NaN,NaN,1,0,1,0,0,0,1,0,0,0,0,0,0,0,0,0,0,0,0,11,0,0,0,1,0,1,0,0,0,0,1,0,0,0,16,-1,0
D:\Others\assignment\FADI_WEDYAN_OOPS\Assignment-2\2\http-request-master\lib\src\main\java\com\github\kevinsawicki\http\HttpRequest.java,com.github.kevinsawicki.http.HttpRequest,class,17,27,10,17,324,9,0,165,13161,0.983445,0.0,0.0,167,41,145,11,11,0,156,0,0,0,51,37,30,21,0,0,36,0,66,1190,176,16,62,26,3,63,64,152,31,120,9,10,8,0,502,1,0
D:\Others\assignment\FADI_WEDYAN_OOPS\Assignment-2\2\http-request-master\lib\src\test\java\com\github\kevinsawicki\http\EncodeTest.java,com.github.kevinsawicki.http.EncodeTest,class,3,3,0,3,2,1,0,2,1,0.0,0.0,0.0,2,0,2,0,0,0,2,0,0,0,0,0,0,0,0,0,0,0,21,27,0,0,0,0,0,41,0,0,0,0,0,0,0,0,30,1,0
