file,class,type,cbo,cboModified,fanin,fanout,wmc,dit,noc,rfc,lcom,lcom*,tcc,lcc,totalMethodsQty,staticMethodsQty,publicMethodsQty,privateMethodsQty,protectedMethodsQty,defaultMethodsQty,visibleMethodsQty,abstractMethodsQty,finalMethodsQty,synchronizedMethodsQty,totalFieldsQty,staticFieldsQty,publicFieldsQty,privateFieldsQty,protectedFieldsQty,defaultFieldsQty,finalFieldsQty,synchronizedFieldsQty,nosi,loc,returnQty,loopQty,comparisonsQty,tryCatchQty,parenthesizedExpsQty,stringLiteralsQty,numbersQty,assignmentsQty,mathOperationsQty,variablesQty,maxNestedBlocksQty,anonymousClassesQty,innerClassesQty,lambdasQty,uniqueWordsQty,modifiers,logStatementsQty
D:\Others\assignment\FADI_WEDYAN_OOPS\Assignment-2\2\socket.io-client-java-master\src\main\java\io\socket\parser\Binary.java,io.socket.parser.Binary,class,6,9,3,6,22,1,0,16,4,0.5,0.0,0.0,4,4,2,2,0,0,2,0,0,0,3,3,0,3,0,0,3,0,7,107,16,4,1,5,0,9,5,27,0,21,3,0,1,0,48,1,0
D:\Others\assignment\FADI_WEDYAN_OOPS\Assignment-2\2\socket.io-client-java-master\src\test\java\io\socket\client\executions\Connection.java,io.socket.client.executions.Connection$Anonymous1,anonymous,1,1,0,1,1,1,0,2,0,0.0,NaN,NaN,1,0,1,0,0,0,1,0,0,0,0,0,0,0,0,0,0,0,0,6,0,0,0,0,0,1,0,0,0,0,0,0,0,0,2,-1,0
D:\Others\assignment\FADI_WEDYAN_OOPS\Assignment-2\2\socket.io-client-java-master\src\test\java\io\socket\client\ServerConnectionTest.java,io.socket.client.ServerConnectionTest,class,9,10,1,9,12,2,1,17,0,0.45833334,0.0,0.0,12,0,12,0,0,0,12,0,0,0,2,0,0,2,0,0,0,0,0,281,0,0,0,0,1,15,20,37,0,24,0,18,0,0,55,1,0
D:\Others\assignment\FADI_WEDYAN_OOPS\Assignment-2\2\socket.io-client-java-master\src\test\java\io\socket\client\executions\Connection.java,io.socket.client.executions.Connection$Anonymous2,anonymous,0,0,0,0,1,1,0,4,0,0.0,NaN,NaN,1,0,1,0,0,0,1,0,0,0,0,0,0,0,0,0,0,0,0,6,0,0,0,0,0,1,0,0,0,0,0,0,0,0,2,-1,0
D:\Others\assignment\FADI_WEDYAN_OOPS\Assignment-2\2\socket.io-client-java-master\src\test\java\io\socket\client\ServerConnectionTest.java,io.socket.client.ServerConnectionTest$Anonymous14$Anonymous15,anonymous,0,0,0,0,1,1,0,1,0,0.0,NaN,NaN,1,0,1,0,0,0,1,0,0,0,0,0,0,0,0,0,0,0,0,5,0,0,0,0,0,1,0,0,0,0,0,0,0,0,2,-1,0
D:\Others\assignment\FADI_WEDYAN_OOPS\Assignment-2\2\socket.io-client-java-master\src\main\java\io\socket\client\Manager.java,io.socket.client.Manager$Options,innerclass,3,3,0,3,0,2,0,0,0,NaN,-1.0,-1.0,0,0,0,0,0,0,0,0,0,0,9,0,9,0,0,0,0,0,0,11,0,0,0,0,0,0,1,2,0,9,0,0,0,0,16,9,0
D:\Others\assignment\FADI_WEDYAN_OOPS\Assignment-2\2\socket.io-client-java-master\src\main\java\io\socket\client\Manager.java,io.socket.client.Manager$Anonymous1$Anonymous2,anonymous,0,0,0,0,1,1,0,1,0,0.0,NaN,NaN,1,0,1,0,0,0,1,0,0,0,0,0,0,0,0,0,0,0,0,5,0,0,0,0,0,0,0,0,0,0,0,0,0,0,2,-1,0
D:\Others\assignment\FADI_WEDYAN_OOPS\Assignment-2\2\socket.io-client-java-master\src\main\java\io\socket\client\Manager.java,io.socket.client.Manager$Anonymous1$Anonymous3,anonymous,2,2,0,2,2,1,0,2,0,0.0,NaN,NaN,1,0,1,0,0,0,1,0,0,0,0,0,0,0,0,0,0,0,0,6,0,0,1,0,0,0,0,0,0,0,1,0,0,0,4,-1,0
D:\Others\assignment\FADI_WEDYAN_OOPS\Assignment-2\2\socket.io-client-java-master\src\test\java\io\socket\client\SocketTest.java,io.socket.client.SocketTest$Anonymous12,anonymous,2,2,0,2,1,1,0,2,0,0.0,NaN,NaN,1,0,1,0,0,0,1,0,0,0,0,0,0,0,0,0,0,0,1,6,0,0,0,0,0,0,1,1,0,1,0,0,0,0,8,-1,0
D:\Others\assignment\FADI_WEDYAN_OOPS\Assignment-2\2\socket.io-client-java-master\src\test\java\io\socket\client\SocketTest.java,io.socket.client.SocketTest$Anonymous1,anonymous,2,2,0,2,1,1,0,3,0,0.0,NaN,NaN,1,0,1,0,0,0,1,0,0,0,0,0,0,0,0,0,0,0,1,5,0,0,0,0,0,0,0,0,0,0,0,0,0,0,2,-1,0
D:\Others\assignment\FADI_WEDYAN_OOPS\Assignment-2\2\socket.io-client-java-master\src\test\java\io\socket\client\ConnectionTest.java,io.socket.client.ConnectionTest$Anonymous3$Anonymous5,anonymous,1,1,0,1,4,1,0,2,0,0.0,NaN,NaN,1,0,1,0,0,0,1,0,0,0,0,0,0,0,0,0,0,0,0,13,0,0,1,1,0,2,3,1,0,1,2,0,0,0,13,-1,0
D:\Others\assignment\FADI_WEDYAN_OOPS\Assignment-2\2\socket.io-client-java-master\src\test\java\io\socket\client\SocketTest.java,io.socket.client.SocketTest$Anonymous11,anonymous,2,2,0,2,1,1,0,2,0,0.0,NaN,NaN,1,0,1,0,0,0,1,0,0,0,0,0,0,0,0,0,0,0,1,6,0,0,0,0,0,0,1,1,0,1,0,0,0,0,8,-1,0
D:\Others\assignment\FADI_WEDYAN_OOPS\Assignment-2\2\socket.io-client-java-master\src\test\java\io\socket\client\ConnectionTest.java,io.socket.client.ConnectionTest$Anonymous3$Anonymous4,anonymous,2,2,0,2,2,1,0,2,0,0.0,NaN,NaN,1,0,1,0,0,0,1,0,0,0,0,0,0,0,0,0,0,0,0,13,0,0,0,1,0,1,2,2,0,2,1,0,0,0,14,-1,0
D:\Others\assignment\FADI_WEDYAN_OOPS\Assignment-2\2\socket.io-client-java-master\src\test\java\io\socket\client\SocketTest.java,io.socket.client.SocketTest$Anonymous10,anonymous,2,2,0,2,1,1,0,2,0,0.0,NaN,NaN,1,0,1,0,0,0,1,0,0,0,0,0,0,0,0,0,0,0,1,6,0,0,0,0,0,0,1,1,0,1,0,0,0,0,8,-1,0
D:\Others\assignment\FADI_WEDYAN_OOPS\Assignment-2\2\socket.io-client-java-master\src\test\java\io\socket\client\SocketTest.java,io.socket.client.SocketTest$Anonymous5,anonymous,1,1,0,1,1,1,0,2,0,0.0,NaN,NaN,1,0,1,0,0,0,1,0,0,0,0,0,0,0,0,0,0,0,1,5,0,0,0,0,0,1,0,0,0,0,0,0,0,0,3,-1,0
D:\Others\assignment\FADI_WEDYAN_OOPS\Assignment-2\2\socket.io-client-java-master\src\test\java\io\socket\client\SocketTest.java,io.socket.client.SocketTest$Anonymous3,anonymous,2,2,0,2,1,1,0,2,0,0.0,NaN,NaN,1,0,1,0,0,0,1,0,0,0,0,0,0,0,0,0,0,0,0,11,0,0,0,0,0,0,0,0,0,0,0,1,0,0,2,-1,0
D:\Others\assignment\FADI_WEDYAN_OOPS\Assignment-2\2\socket.io-client-java-master\src\test\java\io\socket\client\SocketTest.java,io.socket.client.SocketTest$Anonymous2,anonymous,2,2,0,2,1,1,0,3,0,0.0,NaN,NaN,1,0,1,0,0,0,1,0,0,0,0,0,0,0,0,0,0,0,1,5,0,0,0,0,0,0,0,0,0,0,0,0,0,0,2,-1,0
D:\Others\assignment\FADI_WEDYAN_OOPS\Assignment-2\2\socket.io-client-java-master\src\main\java\io\socket\client\Socket.java,io.socket.client.Socket$Anonymous10,anonymous,3,3,0,3,5,1,0,6,0,0.0,NaN,NaN,1,0,1,0,0,0,1,0,0,0,0,0,0,0,0,0,0,0,1,23,0,1,2,0,0,1,0,3,0,2,2,0,0,0,18,-1,0
D:\Others\assignment\FADI_WEDYAN_OOPS\Assignment-2\2\socket.io-client-java-master\src\test\java\io\socket\client\SocketTest.java,io.socket.client.SocketTest$Anonymous7,anonymous,3,3,0,3,1,1,0,7,0,0.0,NaN,NaN,1,0,1,0,0,0,1,0,0,0,0,0,0,0,0,0,0,0,1,18,0,0,0,0,0,0,0,0,0,0,0,2,0,0,2,-1,0
D:\Others\assignment\FADI_WEDYAN_OOPS\Assignment-2\2\socket.io-client-java-master\src\test\java\io\socket\client\SocketTest.java,io.socket.client.SocketTest$Anonymous6,anonymous,1,1,0,1,1,1,0,2,0,0.0,NaN,NaN,1,0,1,0,0,0,1,0,0,0,0,0,0,0,0,0,0,0,1,5,0,0,0,0,0,0,0,0,0,0,0,0,0,0,1,-1,0
D:\Others\assignment\FADI_WEDYAN_OOPS\Assignment-2\2\socket.io-client-java-master\src\test\java\io\socket\client\ServerConnectionTest.java,io.socket.client.ServerConnectionTest$Anonymous11$Anonymous13,anonymous,1,1,0,1,1,1,0,2,0,0.0,NaN,NaN,1,0,1,0,0,0,1,0,0,0,0,0,0,0,0,0,0,0,0,6,0,0,0,0,0,0,0,0,0,0,0,0,0,0,2,-1,0
D:\Others\assignment\FADI_WEDYAN_OOPS\Assignment-2\2\socket.io-client-java-master\src\main\java\io\socket\client\On.java,io.socket.client.On$Anonymous1,anonymous,0,0,0,0,1,1,0,1,0,0.0,NaN,NaN,1,0,1,0,0,0,1,0,0,0,0,0,0,0,0,0,0,0,0,5,0,0,0,0,0,0,0,0,0,0,0,0,0,0,1,-1,0
D:\Others\assignment\FADI_WEDYAN_OOPS\Assignment-2\2\socket.io-client-java-master\src\main\java\io\socket\client\Socket.java,io.socket.client.Socket$Anonymous13,anonymous,2,2,0,2,4,1,0,6,0,0.0,NaN,NaN,1,0,1,0,0,0,1,0,0,0,0,0,0,0,0,0,0,0,1,14,0,0,0,0,0,2,0,0,0,0,2,0,0,0,4,-1,0
D:\Others\assignment\FADI_WEDYAN_OOPS\Assignment-2\2\socket.io-client-java-master\src\test\java\io\socket\client\ServerConnectionTest.java,io.socket.client.ServerConnectionTest$Anonymous11$Anonymous12,anonymous,1,1,0,1,1,1,0,2,0,0.0,NaN,NaN,1,0,1,0,0,0,1,0,0,0,0,0,0,0,0,0,0,0,0,7,0,0,0,0,0,0,1,1,0,1,0,0,0,0,4,-1,0
D:\Others\assignment\FADI_WEDYAN_OOPS\Assignment-2\2\socket.io-client-java-master\src\main\java\io\socket\client\Socket.java,io.socket.client.Socket$Anonymous11,anonymous,0,0,0,0,1,1,0,1,0,0.0,NaN,NaN,1,0,1,0,0,0,1,0,0,0,0,0,0,0,0,0,0,0,0,21,0,0,0,0,0,0,0,0,0,0,0,1,0,0,3,-1,0
D:\Others\assignment\FADI_WEDYAN_OOPS\Assignment-2\2\socket.io-client-java-master\src\test\java\io\socket\client\ServerConnectionTest.java,io.socket.client.ServerConnectionTest$Anonymous20,anonymous,0,0,0,0,1,1,0,1,0,0.0,NaN,NaN,1,0,1,0,0,0,1,0,0,0,0,0,0,0,0,0,0,0,0,5,0,0,0,0,0,0,0,0,0,0,0,0,0,0,2,-1,0
D:\Others\assignment\FADI_WEDYAN_OOPS\Assignment-2\2\socket.io-client-java-master\src\test\java\io\socket\client\ServerConnectionTest.java,io.socket.client.ServerConnectionTest$Anonymous21,anonymous,2,2,0,2,1,1,0,1,0,0.0,NaN,NaN,1,0,1,0,0,0,1,0,0,0,0,0,0,0,0,0,0,0,0,19,0,0,0,0,0,0,1,1,0,1,0,2,0,0,4,-1,0
D:\Others\assignment\FADI_WEDYAN_OOPS\Assignment-2\2\socket.io-client-java-master\src\test\java\io\socket\client\ServerConnectionTest.java,io.socket.client.ServerConnectionTest$Anonymous24,anonymous,2,2,0,2,1,1,0,1,0,0.0,NaN,NaN,1,0,1,0,0,0,1,0,0,0,0,0,0,0,0,0,0,0,0,19,0,0,0,0,0,0,1,1,0,1,0,2,0,0,4,-1,0
D:\Others\assignment\FADI_WEDYAN_OOPS\Assignment-2\2\socket.io-client-java-master\src\test\java\io\socket\client\ConnectionTest.java,io.socket.client.ConnectionTest$Anonymous11$Anonymous12,anonymous,0,0,0,0,1,1,0,1,0,0.0,NaN,NaN,1,0,1,0,0,0,1,0,0,0,0,0,0,0,0,0,0,0,0,5,0,0,0,0,0,0,1,0,0,0,0,0,0,0,2,-1,0
D:\Others\assignment\FADI_WEDYAN_OOPS\Assignment-2\2\socket.io-client-java-master\src\main\java\io\socket\client\Manager.java,io.socket.client.Manager$Anonymous1,anonymous,6,6,0,6,7,1,0,9,0,0.0,NaN,NaN,1,0,1,0,0,0,1,0,0,0,0,0,0,0,0,0,0,0,5,79,2,0,3,0,0,3,2,10,0,7,1,6,0,0,20,-1,0
D:\Others\assignment\FADI_WEDYAN_OOPS\Assignment-2\2\socket.io-client-java-master\src\test\java\io\socket\client\ConnectionTest.java,io.socket.client.ConnectionTest$Anonymous13$Anonymous14,anonymous,0,0,0,0,1,1,0,1,0,0.0,NaN,NaN,1,0,1,0,0,0,1,0,0,0,0,0,0,0,0,0,0,0,0,5,0,0,0,0,0,0,1,0,0,0,0,0,0,0,2,-1,0
D:\Others\assignment\FADI_WEDYAN_OOPS\Assignment-2\2\socket.io-client-java-master\src\test\java\io\socket\client\SocketTest.java,io.socket.client.SocketTest$Anonymous16,anonymous,0,0,0,0,1,1,0,1,0,0.0,NaN,NaN,1,0,1,0,0,0,1,0,0,0,0,0,0,0,0,0,0,0,0,5,0,0,0,0,0,0,1,0,0,0,0,0,0,0,2,-1,0
D:\Others\assignment\FADI_WEDYAN_OOPS\Assignment-2\2\socket.io-client-java-master\src\test\java\io\socket\client\SocketTest.java,io.socket.client.SocketTest$Anonymous14,anonymous,2,2,0,2,1,1,0,1,0,0.0,NaN,NaN,1,0,1,0,0,0,1,0,0,0,0,0,0,0,0,0,0,0,0,10,0,0,0,0,0,2,0,0,0,0,0,1,0,0,3,-1,0
D:\Others\assignment\FADI_WEDYAN_OOPS\Assignment-2\2\socket.io-client-java-master\src\test\java\io\socket\client\SocketTest.java,io.socket.client.SocketTest$Anonymous13,anonymous,1,1,0,1,1,1,0,2,0,0.0,NaN,NaN,1,0,1,0,0,0,1,0,0,0,0,0,0,0,0,0,0,0,1,5,0,0,0,0,0,0,1,0,0,0,0,0,0,0,2,-1,0
D:\Others\assignment\FADI_WEDYAN_OOPS\Assignment-2\2\socket.io-client-java-master\src\main\java\io\socket\client\Manager.java,io.socket.client.Manager$Anonymous9,anonymous,1,1,0,1,1,1,0,1,0,0.0,NaN,NaN,1,0,1,0,0,0,1,0,0,0,0,0,0,0,0,0,0,0,0,5,0,0,0,0,0,0,1,0,0,0,0,0,0,0,3,-1,0
D:\Others\assignment\FADI_WEDYAN_OOPS\Assignment-2\2\socket.io-client-java-master\src\main\java\io\socket\client\Manager.java,io.socket.client.Manager$Anonymous8,anonymous,2,2,0,2,4,1,0,4,0,0.0,NaN,NaN,1,0,1,0,0,0,1,0,0,0,0,0,0,0,0,0,0,0,0,16,0,0,0,1,0,1,1,1,1,1,2,0,0,0,9,-1,0
D:\Others\assignment\FADI_WEDYAN_OOPS\Assignment-2\2\socket.io-client-java-master\src\main\java\io\socket\client\SocketIOException.java,io.socket.client.SocketIOException,class,0,3,3,0,4,3,0,0,6,0.0,0.0,0.0,4,0,4,0,0,0,4,0,0,0,0,0,0,0,0,0,0,0,0,14,0,0,0,0,0,0,0,0,0,0,0,0,0,0,7,1,0
D:\Others\assignment\FADI_WEDYAN_OOPS\Assignment-2\2\socket.io-client-java-master\src\test\java\io\socket\client\ServerConnectionTest.java,io.socket.client.ServerConnectionTest$Anonymous28,anonymous,0,0,0,0,1,1,0,1,0,0.0,NaN,NaN,1,0,1,0,0,0,1,0,0,0,0,0,0,0,0,0,0,0,0,5,0,0,0,0,0,1,0,0,0,0,0,0,0,0,2,-1,0
D:\Others\assignment\FADI_WEDYAN_OOPS\Assignment-2\2\socket.io-client-java-master\src\test\java\io\socket\hasbinary\HasBinaryTest.java,io.socket.hasbinary.HasBinaryTest,class,7,7,0,7,8,1,0,5,28,0.0,0.0,0.0,8,0,8,0,0,0,8,0,0,0,0,0,0,0,0,0,0,0,11,43,0,0,0,0,0,24,2,6,0,6,0,0,0,0,28,1,0
D:\Others\assignment\FADI_WEDYAN_OOPS\Assignment-2\2\socket.io-client-java-master\src\test\java\io\socket\client\ServerConnectionTest.java,io.socket.client.ServerConnectionTest$Anonymous27,anonymous,1,1,0,1,1,1,0,1,0,0.0,NaN,NaN,1,0,1,0,0,0,1,0,0,0,0,0,0,0,0,0,0,0,0,5,0,0,0,0,0,1,0,0,0,0,0,0,0,0,2,-1,0
D:\Others\assignment\FADI_WEDYAN_OOPS\Assignment-2\2\socket.io-client-java-master\src\test\java\io\socket\client\ConnectionTest.java,io.socket.client.ConnectionTest$Anonymous20$Anonymous21,anonymous,2,2,0,2,1,1,0,3,0,0.0,NaN,NaN,1,0,1,0,0,0,1,0,0,0,0,0,0,0,0,0,0,0,0,7,0,0,0,0,0,1,0,0,0,0,0,0,0,0,2,-1,0
D:\Others\assignment\FADI_WEDYAN_OOPS\Assignment-2\2\socket.io-client-java-master\src\test\java\io\socket\util\Optional.java,io.socket.util.Optional,class,2,16,14,2,11,1,0,1,0,0.5,0.0,0.0,7,3,6,1,0,0,6,0,0,0,2,1,0,1,0,1,1,0,1,31,6,0,4,0,0,0,0,2,0,2,1,0,0,0,23,1,0
D:\Others\assignment\FADI_WEDYAN_OOPS\Assignment-2\2\socket.io-client-java-master\src\test\java\io\socket\client\ConnectionTest.java,io.socket.client.ConnectionTest$Anonymous25$Anonymous26,anonymous,1,1,0,1,1,1,0,2,0,0.0,NaN,NaN,1,0,1,0,0,0,1,0,0,0,0,0,0,0,0,0,0,0,0,6,0,0,0,0,0,1,0,0,0,0,0,0,0,0,2,-1,0
D:\Others\assignment\FADI_WEDYAN_OOPS\Assignment-2\2\socket.io-client-java-master\src\main\java\io\socket\client\Manager.java,io.socket.client.Manager$Anonymous13$Anonymous14,anonymous,3,3,0,3,3,1,0,4,0,0.0,NaN,NaN,1,0,1,0,0,0,1,0,0,0,0,0,0,0,0,0,0,0,0,24,2,0,0,0,0,1,0,1,0,1,1,1,0,0,4,-1,0
D:\Others\assignment\FADI_WEDYAN_OOPS\Assignment-2\2\socket.io-client-java-master\src\test\java\io\socket\client\ConnectionTest.java,io.socket.client.ConnectionTest$Anonymous19,anonymous,1,1,0,1,1,1,0,1,0,0.0,NaN,NaN,1,0,1,0,0,0,1,0,0,0,0,0,0,0,0,0,0,0,0,5,0,0,0,0,0,0,0,0,0,0,0,0,0,0,2,-1,0
D:\Others\assignment\FADI_WEDYAN_OOPS\Assignment-2\2\socket.io-client-java-master\src\main\java\io\socket\client\IO.java,io.socket.client.IO$Options,innerclass,2,2,0,2,1,3,0,1,0,1.0,NaN,NaN,1,1,1,0,0,0,1,0,0,0,2,0,2,0,0,0,0,0,1,7,1,0,0,0,0,0,0,1,0,2,0,0,0,0,29,9,0
D:\Others\assignment\FADI_WEDYAN_OOPS\Assignment-2\2\socket.io-client-java-master\src\test\java\io\socket\client\SSLConnectionTest.java,io.socket.client.SSLConnectionTest$Anonymous2$Anonymous3,anonymous,0,0,0,0,1,1,0,1,0,0.0,NaN,NaN,1,0,1,0,0,0,1,0,0,0,0,0,0,0,0,0,0,0,0,5,0,0,0,0,0,1,0,0,0,0,0,0,0,0,2,-1,0
D:\Others\assignment\FADI_WEDYAN_OOPS\Assignment-2\2\socket.io-client-java-master\src\test\java\io\socket\client\ConnectionTest.java,io.socket.client.ConnectionTest$Anonymous13,anonymous,2,2,0,2,1,1,0,2,0,0.0,NaN,NaN,1,0,1,0,0,0,1,0,0,0,0,0,0,0,0,0,0,0,0,11,0,0,0,0,0,2,0,0,0,0,0,1,0,0,2,-1,0
D:\Others\assignment\FADI_WEDYAN_OOPS\Assignment-2\2\socket.io-client-java-master\src\test\java\io\socket\client\ConnectionTest.java,io.socket.client.ConnectionTest$Anonymous11,anonymous,2,2,0,2,1,1,0,1,0,0.0,NaN,NaN,1,0,1,0,0,0,1,0,0,0,0,0,0,0,0,0,0,0,0,10,0,0,0,0,0,2,0,0,0,0,0,1,0,0,3,-1,0
D:\Others\assignment\FADI_WEDYAN_OOPS\Assignment-2\2\socket.io-client-java-master\src\test\java\io\socket\client\ConnectionTest.java,io.socket.client.ConnectionTest$Anonymous17,anonymous,3,3,0,3,1,1,0,3,0,0.0,NaN,NaN,1,0,1,0,0,0,1,0,0,0,0,0,0,0,0,0,0,0,0,15,0,0,0,0,0,1,0,1,0,1,0,1,0,0,4,-1,0
D:\Others\assignment\FADI_WEDYAN_OOPS\Assignment-2\2\socket.io-client-java-master\src\test\java\io\socket\client\ConnectionTest.java,io.socket.client.ConnectionTest$Anonymous15,anonymous,2,2,0,2,2,1,0,2,0,0.0,NaN,NaN,1,0,1,0,0,0,1,0,0,0,0,0,0,0,0,0,0,0,0,13,0,1,0,0,0,2,0,0,0,0,1,1,0,0,4,-1,0
D:\Others\assignment\FADI_WEDYAN_OOPS\Assignment-2\2\socket.io-client-java-master\src\test\java\io\socket\parser\Helpers.java,io.socket.parser.Helpers$Anonymous1$Anonymous2,anonymous,2,2,0,2,1,1,0,1,0,0.0,NaN,NaN,1,0,1,0,0,0,1,0,0,0,0,0,0,0,0,0,0,0,1,5,0,0,0,0,0,0,0,0,0,0,0,0,0,0,4,-1,0
D:\Others\assignment\FADI_WEDYAN_OOPS\Assignment-2\2\socket.io-client-java-master\src\test\java\io\socket\client\ConnectionTest.java,io.socket.client.ConnectionTest$Anonymous28$Anonymous30,anonymous,1,1,0,1,1,1,0,2,0,0.0,NaN,NaN,1,0,1,0,0,0,1,0,0,0,0,0,0,0,0,0,0,0,0,5,0,0,0,0,0,0,0,0,0,0,0,0,0,0,1,-1,0
D:\Others\assignment\FADI_WEDYAN_OOPS\Assignment-2\2\socket.io-client-java-master\src\main\java\io\socket\client\Socket.java,io.socket.client.Socket$Anonymous2,anonymous,2,2,0,2,1,1,0,2,0,0.0,NaN,NaN,0,0,0,0,0,0,1,0,0,0,0,0,0,0,0,0,0,0,4,30,0,0,0,0,0,0,0,0,0,0,0,4,0,0,2,-1,0
D:\Others\assignment\FADI_WEDYAN_OOPS\Assignment-2\2\socket.io-client-java-master\src\main\java\io\socket\client\Socket.java,io.socket.client.Socket$Anonymous1,anonymous,0,0,0,0,1,1,0,1,0,0.0,NaN,NaN,0,0,0,0,0,0,1,0,0,0,0,0,0,0,0,0,0,0,0,10,0,0,0,0,0,3,6,0,0,0,0,0,0,0,1,-1,0
D:\Others\assignment\FADI_WEDYAN_OOPS\Assignment-2\2\socket.io-client-java-master\src\main\java\io\socket\client\Socket.java,io.socket.client.Socket$Anonymous11$Anonymous12,anonymous,3,3,0,3,5,1,0,5,0,0.0,NaN,NaN,1,0,1,0,0,0,1,0,0,0,0,0,0,0,0,0,0,0,1,16,1,1,1,0,0,1,3,4,0,2,1,0,0,0,16,-1,0
D:\Others\assignment\FADI_WEDYAN_OOPS\Assignment-2\2\socket.io-client-java-master\src\main\java\io\socket\client\Manager.java,io.socket.client.Manager$Engine,innerclass,2,2,0,2,1,2,0,0,0,0.0,NaN,NaN,1,0,0,0,0,1,1,0,0,0,0,0,0,0,0,0,0,0,0,5,0,0,0,0,0,0,0,0,0,0,0,0,0,0,6,10,0
D:\Others\assignment\FADI_WEDYAN_OOPS\Assignment-2\2\socket.io-client-java-master\src\test\java\io\socket\client\ServerConnectionTest.java,io.socket.client.ServerConnectionTest$Anonymous24$Anonymous25,anonymous,0,0,0,0,1,1,0,2,0,0.0,NaN,NaN,1,0,1,0,0,0,1,0,0,0,0,0,0,0,0,0,0,0,1,6,0,0,0,0,0,3,1,1,0,1,0,0,0,0,3,-1,0
D:\Others\assignment\FADI_WEDYAN_OOPS\Assignment-2\2\socket.io-client-java-master\src\test\java\io\socket\client\ServerConnectionTest.java,io.socket.client.ServerConnectionTest$Anonymous24$Anonymous26,anonymous,0,0,0,0,2,1,0,3,0,0.0,NaN,NaN,1,0,1,0,0,0,1,0,0,0,0,0,0,0,0,0,0,0,0,7,0,0,1,0,0,3,2,2,0,2,0,0,0,0,5,-1,0
D:\Others\assignment\FADI_WEDYAN_OOPS\Assignment-2\2\socket.io-client-java-master\src\main\java\io\socket\client\Socket.java,io.socket.client.Socket$Anonymous9,anonymous,2,2,0,2,4,1,0,1,0,0.0,NaN,NaN,1,0,1,0,0,0,1,0,0,0,0,0,0,0,0,0,0,0,0,19,0,1,0,0,0,0,3,7,1,4,2,0,0,0,10,-1,0
D:\Others\assignment\FADI_WEDYAN_OOPS\Assignment-2\2\socket.io-client-java-master\src\test\java\io\socket\client\ConnectionTest.java,io.socket.client.ConnectionTest$Anonymous8$Anonymous9,anonymous,1,1,0,1,1,1,0,1,0,0.0,NaN,NaN,1,0,1,0,0,0,1,0,0,0,0,0,0,0,0,0,0,0,0,6,0,0,0,0,0,0,1,1,0,1,0,0,0,0,5,-1,0
D:\Others\assignment\FADI_WEDYAN_OOPS\Assignment-2\2\socket.io-client-java-master\src\main\java\io\socket\client\Socket.java,io.socket.client.Socket$Anonymous8,anonymous,1,1,0,1,1,1,0,1,0,0.0,NaN,NaN,1,0,1,0,0,0,1,0,0,0,0,0,0,0,0,0,0,0,0,5,0,0,0,0,0,0,0,0,0,0,0,0,0,0,1,-1,0
D:\Others\assignment\FADI_WEDYAN_OOPS\Assignment-2\2\socket.io-client-java-master\src\main\java\io\socket\client\Socket.java,io.socket.client.Socket$Anonymous7,anonymous,2,2,0,2,4,1,0,4,0,0.0,NaN,NaN,1,0,1,0,0,0,1,0,0,0,0,0,0,0,0,0,0,0,0,8,1,0,1,0,0,0,0,0,0,0,1,0,0,0,1,-1,0
D:\Others\assignment\FADI_WEDYAN_OOPS\Assignment-2\2\socket.io-client-java-master\src\test\java\io\socket\client\SocketTest.java,io.socket.client.SocketTest$Anonymous7$Anonymous8,anonymous,2,2,0,2,1,1,0,3,0,0.0,NaN,NaN,1,0,1,0,0,0,1,0,0,0,0,0,0,0,0,0,0,0,1,5,0,0,0,0,0,0,0,0,0,0,0,0,0,0,2,-1,0
D:\Others\assignment\FADI_WEDYAN_OOPS\Assignment-2\2\socket.io-client-java-master\src\main\java\io\socket\parser\IOParser.java,io.socket.parser.IOParser$BinaryReconstructor,innerclass,4,4,0,4,4,1,0,5,0,0.0,0.0,0.0,3,0,2,0,0,1,3,0,0,0,2,0,1,0,0,1,0,0,1,21,2,0,1,0,0,0,0,5,0,3,1,0,0,0,13,8,0
D:\Others\assignment\FADI_WEDYAN_OOPS\Assignment-2\2\socket.io-client-java-master\src\test\java\io\socket\client\SocketTest.java,io.socket.client.SocketTest$Anonymous7$Anonymous9,anonymous,2,2,0,2,1,1,0,3,0,0.0,NaN,NaN,1,0,1,0,0,0,1,0,0,0,0,0,0,0,0,0,0,0,1,5,0,0,0,0,0,0,0,0,0,0,0,0,0,0,2,-1,0
D:\Others\assignment\FADI_WEDYAN_OOPS\Assignment-2\2\socket.io-client-java-master\src\main\java\io\socket\client\IO.java,io.socket.client.IO,class,9,16,7,9,15,3,0,16,21,0.90476197,0.0,0.0,7,6,6,1,0,0,6,0,0,0,3,3,1,2,0,0,2,0,7,60,4,0,3,0,1,2,0,15,0,10,3,0,1,0,44,1,0
D:\Others\assignment\FADI_WEDYAN_OOPS\Assignment-2\2\socket.io-client-java-master\src\main\java\io\socket\client\Manager.java,io.socket.client.Manager$Anonymous1$Anonymous6,anonymous,0,0,0,0,1,1,0,1,0,0.0,NaN,NaN,1,0,1,0,0,0,1,0,0,0,0,0,0,0,0,0,0,0,0,5,0,0,0,0,0,0,0,0,0,0,0,0,0,0,3,-1,0
D:\Others\assignment\FADI_WEDYAN_OOPS\Assignment-2\2\socket.io-client-java-master\src\test\java\io\socket\client\ConnectionTest.java,io.socket.client.ConnectionTest$Anonymous24,anonymous,1,1,0,1,1,1,0,1,0,0.0,NaN,NaN,1,0,1,0,0,0,1,0,0,0,0,0,0,0,0,0,0,0,0,5,0,0,0,0,0,0,0,0,0,0,0,0,0,0,2,-1,0
D:\Others\assignment\FADI_WEDYAN_OOPS\Assignment-2\2\socket.io-client-java-master\src\main\java\io\socket\client\Manager.java,io.socket.client.Manager$Anonymous1$Anonymous7,anonymous,0,0,0,0,1,1,0,1,0,0.0,NaN,NaN,1,0,1,0,0,0,1,0,0,0,0,0,0,0,0,0,0,0,0,5,0,0,0,0,0,0,0,0,0,0,0,0,0,0,1,-1,0
D:\Others\assignment\FADI_WEDYAN_OOPS\Assignment-2\2\socket.io-client-java-master\src\test\java\io\socket\client\ConnectionTest.java,io.socket.client.ConnectionTest$Anonymous23,anonymous,1,1,0,1,1,1,0,2,0,0.0,NaN,NaN,1,0,1,0,0,0,1,0,0,0,0,0,0,0,0,0,0,0,0,5,0,0,0,0,0,0,0,0,0,0,0,0,0,0,1,-1,0
D:\Others\assignment\FADI_WEDYAN_OOPS\Assignment-2\2\socket.io-client-java-master\src\main\java\io\socket\client\Manager.java,io.socket.client.Manager$Anonymous1$Anonymous4,anonymous,3,3,0,3,4,1,0,5,0,0.0,NaN,NaN,1,0,1,0,0,0,1,0,0,0,0,0,0,0,0,0,0,0,0,16,0,0,1,0,0,2,2,3,0,2,1,0,0,0,11,-1,0
D:\Others\assignment\FADI_WEDYAN_OOPS\Assignment-2\2\socket.io-client-java-master\src\test\java\io\socket\client\ConnectionTest.java,io.socket.client.ConnectionTest$Anonymous22,anonymous,1,1,0,1,1,1,0,2,0,0.0,NaN,NaN,1,0,1,0,0,0,1,0,0,0,0,0,0,0,0,0,0,0,0,6,0,0,0,0,0,1,0,0,0,0,0,0,0,0,2,-1,0
D:\Others\assignment\FADI_WEDYAN_OOPS\Assignment-2\2\socket.io-client-java-master\src\main\java\io\socket\client\Manager.java,io.socket.client.Manager$Anonymous1$Anonymous5,anonymous,2,2,0,2,1,1,0,5,0,0.0,NaN,NaN,1,0,1,0,0,0,1,0,0,0,0,0,0,0,0,0,0,0,1,8,0,0,0,0,0,2,0,0,0,0,0,0,0,0,9,-1,0
D:\Others\assignment\FADI_WEDYAN_OOPS\Assignment-2\2\socket.io-client-java-master\src\test\java\io\socket\client\ConnectionTest.java,io.socket.client.ConnectionTest$Anonymous28,anonymous,2,2,0,2,1,1,0,4,0,0.0,NaN,NaN,1,0,1,0,0,0,1,0,0,0,0,0,0,0,0,0,0,0,0,18,0,0,0,0,0,0,1,0,0,0,0,2,0,0,4,-1,0
D:\Others\assignment\FADI_WEDYAN_OOPS\Assignment-2\2\socket.io-client-java-master\src\test\java\io\socket\client\Connection.java,io.socket.client.Connection,class,6,13,7,6,11,1,5,27,41,0.82857144,0.0,0.0,10,0,2,0,0,8,10,0,0,0,7,3,0,5,0,2,3,0,9,92,8,1,0,0,0,9,6,14,3,12,1,2,0,0,46,1025,0
D:\Others\assignment\FADI_WEDYAN_OOPS\Assignment-2\2\socket.io-client-java-master\src\test\java\io\socket\client\ConnectionTest.java,io.socket.client.ConnectionTest$Anonymous27,anonymous,1,1,0,1,1,1,0,1,0,0.0,NaN,NaN,1,0,1,0,0,0,1,0,0,0,0,0,0,0,0,0,0,0,0,5,0,0,0,0,0,0,0,0,0,0,0,0,0,0,2,-1,0
D:\Others\assignment\FADI_WEDYAN_OOPS\Assignment-2\2\socket.io-client-java-master\src\test\java\io\socket\client\ConnectionTest.java,io.socket.client.ConnectionTest$Anonymous28$Anonymous29,anonymous,1,1,0,1,1,1,0,2,0,0.0,NaN,NaN,1,0,1,0,0,0,1,0,0,0,0,0,0,0,0,0,0,0,0,6,0,0,0,0,0,1,0,0,0,0,0,0,0,0,2,-1,0
D:\Others\assignment\FADI_WEDYAN_OOPS\Assignment-2\2\socket.io-client-java-master\src\test\java\io\socket\client\ConnectionTest.java,io.socket.client.ConnectionTest$Anonymous25,anonymous,2,2,0,2,1,1,0,2,0,0.0,NaN,NaN,1,0,1,0,0,0,1,0,0,0,0,0,0,0,0,0,0,0,0,12,0,0,0,0,0,0,0,0,0,0,0,1,0,0,2,-1,0
D:\Others\assignment\FADI_WEDYAN_OOPS\Assignment-2\2\socket.io-client-java-master\src\test\java\io\socket\client\executions\Connection.java,io.socket.client.executions.Connection,class,5,5,0,5,1,1,0,5,0,0.0,NaN,NaN,1,1,1,0,0,0,1,0,0,0,0,0,0,0,0,0,0,0,2,25,0,0,0,0,0,2,0,6,1,3,0,2,0,0,16,1,0
D:\Others\assignment\FADI_WEDYAN_OOPS\Assignment-2\2\socket.io-client-java-master\src\test\java\io\socket\client\ConnectionTest.java,io.socket.client.ConnectionTest$Anonymous20,anonymous,3,3,0,3,1,1,0,3,0,0.0,NaN,NaN,1,0,1,0,0,0,1,0,0,0,0,0,0,0,0,0,0,0,0,14,0,0,0,0,0,1,0,1,0,1,0,1,0,0,4,-1,0
D:\Others\assignment\FADI_WEDYAN_OOPS\Assignment-2\2\socket.io-client-java-master\src\test\java\io\socket\client\ServerConnectionTest.java,io.socket.client.ServerConnectionTest$Anonymous21$Anonymous23,anonymous,0,0,0,0,2,1,0,3,0,0.0,NaN,NaN,1,0,1,0,0,0,1,0,0,0,0,0,0,0,0,0,0,0,0,7,0,0,1,0,0,3,2,2,0,2,0,0,0,0,5,-1,0
D:\Others\assignment\FADI_WEDYAN_OOPS\Assignment-2\2\socket.io-client-java-master\src\test\java\io\socket\client\ServerConnectionTest.java,io.socket.client.ServerConnectionTest$Anonymous21$Anonymous22,anonymous,0,0,0,0,1,1,0,2,0,0.0,NaN,NaN,1,0,1,0,0,0,1,0,0,0,0,0,0,0,0,0,0,0,1,6,0,0,0,0,0,3,1,1,0,1,0,0,0,0,3,-1,0
D:\Others\assignment\FADI_WEDYAN_OOPS\Assignment-2\2\socket.io-client-java-master\src\main\java\io\socket\client\Manager.java,io.socket.client.Manager$Anonymous13$Anonymous14$Anonymous15,anonymous,1,1,0,1,2,1,0,4,0,0.0,NaN,NaN,1,0,1,0,0,0,1,0,0,0,0,0,0,0,0,0,0,0,0,14,0,0,1,0,0,2,0,1,0,0,1,0,0,0,6,-1,0
D:\Others\assignment\FADI_WEDYAN_OOPS\Assignment-2\2\socket.io-client-java-master\src\test\java\io\socket\client\ConnectionTest.java,io.socket.client.ConnectionTest$Anonymous40$Anonymous41,anonymous,0,0,0,0,1,1,0,1,0,0.0,NaN,NaN,1,0,1,0,0,0,1,0,0,0,0,0,0,0,0,0,0,0,0,5,0,0,0,0,0,0,0,0,0,0,0,0,0,0,3,-1,0
D:\Others\assignment\FADI_WEDYAN_OOPS\Assignment-2\2\socket.io-client-java-master\src\main\java\io\socket\parser\DecodingException.java,io.socket.parser.DecodingException,class,0,1,1,0,1,4,0,0,0,0.0,NaN,NaN,1,0,1,0,0,0,1,0,0,0,0,0,0,0,0,0,0,0,0,5,0,0,0,0,0,0,0,0,0,0,0,0,0,0,4,1,0
D:\Others\assignment\FADI_WEDYAN_OOPS\Assignment-2\2\socket.io-client-java-master\src\test\java\io\socket\client\ConnectionTest.java,io.socket.client.ConnectionTest$Anonymous40$Anonymous42,anonymous,0,0,0,0,1,1,0,1,0,0.0,NaN,NaN,1,0,1,0,0,0,1,0,0,0,0,0,0,0,0,0,0,0,0,5,0,0,0,0,0,0,0,0,0,0,0,0,0,0,2,-1,0
D:\Others\assignment\FADI_WEDYAN_OOPS\Assignment-2\2\socket.io-client-java-master\src\main\java\io\socket\client\Manager.java,io.socket.client.Manager$ReadyState,enum,0,0,0,0,0,1,0,0,0,0.0,-1.0,-1.0,0,0,0,0,0,0,0,0,0,0,0,0,0,0,0,0,0,0,0,1,0,0,0,0,0,0,0,0,0,0,0,0,0,0,7,0,0
D:\Others\assignment\FADI_WEDYAN_OOPS\Assignment-2\2\socket.io-client-java-master\src\test\java\io\socket\parser\Helpers.java,io.socket.parser.Helpers,class,10,14,4,10,9,1,0,6,4,0.5,0.0,0.0,4,4,4,0,0,0,4,0,0,0,1,1,0,1,0,0,0,0,0,77,0,0,0,3,0,1,0,3,0,3,2,2,0,0,27,1,0
D:\Others\assignment\FADI_WEDYAN_OOPS\Assignment-2\2\socket.io-client-java-master\src\test\java\io\socket\client\ConnectionTest.java,io.socket.client.ConnectionTest$Anonymous35,anonymous,0,0,0,0,2,1,0,1,0,0.0,NaN,NaN,1,0,1,0,0,0,1,0,0,0,0,0,0,0,0,0,0,0,0,11,0,0,0,0,0,0,5,4,1,2,1,0,0,0,7,-1,0
D:\Others\assignment\FADI_WEDYAN_OOPS\Assignment-2\2\socket.io-client-java-master\src\test\java\io\socket\client\ConnectionTest.java,io.socket.client.ConnectionTest$Anonymous34,anonymous,0,0,0,0,1,1,0,1,0,0.0,NaN,NaN,1,0,1,0,0,0,1,0,0,0,0,0,0,0,0,0,0,0,0,5,0,0,0,0,0,0,1,1,0,0,0,0,0,0,3,-1,0
D:\Others\assignment\FADI_WEDYAN_OOPS\Assignment-2\2\socket.io-client-java-master\src\test\java\io\socket\client\ConnectionTest.java,io.socket.client.ConnectionTest$Anonymous45$Anonymous47$Anonymous48,anonymous,2,2,0,2,1,1,0,3,0,0.0,NaN,NaN,1,0,1,0,0,0,1,0,0,0,0,0,0,0,0,0,0,0,0,7,0,0,0,0,0,0,0,0,0,0,0,0,0,0,2,-1,0
D:\Others\assignment\FADI_WEDYAN_OOPS\Assignment-2\2\socket.io-client-java-master\src\test\java\io\socket\client\ConnectionTest.java,io.socket.client.ConnectionTest$Anonymous37,anonymous,2,2,0,2,1,1,0,4,0,0.0,NaN,NaN,1,0,1,0,0,0,1,0,0,0,0,0,0,0,0,0,0,0,0,17,0,0,0,0,0,0,1,0,0,0,0,2,0,0,4,-1,0
D:\Others\assignment\FADI_WEDYAN_OOPS\Assignment-2\2\socket.io-client-java-master\src\test\java\io\socket\client\ConnectionTest.java,io.socket.client.ConnectionTest$Anonymous36,anonymous,0,0,0,0,1,1,0,1,0,0.0,NaN,NaN,1,0,1,0,0,0,1,0,0,0,0,0,0,0,0,0,0,0,0,5,0,0,0,0,0,0,0,0,0,0,0,0,0,0,3,-1,0
D:\Others\assignment\FADI_WEDYAN_OOPS\Assignment-2\2\socket.io-client-java-master\src\test\java\io\socket\client\executions\ImmediateClose.java,io.socket.client.executions.ImmediateClose,class,5,5,0,5,1,1,0,6,0,0.0,NaN,NaN,1,1,1,0,0,0,1,0,0,0,0,0,0,0,0,0,0,0,2,30,0,0,0,0,0,2,0,6,1,3,0,3,0,0,17,1,0
D:\Others\assignment\FADI_WEDYAN_OOPS\Assignment-2\2\socket.io-client-java-master\src\test\java\io\socket\client\ConnectionTest.java,io.socket.client.ConnectionTest$Anonymous31,anonymous,3,3,0,3,1,1,0,2,0,0.0,NaN,NaN,1,0,1,0,0,0,1,0,0,0,0,0,0,0,0,0,0,0,0,19,0,0,0,0,0,0,1,2,0,2,0,2,0,0,5,-1,0
D:\Others\assignment\FADI_WEDYAN_OOPS\Assignment-2\2\socket.io-client-java-master\src\test\java\io\socket\backo\BackoffTest.java,io.socket.backo.BackoffTest,class,2,2,0,2,10,1,0,16,1,0.0,0.0,0.0,2,0,2,0,0,0,2,0,0,0,0,0,0,0,0,0,0,0,6,28,0,2,7,0,0,2,20,9,1,9,2,0,0,0,19,1,0
D:\Others\assignment\FADI_WEDYAN_OOPS\Assignment-2\2\socket.io-client-java-master\src\test\java\io\socket\client\executions\ConnectionFailure.java,io.socket.client.executions.ConnectionFailure,class,5,5,0,5,1,1,0,5,0,0.0,NaN,NaN,1,1,1,0,0,0,1,0,0,0,0,0,0,0,0,0,0,0,3,26,0,0,0,0,0,2,0,8,1,4,0,2,0,0,19,1,0
D:\Others\assignment\FADI_WEDYAN_OOPS\Assignment-2\2\socket.io-client-java-master\src\test\java\io\socket\client\ConnectionTest.java,io.socket.client.ConnectionTest$Anonymous57$Anonymous58,anonymous,2,2,0,2,1,1,0,3,0,0.0,NaN,NaN,1,0,1,0,0,0,1,0,0,0,0,0,0,0,0,0,0,0,0,7,0,0,0,0,0,1,0,0,0,0,0,0,0,0,1,-1,0
D:\Others\assignment\FADI_WEDYAN_OOPS\Assignment-2\2\socket.io-client-java-master\src\main\java\io\socket\parser\Parser.java,io.socket.parser.Parser$Encoder,interface,2,2,0,2,1,1,0,0,0,0.0,NaN,NaN,1,0,0,0,0,1,1,0,0,0,0,0,0,0,0,0,0,0,0,6,0,0,0,0,0,0,0,0,0,0,0,0,1,0,5,0,0
D:\Others\assignment\FADI_WEDYAN_OOPS\Assignment-2\2\socket.io-client-java-master\src\test\java\io\socket\client\ConnectionTest.java,io.socket.client.ConnectionTest$Anonymous45,anonymous,2,2,0,2,1,1,0,2,0,0.0,NaN,NaN,1,0,1,0,0,0,1,0,0,0,0,0,0,0,0,0,0,0,0,24,0,0,0,0,0,0,0,0,0,0,0,2,0,0,2,-1,0
D:\Others\assignment\FADI_WEDYAN_OOPS\Assignment-2\2\socket.io-client-java-master\src\test\java\io\socket\client\ConnectionTest.java,io.socket.client.ConnectionTest$Anonymous43,anonymous,2,2,0,2,1,1,0,4,0,0.0,NaN,NaN,1,0,1,0,0,0,1,0,0,0,0,0,0,0,0,0,0,0,0,12,0,0,0,0,0,0,0,0,0,0,0,1,0,0,2,-1,0
D:\Others\assignment\FADI_WEDYAN_OOPS\Assignment-2\2\socket.io-client-java-master\src\test\java\io\socket\client\ConnectionTest.java,io.socket.client.ConnectionTest$Anonymous49,anonymous,0,0,0,0,1,1,0,1,0,0.0,NaN,NaN,1,0,1,0,0,0,1,0,0,0,0,0,0,0,0,0,0,0,0,5,0,0,0,0,0,0,0,0,0,0,0,0,0,0,1,-1,0
D:\Others\assignment\FADI_WEDYAN_OOPS\Assignment-2\2\socket.io-client-java-master\src\main\java\io\socket\parser\Binary.java,io.socket.parser.Binary$DeconstructedPacket,innerclass,2,2,0,2,0,1,0,0,0,NaN,-1.0,-1.0,0,0,0,0,0,0,0,0,0,0,2,0,2,0,0,0,0,0,0,4,0,0,0,0,0,0,0,0,0,2,0,0,0,0,4,9,0
D:\Others\assignment\FADI_WEDYAN_OOPS\Assignment-2\2\socket.io-client-java-master\src\test\java\io\socket\client\ConnectionTest.java,io.socket.client.ConnectionTest$Anonymous40,anonymous,2,2,0,2,1,1,0,4,0,0.0,NaN,NaN,1,0,1,0,0,0,1,0,0,0,0,0,0,0,0,0,0,0,0,17,0,0,0,0,0,0,1,0,0,0,0,2,0,0,4,-1,0
D:\Others\assignment\FADI_WEDYAN_OOPS\Assignment-2\2\socket.io-client-java-master\src\main\java\io\socket\client\Url.java,io.socket.client.Url,class,2,5,3,2,20,1,0,17,3,0.6666667,NaN,NaN,3,2,1,2,0,0,1,0,0,0,1,1,0,1,0,0,0,0,3,52,2,0,10,0,4,21,6,16,6,11,2,0,1,0,44,1,0
D:\Others\assignment\FADI_WEDYAN_OOPS\Assignment-2\2\socket.io-client-java-master\src\test\java\io\socket\client\UrlTest.java,io.socket.client.UrlTest,class,5,6,1,5,11,1,0,12,55,0.0,0.0,0.0,11,0,9,2,0,0,9,0,0,0,0,0,0,0,0,0,0,0,4,62,2,0,0,0,0,34,4,9,0,9,0,0,0,0,29,1,0
D:\Others\assignment\FADI_WEDYAN_OOPS\Assignment-2\2\socket.io-client-java-master\src\test\java\io\socket\parser\ByteArrayTest.java,io.socket.parser.ByteArrayTest,class,10,10,0,10,6,1,0,7,15,0.8333333,0.0,0.0,6,0,6,0,0,0,6,0,0,0,1,1,0,1,0,0,0,0,8,70,0,0,0,0,0,20,17,29,0,11,0,1,0,0,29,1,0
D:\Others\assignment\FADI_WEDYAN_OOPS\Assignment-2\2\socket.io-client-java-master\src\test\java\io\socket\client\ConnectionTest.java,io.socket.client.ConnectionTest$Anonymous65$Anonymous66,anonymous,0,0,0,0,1,1,0,1,0,0.0,NaN,NaN,1,0,1,0,0,0,1,0,0,0,0,0,0,0,0,0,0,0,0,5,0,0,0,0,0,0,1,0,0,0,0,0,0,0,2,-1,0
D:\Others\assignment\FADI_WEDYAN_OOPS\Assignment-2\2\socket.io-client-java-master\src\test\java\io\socket\client\ConnectionTest.java,io.socket.client.ConnectionTest$Anonymous67$Anonymous68,anonymous,0,0,0,0,1,1,0,1,0,0.0,NaN,NaN,1,0,1,0,0,0,1,0,0,0,0,0,0,0,0,0,0,0,0,5,0,0,0,0,0,0,1,0,0,0,0,0,0,0,2,-1,0
D:\Others\assignment\FADI_WEDYAN_OOPS\Assignment-2\2\socket.io-client-java-master\src\main\java\io\socket\parser\Parser.java,io.socket.parser.Parser$Encoder$Callback,interface,0,0,0,0,1,1,0,0,0,0.0,NaN,NaN,1,0,0,0,0,1,1,0,0,0,0,0,0,0,0,0,0,0,0,3,0,0,0,0,0,0,0,0,0,0,0,0,0,0,3,0,0
D:\Others\assignment\FADI_WEDYAN_OOPS\Assignment-2\2\socket.io-client-java-master\src\test\java\io\socket\client\ServerConnectionTest.java,io.socket.client.ServerConnectionTest$Anonymous7$Anonymous8,anonymous,0,0,0,0,1,1,0,1,0,0.0,NaN,NaN,1,0,1,0,0,0,1,0,0,0,0,0,0,0,0,0,0,0,0,5,0,0,0,0,0,0,0,0,0,0,0,0,0,0,2,-1,0
D:\Others\assignment\FADI_WEDYAN_OOPS\Assignment-2\2\socket.io-client-java-master\src\test\java\io\socket\client\ConnectionTest.java,io.socket.client.ConnectionTest$Anonymous69$Anonymous70,anonymous,0,0,0,0,1,1,0,1,0,0.0,NaN,NaN,1,0,1,0,0,0,1,0,0,0,0,0,0,0,0,0,0,0,0,5,0,0,0,0,0,0,1,0,0,0,0,0,0,0,2,-1,0
D:\Others\assignment\FADI_WEDYAN_OOPS\Assignment-2\2\socket.io-client-java-master\src\test\java\io\socket\parser\ByteArrayTest.java,io.socket.parser.ByteArrayTest$Anonymous1$Anonymous2,anonymous,1,1,0,1,1,1,0,0,0,0.0,NaN,NaN,1,0,1,0,0,0,1,0,0,0,0,0,0,0,0,0,0,0,0,5,0,0,0,0,0,1,0,0,0,0,0,0,0,0,12,-1,0
D:\Others\assignment\FADI_WEDYAN_OOPS\Assignment-2\2\socket.io-client-java-master\src\test\java\io\socket\client\ConnectionTest.java,io.socket.client.ConnectionTest$Anonymous57,anonymous,0,0,0,0,1,1,0,1,0,0.0,NaN,NaN,1,0,1,0,0,0,1,0,0,0,0,0,0,0,0,0,0,0,0,13,0,0,0,0,0,0,1,1,0,1,0,1,0,0,5,-1,0
D:\Others\assignment\FADI_WEDYAN_OOPS\Assignment-2\2\socket.io-client-java-master\src\test\java\io\socket\client\ConnectionTest.java,io.socket.client.ConnectionTest$Anonymous56,anonymous,1,1,0,1,1,1,0,1,0,0.0,NaN,NaN,1,0,1,0,0,0,1,0,0,0,0,0,0,0,0,0,0,0,0,6,0,0,0,0,0,0,0,0,0,0,0,0,0,0,4,-1,0
D:\Others\assignment\FADI_WEDYAN_OOPS\Assignment-2\2\socket.io-client-java-master\src\test\java\io\socket\client\ConnectionTest.java,io.socket.client.ConnectionTest$Anonymous55,anonymous,2,2,0,2,1,1,0,3,0,0.0,NaN,NaN,1,0,1,0,0,0,1,0,0,0,0,0,0,0,0,0,0,0,0,7,0,0,0,0,0,0,1,0,0,0,0,0,0,0,2,-1,0
D:\Others\assignment\FADI_WEDYAN_OOPS\Assignment-2\2\socket.io-client-java-master\src\main\java\io\socket\client\Manager.java,io.socket.client.Manager$OpenCallback,interface,0,0,0,0,1,1,0,0,0,0.0,NaN,NaN,1,0,0,0,0,1,1,0,0,0,0,0,0,0,0,0,0,0,0,3,0,0,0,0,0,0,0,0,0,0,0,0,0,0,5,1,0
D:\Others\assignment\FADI_WEDYAN_OOPS\Assignment-2\2\socket.io-client-java-master\src\test\java\io\socket\client\ConnectionTest.java,io.socket.client.ConnectionTest$Anonymous54,anonymous,0,0,0,0,1,1,0,0,0,0.0,NaN,NaN,1,0,1,0,0,0,1,0,0,0,0,0,0,0,0,0,0,0,0,5,0,0,0,0,0,0,1,0,0,0,0,0,0,0,2,-1,0
D:\Others\assignment\FADI_WEDYAN_OOPS\Assignment-2\2\socket.io-client-java-master\src\test\java\io\socket\client\ConnectionTest.java,io.socket.client.ConnectionTest$Anonymous59,anonymous,0,0,0,0,1,1,0,1,0,0.0,NaN,NaN,1,0,1,0,0,0,1,0,0,0,0,0,0,0,0,0,0,0,0,6,0,0,0,0,0,0,2,0,0,0,0,0,0,0,2,-1,0
D:\Others\assignment\FADI_WEDYAN_OOPS\Assignment-2\2\socket.io-client-java-master\src\test\java\io\socket\client\ConnectionTest.java,io.socket.client.ConnectionTest$Anonymous17$Anonymous18,anonymous,2,2,0,2,1,1,0,3,0,0.0,NaN,NaN,1,0,1,0,0,0,1,0,0,0,0,0,0,0,0,0,0,0,0,8,0,0,0,0,0,1,0,0,0,0,0,0,0,0,2,-1,0
D:\Others\assignment\FADI_WEDYAN_OOPS\Assignment-2\2\socket.io-client-java-master\src\test\java\io\socket\parser\ParserTest.java,io.socket.parser.ParserTest,class,8,8,0,8,5,1,0,3,10,1.0,0.0,0.0,5,0,5,0,0,0,5,0,0,0,1,1,0,1,0,0,0,0,16,42,0,0,0,0,0,17,1,15,8,6,0,0,0,0,22,1,0
D:\Others\assignment\FADI_WEDYAN_OOPS\Assignment-2\2\socket.io-client-java-master\src\test\java\io\socket\client\ConnectionTest.java,io.socket.client.ConnectionTest$Anonymous15$Anonymous16,anonymous,0,0,0,0,1,1,0,1,0,0.0,NaN,NaN,1,0,1,0,0,0,1,0,0,0,0,0,0,0,0,0,0,0,0,5,0,0,0,0,0,0,1,0,0,0,0,0,0,0,2,-1,0
D:\Others\assignment\FADI_WEDYAN_OOPS\Assignment-2\2\socket.io-client-java-master\src\test\java\io\socket\client\ConnectionTest.java,io.socket.client.ConnectionTest$Anonymous53,anonymous,0,0,0,0,1,1,0,1,0,0.0,NaN,NaN,1,0,1,0,0,0,1,0,0,0,0,0,0,0,0,0,0,0,0,5,0,0,0,0,0,0,1,0,0,0,0,0,0,0,2,-1,0
D:\Others\assignment\FADI_WEDYAN_OOPS\Assignment-2\2\socket.io-client-java-master\src\test\java\io\socket\client\ConnectionTest.java,io.socket.client.ConnectionTest$Anonymous52,anonymous,0,0,0,0,1,1,0,0,0,0.0,NaN,NaN,1,0,1,0,0,0,1,0,0,0,0,0,0,0,0,0,0,0,0,5,0,0,0,0,0,0,1,0,0,0,0,0,0,0,2,-1,0
D:\Others\assignment\FADI_WEDYAN_OOPS\Assignment-2\2\socket.io-client-java-master\src\test\java\io\socket\client\ConnectionTest.java,io.socket.client.ConnectionTest$Anonymous63$Anonymous64,anonymous,1,1,0,1,1,1,0,2,0,0.0,NaN,NaN,1,0,1,0,0,0,1,0,0,0,0,0,0,0,0,0,0,0,0,6,0,0,0,0,0,0,1,0,0,0,0,0,0,0,2,-1,0
D:\Others\assignment\FADI_WEDYAN_OOPS\Assignment-2\2\socket.io-client-java-master\src\test\java\io\socket\client\ConnectionTest.java,io.socket.client.ConnectionTest$Anonymous50,anonymous,3,3,0,3,1,1,0,4,0,0.0,NaN,NaN,1,0,1,0,0,0,1,0,0,0,0,0,0,0,0,0,0,0,0,14,0,0,0,0,0,1,0,1,0,1,0,1,0,0,4,-1,0
D:\Others\assignment\FADI_WEDYAN_OOPS\Assignment-2\2\socket.io-client-java-master\src\test\java\io\socket\client\executions\ImmediateClose.java,io.socket.client.executions.ImmediateClose$Anonymous3,anonymous,0,0,0,0,1,1,0,4,0,0.0,NaN,NaN,1,0,1,0,0,0,1,0,0,0,0,0,0,0,0,0,0,0,0,6,0,0,0,0,0,1,0,0,0,0,0,0,0,0,2,-1,0
D:\Others\assignment\FADI_WEDYAN_OOPS\Assignment-2\2\socket.io-client-java-master\src\test\java\io\socket\client\executions\ImmediateClose.java,io.socket.client.executions.ImmediateClose$Anonymous2,anonymous,0,0,0,0,1,1,0,1,0,0.0,NaN,NaN,1,0,1,0,0,0,1,0,0,0,0,0,0,0,0,0,0,0,0,5,0,0,0,0,0,1,0,0,0,0,0,0,0,0,2,-1,0
D:\Others\assignment\FADI_WEDYAN_OOPS\Assignment-2\2\socket.io-client-java-master\src\test\java\io\socket\client\executions\ImmediateClose.java,io.socket.client.executions.ImmediateClose$Anonymous1,anonymous,0,0,0,0,1,1,0,1,0,0.0,NaN,NaN,1,0,1,0,0,0,1,0,0,0,0,0,0,0,0,0,0,0,0,5,0,0,0,0,0,1,0,0,0,0,0,0,0,0,2,-1,0
D:\Others\assignment\FADI_WEDYAN_OOPS\Assignment-2\2\socket.io-client-java-master\src\main\java\io\socket\parser\IOParser.java,io.socket.parser.IOParser$Encoder,innerclass,7,7,0,7,19,1,0,17,6,0.0,0.0,0.0,4,0,2,2,0,0,2,0,0,0,0,0,0,0,0,0,0,0,5,47,1,0,10,0,1,6,3,6,1,5,1,0,0,0,30,25,0
D:\Others\assignment\FADI_WEDYAN_OOPS\Assignment-2\2\socket.io-client-java-master\src\test\java\io\socket\client\ConnectionTest.java,io.socket.client.ConnectionTest$Anonymous1$Anonymous2,anonymous,0,0,0,0,1,1,0,1,0,0.0,NaN,NaN,1,0,1,0,0,0,1,0,0,0,0,0,0,0,0,0,0,0,0,5,0,0,0,0,0,1,0,0,0,0,0,0,0,0,2,-1,0
D:\Others\assignment\FADI_WEDYAN_OOPS\Assignment-2\2\socket.io-client-java-master\src\test\java\io\socket\client\ConnectionTest.java,io.socket.client.ConnectionTest$Anonymous67,anonymous,2,2,0,2,1,1,0,2,0,0.0,NaN,NaN,1,0,1,0,0,0,1,0,0,0,0,0,0,0,0,0,0,0,0,11,0,0,0,0,0,2,0,0,0,0,0,1,0,0,2,-1,0
D:\Others\assignment\FADI_WEDYAN_OOPS\Assignment-2\2\socket.io-client-java-master\src\test\java\io\socket\client\ConnectionTest.java,io.socket.client.ConnectionTest$Anonymous65,anonymous,3,3,0,3,2,1,0,3,0,0.0,NaN,NaN,1,0,1,0,0,0,1,0,0,0,0,0,0,0,0,0,0,0,0,18,0,0,0,1,0,3,0,1,0,1,1,1,0,0,13,-1,0
D:\Others\assignment\FADI_WEDYAN_OOPS\Assignment-2\2\socket.io-client-java-master\src\test\java\io\socket\client\ServerConnectionTest.java,io.socket.client.ServerConnectionTest$Anonymous1,anonymous,1,1,0,1,1,1,0,2,0,0.0,NaN,NaN,1,0,1,0,0,0,1,0,0,0,0,0,0,0,0,0,0,0,0,6,0,0,0,0,0,0,0,0,0,0,0,0,0,0,2,-1,0
D:\Others\assignment\FADI_WEDYAN_OOPS\Assignment-2\2\socket.io-client-java-master\src\main\java\io\socket\client\SocketOptionBuilder.java,io.socket.client.SocketOptionBuilder,class,2,4,2,2,26,1,0,20,0,0.08,0.0,0.0,25,2,23,0,2,0,25,0,0,0,1,0,0,1,0,0,1,0,0,100,23,0,1,0,0,0,0,21,0,1,1,0,0,0,85,1,0
D:\Others\assignment\FADI_WEDYAN_OOPS\Assignment-2\2\socket.io-client-java-master\src\test\java\io\socket\client\ServerConnectionTest.java,io.socket.client.ServerConnectionTest$Anonymous3,anonymous,1,1,0,1,1,1,0,1,0,0.0,NaN,NaN,1,0,1,0,0,0,1,0,0,0,0,0,0,0,0,0,0,0,0,5,0,0,0,0,0,2,0,0,0,0,0,0,0,0,2,-1,0
D:\Others\assignment\FADI_WEDYAN_OOPS\Assignment-2\2\socket.io-client-java-master\src\test\java\io\socket\client\ConnectionTest.java,io.socket.client.ConnectionTest$Anonymous69,anonymous,3,3,0,3,2,1,0,3,0,0.0,NaN,NaN,1,0,1,0,0,0,1,0,0,0,0,0,0,0,0,0,0,0,0,20,0,0,0,1,0,7,0,1,0,1,1,1,0,0,12,-1,0
D:\Others\assignment\FADI_WEDYAN_OOPS\Assignment-2\2\socket.io-client-java-master\src\test\java\io\socket\client\ServerConnectionTest.java,io.socket.client.ServerConnectionTest$Anonymous2,anonymous,0,0,0,0,1,1,0,1,0,0.0,NaN,NaN,1,0,1,0,0,0,1,0,0,0,0,0,0,0,0,0,0,0,0,5,0,0,0,0,0,0,0,0,0,0,0,0,0,0,2,-1,0
D:\Others\assignment\FADI_WEDYAN_OOPS\Assignment-2\2\socket.io-client-java-master\src\test\java\io\socket\client\ConnectionTest.java,io.socket.client.ConnectionTest$Anonymous60,anonymous,2,2,0,2,1,1,0,3,0,0.0,NaN,NaN,1,0,1,0,0,0,1,0,0,0,0,0,0,0,0,0,0,0,0,7,0,0,0,0,0,0,1,0,0,0,0,0,0,0,2,-1,0
D:\Others\assignment\FADI_WEDYAN_OOPS\Assignment-2\2\socket.io-client-java-master\src\test\java\io\socket\client\ServerConnectionTest.java,io.socket.client.ServerConnectionTest$Anonymous5,anonymous,1,1,0,1,1,1,0,1,0,0.0,NaN,NaN,1,0,1,0,0,0,1,0,0,0,0,0,0,0,0,0,0,0,0,5,0,0,0,0,0,2,0,0,0,0,0,0,0,0,2,-1,0
D:\Others\assignment\FADI_WEDYAN_OOPS\Assignment-2\2\socket.io-client-java-master\src\test\java\io\socket\client\ServerConnectionTest.java,io.socket.client.ServerConnectionTest$Anonymous4,anonymous,0,0,0,0,1,1,0,1,0,0.0,NaN,NaN,1,0,1,0,0,0,1,0,0,0,0,0,0,0,0,0,0,0,0,5,0,0,0,0,0,0,0,0,0,0,0,0,0,0,2,-1,0
D:\Others\assignment\FADI_WEDYAN_OOPS\Assignment-2\2\socket.io-client-java-master\src\test\java\io\socket\client\ServerConnectionTest.java,io.socket.client.ServerConnectionTest$Anonymous7,anonymous,2,2,0,2,1,1,0,1,0,0.0,NaN,NaN,1,0,1,0,0,0,1,0,0,0,0,0,0,0,0,0,0,0,0,10,0,0,0,0,0,2,0,0,0,0,0,1,0,0,3,-1,0
D:\Others\assignment\FADI_WEDYAN_OOPS\Assignment-2\2\socket.io-client-java-master\src\test\java\io\socket\client\ServerConnectionTest.java,io.socket.client.ServerConnectionTest$Anonymous6,anonymous,0,0,0,0,1,1,0,1,0,0.0,NaN,NaN,1,0,1,0,0,0,1,0,0,0,0,0,0,0,0,0,0,0,0,5,0,0,0,0,0,0,0,0,0,0,0,0,0,0,2,-1,0
D:\Others\assignment\FADI_WEDYAN_OOPS\Assignment-2\2\socket.io-client-java-master\src\test\java\io\socket\client\ServerConnectionTest.java,io.socket.client.ServerConnectionTest$Anonymous9,anonymous,2,2,0,2,1,1,0,1,0,0.0,NaN,NaN,1,0,1,0,0,0,1,0,0,0,0,0,0,0,0,0,0,0,0,10,0,0,0,0,0,1,0,0,0,0,0,1,0,0,3,-1,0
D:\Others\assignment\FADI_WEDYAN_OOPS\Assignment-2\2\socket.io-client-java-master\src\test\java\io\socket\client\ConnectionTest.java,io.socket.client.ConnectionTest$Anonymous63,anonymous,2,2,0,2,1,1,0,2,0,0.0,NaN,NaN,1,0,1,0,0,0,1,0,0,0,0,0,0,0,0,0,0,0,0,12,0,0,0,0,0,2,0,0,0,0,0,1,0,0,3,-1,0
D:\Others\assignment\FADI_WEDYAN_OOPS\Assignment-2\2\socket.io-client-java-master\src\test\java\io\socket\client\ConnectionTest.java,io.socket.client.ConnectionTest$Anonymous62,anonymous,2,2,0,2,1,1,0,3,0,0.0,NaN,NaN,1,0,1,0,0,0,1,0,0,0,0,0,0,0,0,0,0,0,0,7,0,0,0,0,0,0,1,0,0,0,0,0,0,0,2,-1,0
D:\Others\assignment\FADI_WEDYAN_OOPS\Assignment-2\2\socket.io-client-java-master\src\test\java\io\socket\parser\ByteArrayTest.java,io.socket.parser.ByteArrayTest$Anonymous1,anonymous,3,3,0,3,1,1,0,7,0,0.0,NaN,NaN,1,0,1,0,0,0,1,0,0,0,0,0,0,0,0,0,0,0,0,15,0,0,0,0,0,0,3,1,0,1,0,1,0,0,6,-1,0
D:\Others\assignment\FADI_WEDYAN_OOPS\Assignment-2\2\socket.io-client-java-master\src\test\java\io\socket\client\ConnectionTest.java,io.socket.client.ConnectionTest$Anonymous61,anonymous,0,0,0,0,1,1,0,1,0,0.0,NaN,NaN,1,0,1,0,0,0,1,0,0,0,0,0,0,0,0,0,0,0,0,6,0,0,0,0,0,0,2,0,0,0,0,0,0,0,2,-1,0
D:\Others\assignment\FADI_WEDYAN_OOPS\Assignment-2\2\socket.io-client-java-master\src\test\java\io\socket\client\executions\ConnectionFailure.java,io.socket.client.executions.ConnectionFailure$Anonymous1,anonymous,0,0,0,0,1,1,0,4,0,0.0,NaN,NaN,1,0,1,0,0,0,1,0,0,0,0,0,0,0,0,0,0,0,0,6,0,0,0,0,0,1,0,0,0,0,0,0,0,0,2,-1,0
D:\Others\assignment\FADI_WEDYAN_OOPS\Assignment-2\2\socket.io-client-java-master\src\test\java\io\socket\client\ConnectionTest.java,io.socket.client.ConnectionTest$Anonymous6$Anonymous7,anonymous,0,0,0,0,1,1,0,1,0,0.0,NaN,NaN,1,0,1,0,0,0,1,0,0,0,0,0,0,0,0,0,0,0,0,5,0,0,0,0,0,0,1,0,0,0,0,0,0,0,2,-1,0
D:\Others\assignment\FADI_WEDYAN_OOPS\Assignment-2\2\socket.io-client-java-master\src\test\java\io\socket\client\ConnectionTest.java,io.socket.client.ConnectionTest$Anonymous71,anonymous,2,2,0,2,1,1,0,2,0,0.0,NaN,NaN,1,0,1,0,0,0,1,0,0,0,0,0,0,0,0,0,0,0,0,12,0,0,0,0,0,4,0,0,0,0,0,1,0,0,3,-1,0
D:\Others\assignment\FADI_WEDYAN_OOPS\Assignment-2\2\socket.io-client-java-master\src\main\java\io\socket\parser\Packet.java,io.socket.parser.Packet,class,1,21,20,1,3,1,0,0,1,0.8,0.0,0.0,3,0,3,0,0,0,3,0,0,0,5,0,5,0,0,0,0,0,0,16,0,0,0,0,0,0,2,5,0,5,0,0,0,0,7,1,0
D:\Others\assignment\FADI_WEDYAN_OOPS\Assignment-2\2\socket.io-client-java-master\src\test\java\io\socket\client\SSLConnectionTest.java,io.socket.client.SSLConnectionTest$Anonymous4,anonymous,2,2,0,2,1,1,0,2,0,0.0,NaN,NaN,1,0,1,0,0,0,1,0,0,0,0,0,0,0,0,0,0,0,0,11,0,0,0,0,0,2,0,0,0,0,0,1,0,0,2,-1,0
D:\Others\assignment\FADI_WEDYAN_OOPS\Assignment-2\2\socket.io-client-java-master\src\main\java\io\socket\client\Ack.java,io.socket.client.Ack,interface,0,12,12,0,1,1,0,0,0,0.0,NaN,NaN,1,0,0,0,0,1,1,0,0,0,0,0,0,0,0,0,0,0,0,3,0,0,0,0,0,0,0,0,0,0,0,0,0,0,3,1,0
D:\Others\assignment\FADI_WEDYAN_OOPS\Assignment-2\2\socket.io-client-java-master\src\test\java\io\socket\client\SSLConnectionTest.java,io.socket.client.SSLConnectionTest$Anonymous2,anonymous,2,2,0,2,1,1,0,2,0,0.0,NaN,NaN,1,0,1,0,0,0,1,0,0,0,0,0,0,0,0,0,0,0,0,11,0,0,0,0,0,2,0,0,0,0,0,1,0,0,2,-1,0
D:\Others\assignment\FADI_WEDYAN_OOPS\Assignment-2\2\socket.io-client-java-master\src\test\java\io\socket\client\SSLConnectionTest.java,io.socket.client.SSLConnectionTest$Anonymous1,anonymous,0,0,0,0,1,1,0,1,0,0.0,NaN,NaN,1,0,1,0,0,0,1,0,0,0,0,0,0,0,0,0,0,0,0,5,1,0,0,0,0,1,0,0,0,0,0,0,0,0,5,-1,0
D:\Others\assignment\FADI_WEDYAN_OOPS\Assignment-2\2\socket.io-client-java-master\src\main\java\io\socket\parser\IOParser.java,io.socket.parser.IOParser,class,4,5,1,4,1,1,0,2,0,1.0,-1.0,-1.0,1,0,0,1,0,0,0,0,0,0,1,1,0,1,0,0,1,0,1,207,0,0,0,0,0,0,0,1,0,1,0,0,3,0,18,17,0
D:\Others\assignment\FADI_WEDYAN_OOPS\Assignment-2\2\socket.io-client-java-master\src\test\java\io\socket\client\ServerConnectionNamespaceTest.java,io.socket.client.ServerConnectionNamespaceTest,class,3,3,0,3,1,3,0,0,0,0.0,NaN,NaN,1,0,0,0,1,0,1,0,0,0,0,0,0,0,0,0,0,0,0,5,1,0,0,0,0,1,0,0,0,0,0,0,0,0,5,1,0
D:\Others\assignment\FADI_WEDYAN_OOPS\Assignment-2\2\socket.io-client-java-master\src\test\java\io\socket\client\ServerConnectionTest.java,io.socket.client.ServerConnectionTest$Anonymous9$Anonymous10,anonymous,0,0,0,0,1,1,0,1,0,0.0,NaN,NaN,1,0,1,0,0,0,1,0,0,0,0,0,0,0,0,0,0,0,0,5,0,0,0,0,0,0,0,0,0,0,0,0,0,0,2,-1,0
D:\Others\assignment\FADI_WEDYAN_OOPS\Assignment-2\2\socket.io-client-java-master\src\test\java\io\socket\client\executions\ConnectionFailure.java,io.socket.client.executions.ConnectionFailure$Anonymous2,anonymous,0,0,0,0,1,1,0,1,0,0.0,NaN,NaN,1,0,1,0,0,0,1,0,0,0,0,0,0,0,0,0,0,0,0,5,0,0,0,0,0,1,0,0,0,0,0,0,0,0,2,-1,0
D:\Others\assignment\FADI_WEDYAN_OOPS\Assignment-2\2\socket.io-client-java-master\src\test\java\io\socket\client\SocketTest.java,io.socket.client.SocketTest,class,10,10,0,10,13,2,0,29,0,0.0,0.0,0.0,11,0,11,0,0,0,11,0,0,0,1,0,0,1,0,0,0,0,1,206,0,0,0,1,1,47,3,39,0,27,1,12,0,0,93,1,0
D:\Others\assignment\FADI_WEDYAN_OOPS\Assignment-2\2\socket.io-client-java-master\src\main\java\io\socket\client\On.java,io.socket.client.On,class,4,7,3,4,2,1,0,1,1,0.0,NaN,NaN,2,1,1,1,0,0,1,0,0,0,0,0,0,0,0,0,0,0,0,16,1,0,0,0,0,0,0,0,0,0,0,1,1,0,5,1,0
D:\Others\assignment\FADI_WEDYAN_OOPS\Assignment-2\2\socket.io-client-java-master\src\main\java\io\socket\hasbinary\HasBinary.java,io.socket.hasbinary.HasBinary,class,4,7,3,4,14,1,0,10,3,0.6666667,NaN,NaN,3,2,1,2,0,0,1,0,0,0,1,1,0,1,0,0,1,0,4,50,8,2,1,2,0,2,1,9,0,9,3,0,0,0,30,1,0
D:\Others\assignment\FADI_WEDYAN_OOPS\Assignment-2\2\socket.io-client-java-master\src\test\java\io\socket\parser\Helpers.java,io.socket.parser.Helpers$Anonymous1,anonymous,3,3,0,3,1,1,0,2,0,0.0,NaN,NaN,1,0,1,0,0,0,1,0,0,0,0,0,0,0,0,0,0,0,0,12,0,0,0,0,0,0,1,1,0,1,0,1,0,0,4,-1,0
D:\Others\assignment\FADI_WEDYAN_OOPS\Assignment-2\2\socket.io-client-java-master\src\test\java\io\socket\client\ConnectionTest.java,io.socket.client.ConnectionTest$Anonymous71$Anonymous72,anonymous,0,0,0,0,1,1,0,1,0,0.0,NaN,NaN,1,0,1,0,0,0,1,0,0,0,0,0,0,0,0,0,0,0,0,5,0,0,0,0,0,0,1,0,0,0,0,0,0,0,2,-1,0
D:\Others\assignment\FADI_WEDYAN_OOPS\Assignment-2\2\socket.io-client-java-master\src\main\java\io\socket\client\Socket.java,io.socket.client.Socket,class,12,95,83,12,58,2,0,43,202,0.90500003,0.0,0.0,25,1,12,13,0,0,12,0,0,0,16,6,3,10,1,2,7,0,9,363,17,4,8,2,4,22,4,38,1,33,3,8,0,0,136,1,0
D:\Others\assignment\FADI_WEDYAN_OOPS\Assignment-2\2\socket.io-client-java-master\src\test\java\io\socket\parser\Helpers.java,io.socket.parser.Helpers$Anonymous3,anonymous,4,4,0,4,4,1,0,3,0,0.0,NaN,NaN,1,0,1,0,0,0,1,0,0,0,0,0,0,0,0,0,0,0,0,21,0,1,0,0,0,0,0,1,0,1,2,1,0,0,6,-1,0
D:\Others\assignment\FADI_WEDYAN_OOPS\Assignment-2\2\socket.io-client-java-master\src\main\java\io\socket\parser\Parser.java,io.socket.parser.Parser$Decoder$Callback,interface,1,1,0,1,1,1,0,0,0,0.0,NaN,NaN,1,0,0,0,0,1,1,0,0,0,0,0,0,0,0,0,0,0,0,3,0,0,0,0,0,0,0,0,0,0,0,0,0,0,4,0,0
D:\Others\assignment\FADI_WEDYAN_OOPS\Assignment-2\2\socket.io-client-java-master\src\main\java\io\socket\client\Manager.java,io.socket.client.Manager$Anonymous10,anonymous,1,1,0,1,1,1,0,1,0,0.0,NaN,NaN,1,0,1,0,0,0,1,0,0,0,0,0,0,0,0,0,0,0,0,5,0,0,0,0,0,0,1,0,0,0,0,0,0,0,2,-1,0
D:\Others\assignment\FADI_WEDYAN_OOPS\Assignment-2\2\socket.io-client-java-master\src\main\java\io\socket\client\Manager.java,io.socket.client.Manager$Anonymous11,anonymous,2,2,0,2,1,1,0,1,0,0.0,NaN,NaN,1,0,1,0,0,0,1,0,0,0,0,0,0,0,0,0,0,0,0,5,0,0,0,0,0,0,0,0,0,0,0,0,0,0,3,-1,0
D:\Others\assignment\FADI_WEDYAN_OOPS\Assignment-2\2\socket.io-client-java-master\src\main\java\io\socket\client\Manager.java,io.socket.client.Manager$Anonymous12,anonymous,2,2,0,2,4,1,0,2,0,0.0,NaN,NaN,1,0,1,0,0,0,1,0,0,0,0,0,0,0,0,0,0,0,0,14,0,1,0,0,0,0,0,1,0,0,2,0,0,0,6,-1,0
D:\Others\assignment\FADI_WEDYAN_OOPS\Assignment-2\2\socket.io-client-java-master\src\test\java\io\socket\client\ConnectionTest.java,io.socket.client.ConnectionTest$Anonymous43$Anonymous44,anonymous,0,0,0,0,1,1,0,1,0,0.0,NaN,NaN,1,0,1,0,0,0,1,0,0,0,0,0,0,0,0,0,0,0,0,5,0,0,0,0,0,1,0,0,0,0,0,0,0,0,2,-1,0
D:\Others\assignment\FADI_WEDYAN_OOPS\Assignment-2\2\socket.io-client-java-master\src\test\java\io\socket\client\ConnectionTest.java,io.socket.client.ConnectionTest$Anonymous8$Anonymous10,anonymous,1,1,0,1,1,1,0,1,0,0.0,NaN,NaN,1,0,1,0,0,0,1,0,0,0,0,0,0,0,0,0,0,0,0,6,0,0,0,0,0,0,1,1,0,1,0,0,0,0,3,-1,0
D:\Others\assignment\FADI_WEDYAN_OOPS\Assignment-2\2\socket.io-client-java-master\src\main\java\io\socket\client\Manager.java,io.socket.client.Manager$Anonymous13,anonymous,0,0,0,0,1,1,0,1,0,0.0,NaN,NaN,1,0,1,0,0,0,1,0,0,0,0,0,0,0,0,0,0,0,0,29,0,0,0,0,0,0,0,0,0,0,0,1,0,0,2,-1,0
D:\Others\assignment\FADI_WEDYAN_OOPS\Assignment-2\2\socket.io-client-java-master\src\test\java\io\socket\client\ConnectionTest.java,io.socket.client.ConnectionTest$Anonymous45$Anonymous47,anonymous,0,0,0,0,1,1,0,1,0,0.0,NaN,NaN,1,0,1,0,0,0,1,0,0,0,0,0,0,0,0,0,0,0,0,12,0,0,0,0,0,0,1,0,0,0,0,1,0,0,4,-1,0
D:\Others\assignment\FADI_WEDYAN_OOPS\Assignment-2\2\socket.io-client-java-master\src\main\java\io\socket\client\Manager.java,io.socket.client.Manager$Anonymous16,anonymous,0,0,0,0,1,1,0,1,0,0.0,NaN,NaN,1,0,1,0,0,0,1,0,0,0,0,0,0,0,0,0,0,0,0,5,0,0,0,0,0,0,0,0,0,0,0,0,0,0,1,-1,0
D:\Others\assignment\FADI_WEDYAN_OOPS\Assignment-2\2\socket.io-client-java-master\src\test\java\io\socket\client\ConnectionTest.java,io.socket.client.ConnectionTest$Anonymous45$Anonymous46,anonymous,0,0,0,0,1,1,0,1,0,0.0,NaN,NaN,1,0,1,0,0,0,1,0,0,0,0,0,0,0,0,0,0,0,0,5,0,0,0,0,0,0,0,0,0,0,0,0,0,0,3,-1,0
D:\Others\assignment\FADI_WEDYAN_OOPS\Assignment-2\2\socket.io-client-java-master\src\test\java\io\socket\client\ConnectionTest.java,io.socket.client.ConnectionTest$Anonymous37$Anonymous38,anonymous,0,0,0,0,1,1,0,1,0,0.0,NaN,NaN,1,0,1,0,0,0,1,0,0,0,0,0,0,0,0,0,0,0,0,5,0,0,0,0,0,0,0,0,0,0,0,0,0,0,3,-1,0
D:\Others\assignment\FADI_WEDYAN_OOPS\Assignment-2\2\socket.io-client-java-master\src\main\java\io\socket\client\Socket.java,io.socket.client.Socket$Anonymous2$Anonymous5,anonymous,0,0,0,0,2,1,0,1,0,0.0,NaN,NaN,1,0,1,0,0,0,1,0,0,0,0,0,0,0,0,0,0,0,0,7,0,0,0,0,0,0,1,0,0,0,1,0,0,0,2,-1,0
D:\Others\assignment\FADI_WEDYAN_OOPS\Assignment-2\2\socket.io-client-java-master\src\main\java\io\socket\client\Socket.java,io.socket.client.Socket$Anonymous2$Anonymous6,anonymous,1,1,0,1,2,1,0,1,0,0.0,NaN,NaN,1,0,1,0,0,0,1,0,0,0,0,0,0,0,0,0,0,0,0,5,0,0,0,0,0,0,2,0,0,0,0,0,0,0,3,-1,0
D:\Others\assignment\FADI_WEDYAN_OOPS\Assignment-2\2\socket.io-client-java-master\src\main\java\io\socket\client\Socket.java,io.socket.client.Socket$Anonymous2$Anonymous3,anonymous,1,1,0,1,1,1,0,1,0,0.0,NaN,NaN,1,0,1,0,0,0,1,0,0,0,0,0,0,0,0,0,0,0,0,5,0,0,0,0,0,0,0,0,0,0,0,0,0,0,2,-1,0
D:\Others\assignment\FADI_WEDYAN_OOPS\Assignment-2\2\socket.io-client-java-master\src\test\java\io\socket\client\ConnectionTest.java,io.socket.client.ConnectionTest$Anonymous37$Anonymous39,anonymous,0,0,0,0,1,1,0,1,0,0.0,NaN,NaN,1,0,1,0,0,0,1,0,0,0,0,0,0,0,0,0,0,0,0,5,0,0,0,0,0,0,0,0,0,0,0,0,0,0,2,-1,0
D:\Others\assignment\FADI_WEDYAN_OOPS\Assignment-2\2\socket.io-client-java-master\src\main\java\io\socket\client\Socket.java,io.socket.client.Socket$Anonymous2$Anonymous4,anonymous,2,2,0,2,1,1,0,1,0,0.0,NaN,NaN,1,0,1,0,0,0,1,0,0,0,0,0,0,0,0,0,0,0,0,5,0,0,0,0,0,0,1,0,0,0,0,0,0,0,2,-1,0
D:\Others\assignment\FADI_WEDYAN_OOPS\Assignment-2\2\socket.io-client-java-master\src\test\java\io\socket\client\ConnectionTest.java,io.socket.client.ConnectionTest$Anonymous50$Anonymous51,anonymous,1,1,0,1,1,1,0,2,0,0.0,NaN,NaN,1,0,1,0,0,0,1,0,0,0,0,0,0,0,0,0,0,0,0,6,0,0,0,0,0,1,0,0,0,0,0,0,0,0,2,-1,0
D:\Others\assignment\FADI_WEDYAN_OOPS\Assignment-2\2\socket.io-client-java-master\src\test\java\io\socket\client\SocketTest.java,io.socket.client.SocketTest$Anonymous3$Anonymous4,anonymous,2,2,0,2,1,1,0,3,0,0.0,NaN,NaN,1,0,1,0,0,0,1,0,0,0,0,0,0,0,0,0,0,0,1,5,0,0,0,0,0,0,0,0,0,0,0,0,0,0,2,-1,0
D:\Others\assignment\FADI_WEDYAN_OOPS\Assignment-2\2\socket.io-client-java-master\src\test\java\io\socket\client\SSLConnectionTest.java,io.socket.client.SSLConnectionTest$Anonymous4$Anonymous5,anonymous,0,0,0,0,1,1,0,1,0,0.0,NaN,NaN,1,0,1,0,0,0,1,0,0,0,0,0,0,0,0,0,0,0,0,5,0,0,0,0,0,1,0,0,0,0,0,0,0,0,2,-1,0
D:\Others\assignment\FADI_WEDYAN_OOPS\Assignment-2\2\socket.io-client-java-master\src\main\java\io\socket\parser\Parser.java,io.socket.parser.Parser,interface,0,1,1,0,0,1,0,0,0,NaN,-1.0,-1.0,0,0,0,0,0,0,0,0,0,0,9,0,0,0,0,9,0,0,0,26,0,0,0,0,0,7,8,9,0,9,0,0,2,0,20,1,0
D:\Others\assignment\FADI_WEDYAN_OOPS\Assignment-2\2\socket.io-client-java-master\src\test\java\io\socket\client\ConnectionTest.java,io.socket.client.ConnectionTest,class,15,15,0,15,32,2,0,28,0,0.06451613,0.0,0.0,31,0,31,0,0,0,31,0,0,0,1,0,0,1,0,0,0,0,9,800,0,1,0,0,1,43,44,137,2,79,1,41,0,0,133,1,0
D:\Others\assignment\FADI_WEDYAN_OOPS\Assignment-2\2\socket.io-client-java-master\src\test\java\io\socket\parser\Helpers.java,io.socket.parser.Helpers$Anonymous3$Anonymous4,anonymous,2,2,0,2,1,1,0,1,0,0.0,NaN,NaN,1,0,1,0,0,0,1,0,0,0,0,0,0,0,0,0,0,0,1,7,0,0,0,0,0,0,1,2,0,0,0,0,0,0,6,-1,0
D:\Others\assignment\FADI_WEDYAN_OOPS\Assignment-2\2\socket.io-client-java-master\src\test\java\io\socket\client\Connection.java,io.socket.client.Connection$Anonymous1,anonymous,0,0,0,0,3,1,0,6,0,0.0,NaN,NaN,1,0,1,0,0,0,1,0,0,0,0,0,0,0,0,0,0,0,0,17,0,1,1,1,1,1,0,3,1,2,2,0,0,0,12,-1,0
D:\Others\assignment\FADI_WEDYAN_OOPS\Assignment-2\2\socket.io-client-java-master\src\test\java\io\socket\client\Connection.java,io.socket.client.Connection$Anonymous2,anonymous,0,0,0,0,3,1,0,5,0,0.0,NaN,NaN,1,0,1,0,0,0,1,0,0,0,0,0,0,0,0,0,0,0,0,14,0,1,1,1,1,1,0,2,1,2,2,0,0,0,12,-1,0
D:\Others\assignment\FADI_WEDYAN_OOPS\Assignment-2\2\socket.io-client-java-master\src\main\java\io\socket\parser\Parser.java,io.socket.parser.Parser$Decoder,interface,2,2,0,2,4,1,0,0,6,0.0,0.0,0.0,4,0,0,0,0,4,4,0,0,0,0,0,0,0,0,0,0,0,0,9,0,0,0,0,0,0,0,0,0,0,0,0,1,0,8,0,0
D:\Others\assignment\FADI_WEDYAN_OOPS\Assignment-2\2\socket.io-client-java-master\src\test\java\io\socket\client\ServerConnectionTest.java,io.socket.client.ServerConnectionTest$Anonymous14,anonymous,2,2,0,2,1,1,0,3,0,0.0,NaN,NaN,1,0,1,0,0,0,1,0,0,0,0,0,0,0,0,0,0,0,0,11,0,0,0,0,0,0,0,0,0,0,0,1,0,0,2,-1,0
D:\Others\assignment\FADI_WEDYAN_OOPS\Assignment-2\2\socket.io-client-java-master\src\test\java\io\socket\client\ServerConnectionTest.java,io.socket.client.ServerConnectionTest$Anonymous11,anonymous,2,2,0,2,1,1,0,2,0,0.0,NaN,NaN,1,0,1,0,0,0,1,0,0,0,0,0,0,0,0,0,0,0,0,19,0,0,0,0,0,3,0,0,0,0,0,2,0,0,2,-1,0
D:\Others\assignment\FADI_WEDYAN_OOPS\Assignment-2\2\socket.io-client-java-master\src\main\java\io\socket\client\On.java,io.socket.client.On$Handle,interface,0,0,0,0,1,1,0,0,0,0.0,NaN,NaN,1,0,0,0,0,1,1,0,0,0,0,0,0,0,0,0,0,0,0,3,0,0,0,0,0,0,0,0,0,0,0,0,0,0,2,1,0
D:\Others\assignment\FADI_WEDYAN_OOPS\Assignment-2\2\socket.io-client-java-master\src\test\java\io\socket\client\SSLConnectionTest.java,io.socket.client.SSLConnectionTest,class,11,12,1,11,10,2,0,28,15,0.6428572,0.0,0.0,7,1,3,1,0,3,7,0,0,0,2,1,0,2,0,0,0,0,10,90,3,0,0,1,0,11,1,15,2,11,1,3,0,0,56,1,0
D:\Others\assignment\FADI_WEDYAN_OOPS\Assignment-2\2\socket.io-client-java-master\src\test\java\io\socket\client\SocketTest.java,io.socket.client.SocketTest$Anonymous14$Anonymous15,anonymous,0,0,0,0,1,1,0,1,0,0.0,NaN,NaN,1,0,1,0,0,0,1,0,0,0,0,0,0,0,0,0,0,0,0,5,0,0,0,0,0,0,1,0,0,0,0,0,0,0,2,-1,0
D:\Others\assignment\FADI_WEDYAN_OOPS\Assignment-2\2\socket.io-client-java-master\src\test\java\io\socket\client\ServerConnectionTest.java,io.socket.client.ServerConnectionTest$Anonymous18,anonymous,0,0,0,0,1,1,0,1,0,0.0,NaN,NaN,1,0,1,0,0,0,1,0,0,0,0,0,0,0,0,0,0,0,0,5,0,0,0,0,0,0,0,0,0,0,0,0,0,0,2,-1,0
D:\Others\assignment\FADI_WEDYAN_OOPS\Assignment-2\2\socket.io-client-java-master\src\main\java\io\socket\client\Url.java,io.socket.client.Url$ParsedURI,innerclass,0,0,0,0,1,1,0,0,0,0.0,NaN,NaN,1,0,1,0,0,0,1,0,0,0,2,0,2,0,0,0,2,0,0,8,0,0,0,0,0,0,0,2,0,2,0,0,0,0,6,8,0
D:\Others\assignment\FADI_WEDYAN_OOPS\Assignment-2\2\socket.io-client-java-master\src\test\java\io\socket\client\ServerConnectionTest.java,io.socket.client.ServerConnectionTest$Anonymous16,anonymous,3,3,0,3,1,1,0,3,0,0.0,NaN,NaN,1,0,1,0,0,0,1,0,0,0,0,0,0,0,0,0,0,0,0,12,0,0,0,0,0,0,0,1,0,0,0,1,0,0,4,-1,0
D:\Others\assignment\FADI_WEDYAN_OOPS\Assignment-2\2\socket.io-client-java-master\src\test\java\io\socket\client\ServerConnectionTest.java,io.socket.client.ServerConnectionTest$Anonymous19,anonymous,1,1,0,1,1,1,0,1,0,0.0,NaN,NaN,1,0,1,0,0,0,1,0,0,0,0,0,0,0,0,0,0,0,0,5,0,0,0,0,0,2,0,0,0,0,0,0,0,0,2,-1,0
D:\Others\assignment\FADI_WEDYAN_OOPS\Assignment-2\2\socket.io-client-java-master\src\main\java\io\socket\client\Manager.java,io.socket.client.Manager,class,22,46,24,22,64,4,0,46,350,0.920821,0.0,0.0,33,0,21,9,0,3,24,0,3,0,31,12,9,17,0,5,10,0,6,433,19,2,18,0,1,18,9,50,0,40,3,8,4,0,128,1,0
D:\Others\assignment\FADI_WEDYAN_OOPS\Assignment-2\2\socket.io-client-java-master\src\test\java\io\socket\client\ConnectionTest.java,io.socket.client.ConnectionTest$Anonymous31$Anonymous33,anonymous,0,0,0,0,1,1,0,1,0,0.0,NaN,NaN,1,0,1,0,0,0,1,0,0,0,0,0,0,0,0,0,0,0,0,5,0,0,0,0,0,0,1,0,0,0,0,0,0,0,2,-1,0
D:\Others\assignment\FADI_WEDYAN_OOPS\Assignment-2\2\socket.io-client-java-master\src\test\java\io\socket\client\ExecutionTest.java,io.socket.client.ExecutionTest,class,5,6,1,5,5,2,0,14,0,0.5,0.0,0.0,4,0,3,1,0,0,3,0,0,0,2,2,0,1,0,1,2,0,3,23,0,1,1,0,1,6,3,5,3,5,1,0,0,0,31,1,0
D:\Others\assignment\FADI_WEDYAN_OOPS\Assignment-2\2\socket.io-client-java-master\src\main\java\io\socket\backo\Backoff.java,io.socket.backo.Backoff,class,1,5,4,1,11,1,0,12,14,0.725,0.0,0.0,8,0,8,0,0,0,8,0,0,0,5,0,0,5,0,0,0,0,7,40,6,0,2,0,2,0,8,12,1,8,1,0,0,0,21,1,0
D:\Others\assignment\FADI_WEDYAN_OOPS\Assignment-2\2\socket.io-client-java-master\src\test\java\io\socket\client\ConnectionTest.java,io.socket.client.ConnectionTest$Anonymous1,anonymous,2,2,0,2,1,1,0,2,0,0.0,NaN,NaN,1,0,1,0,0,0,1,0,0,0,0,0,0,0,0,0,0,0,0,11,0,0,0,0,0,2,0,0,0,0,0,1,0,0,2,-1,0
D:\Others\assignment\FADI_WEDYAN_OOPS\Assignment-2\2\socket.io-client-java-master\src\test\java\io\socket\client\ConnectionTest.java,io.socket.client.ConnectionTest$Anonymous3,anonymous,2,2,0,2,1,1,0,2,0,0.0,NaN,NaN,1,0,1,0,0,0,1,0,0,0,0,0,0,0,0,0,0,0,0,33,0,0,0,0,0,3,0,0,0,0,0,2,0,0,2,-1,0
D:\Others\assignment\FADI_WEDYAN_OOPS\Assignment-2\2\socket.io-client-java-master\src\main\java\io\socket\parser\IOParser.java,io.socket.parser.IOParser$Decoder,innerclass,10,10,0,10,47,1,0,20,3,0.42857143,0.0,0.0,7,2,5,2,0,0,5,0,0,0,2,0,0,1,0,1,0,0,8,134,6,3,17,2,2,10,17,21,10,13,4,0,0,0,69,25,0
D:\Others\assignment\FADI_WEDYAN_OOPS\Assignment-2\2\socket.io-client-java-master\src\test\java\io\socket\client\ConnectionTest.java,io.socket.client.ConnectionTest$Anonymous6,anonymous,3,3,0,3,2,1,0,1,0,0.0,NaN,NaN,1,0,1,0,0,0,1,0,0,0,0,0,0,0,0,0,0,0,0,15,0,0,0,1,0,2,0,0,0,0,1,1,0,0,13,-1,0
D:\Others\assignment\FADI_WEDYAN_OOPS\Assignment-2\2\socket.io-client-java-master\src\test\java\io\socket\client\ConnectionTest.java,io.socket.client.ConnectionTest$Anonymous8,anonymous,2,2,0,2,1,1,0,2,0,0.0,NaN,NaN,1,0,1,0,0,0,1,0,0,0,0,0,0,0,0,0,0,0,0,19,0,0,0,0,0,3,0,0,0,0,0,2,0,0,2,-1,0
D:\Others\assignment\FADI_WEDYAN_OOPS\Assignment-2\2\socket.io-client-java-master\src\test\java\io\socket\client\ServerConnectionTest.java,io.socket.client.ServerConnectionTest$Anonymous16$Anonymous17,anonymous,1,1,0,1,1,1,0,1,0,0.0,NaN,NaN,1,0,1,0,0,0,1,0,0,0,0,0,0,0,0,0,0,0,0,5,0,0,0,0,0,2,0,0,0,0,0,0,0,0,2,-1,0
D:\Others\assignment\FADI_WEDYAN_OOPS\Assignment-2\2\socket.io-client-java-master\src\test\java\io\socket\client\ConnectionTest.java,io.socket.client.ConnectionTest$Anonymous31$Anonymous32,anonymous,0,0,0,0,1,1,0,0,0,0.0,NaN,NaN,1,0,1,0,0,0,1,0,0,0,0,0,0,0,0,0,0,0,0,5,0,0,0,0,0,0,1,0,0,0,0,0,0,0,2,-1,0
