file,class,type,cbo,cboModified,fanin,fanout,wmc,dit,noc,rfc,lcom,lcom*,tcc,lcc,totalMethodsQty,staticMethodsQty,publicMethodsQty,privateMethodsQty,protectedMethodsQty,defaultMethodsQty,visibleMethodsQty,abstractMethodsQty,finalMethodsQty,synchronizedMethodsQty,totalFieldsQty,staticFieldsQty,publicFieldsQty,privateFieldsQty,protectedFieldsQty,defaultFieldsQty,finalFieldsQty,synchronizedFieldsQty,nosi,loc,returnQty,loopQty,comparisonsQty,tryCatchQty,parenthesizedExpsQty,stringLiteralsQty,numbersQty,assignmentsQty,mathOperationsQty,variablesQty,maxNestedBlocksQty,anonymousClassesQty,innerClassesQty,lambdasQty,uniqueWordsQty,modifiers,logStatementsQty
D:\Others\assignment\FADI_WEDYAN_OOPS\Final_Project_Repos\sunflow-0.07.2\sunflow-0.07.2\src\org\sunflow\core\ShadingState.java,org.sunflow.core.ShadingState,class,22,97,75,22,92,1,0,58,1231,0.9174129,0.0,0.0,67,7,53,1,0,13,66,0,58,0,28,0,0,28,0,0,0,0,32,405,59,4,5,0,11,0,62,109,50,70,3,0,1,0,362,17,0
D:\Others\assignment\FADI_WEDYAN_OOPS\Final_Project_Repos\sunflow-0.07.2\sunflow-0.07.2\src\org\sunflow\core\gi\InstantGI.java,org.sunflow.core.gi.InstantGI$PointLightStore,innerclass,6,6,0,6,7,1,0,4,21,0.85714287,0.0,0.0,7,0,7,0,0,0,7,0,0,0,1,0,0,0,0,1,0,0,0,29,4,0,0,0,0,0,0,5,0,2,1,0,0,0,29,2,0
D:\Others\assignment\FADI_WEDYAN_OOPS\Final_Project_Repos\sunflow-0.07.2\sunflow-0.07.2\src\org\sunflow\core\LightServer.java,org.sunflow.core.LightServer,class,22,26,4,22,99,1,0,63,160,0.8466387,0.0,0.0,28,1,0,5,0,23,23,0,1,2,17,0,0,17,0,0,0,0,46,357,39,8,34,1,15,41,50,96,22,61,3,1,2,0,125,0,8
D:\Others\assignment\FADI_WEDYAN_OOPS\Final_Project_Repos\sunflow-0.07.2\sunflow-0.07.2\src\org\sunflow\Benchmark.java,org.sunflow.Benchmark,class,12,14,2,12,40,2,0,21,106,0.8382353,0.0,0.0,17,1,17,0,0,0,17,0,0,0,8,0,0,8,0,0,0,0,16,189,1,6,8,1,12,14,41,32,13,25,3,0,1,0,102,1,0
D:\Others\assignment\FADI_WEDYAN_OOPS\Final_Project_Repos\sunflow-0.07.2\sunflow-0.07.2\src\org\sunflow\system\BenchmarkFramework.java,org.sunflow.system.BenchmarkFramework,class,3,4,1,3,12,1,0,13,0,0.0,0.0,0.0,2,0,2,0,0,0,2,0,0,0,2,0,0,2,0,0,0,0,17,49,1,5,4,0,5,8,10,21,8,13,2,0,0,0,35,1,0
D:\Others\assignment\FADI_WEDYAN_OOPS\Final_Project_Repos\sunflow-0.07.2\sunflow-0.07.2\src\org\sunflow\core\filter\BlackmanHarrisFilter.java,org.sunflow.core.filter.BlackmanHarrisFilter,class,2,4,2,2,6,1,0,2,2,0.5,0.0,0.0,4,0,3,1,0,0,3,0,0,0,1,0,0,1,0,0,0,0,3,22,4,0,0,0,3,0,14,7,16,6,1,0,0,0,15,1,0
D:\Others\assignment\FADI_WEDYAN_OOPS\Final_Project_Repos\sunflow-0.07.2\sunflow-0.07.2\src\org\sunflow\core\parser\TriParser.java,org.sunflow.core.parser.TriParser,class,8,9,1,8,7,1,0,21,0,0.0,NaN,NaN,1,0,1,0,0,0,1,0,0,0,0,0,0,0,0,0,0,0,1,48,3,4,0,1,1,12,23,19,18,11,2,0,0,0,40,1,0
D:\Others\assignment\FADI_WEDYAN_OOPS\Final_Project_Repos\sunflow-0.07.2\sunflow-0.07.2\src\org\sunflow\core\Scene.java,org.sunflow.core.Scene,class,25,41,16,25,39,1,0,43,42,0.7875,0.0,0.0,16,0,12,0,0,4,16,0,0,0,15,0,0,15,0,0,0,0,21,164,13,2,12,0,3,26,21,54,7,26,3,0,0,0,216,1,0
D:\Others\assignment\FADI_WEDYAN_OOPS\Final_Project_Repos\sunflow-0.07.2\sunflow-0.07.2\src\SunflowGUI.java,SunflowGUI$Anonymous28,anonymous,0,0,0,0,2,1,0,3,0,0.0,NaN,NaN,1,0,1,0,0,0,1,0,0,0,0,0,0,0,0,0,0,0,0,10,0,0,0,0,1,2,1,2,2,1,1,0,0,0,9,-1,0
D:\Others\assignment\FADI_WEDYAN_OOPS\Final_Project_Repos\sunflow-0.07.2\sunflow-0.07.2\src\org\sunflow\core\bucket\SpiralBucketOrder.java,org.sunflow.core.bucket.SpiralBucketOrder,class,2,3,1,2,7,1,0,1,0,0.0,NaN,NaN,1,0,1,0,0,0,1,0,0,0,0,0,0,0,0,0,0,0,2,40,1,2,1,0,10,0,18,17,36,9,3,0,0,0,16,1,0
D:\Others\assignment\FADI_WEDYAN_OOPS\Final_Project_Repos\sunflow-0.07.2\sunflow-0.07.2\src\SunflowGUI.java,SunflowGUI$Anonymous29,anonymous,0,0,0,0,1,1,0,5,0,0.0,NaN,NaN,1,0,1,0,0,0,1,0,0,0,0,0,0,0,0,0,0,0,0,8,0,0,0,0,0,1,0,0,0,0,0,0,0,0,2,-1,0
D:\Others\assignment\FADI_WEDYAN_OOPS\Final_Project_Repos\sunflow-0.07.2\sunflow-0.07.2\src\SunflowGUI.java,SunflowGUI$Anonymous22,anonymous,1,1,0,1,1,1,0,1,0,0.0,NaN,NaN,1,0,1,0,0,0,1,0,0,0,0,0,0,0,0,0,0,0,0,5,0,0,0,0,0,0,0,0,0,0,0,0,0,0,8,-1,0
D:\Others\assignment\FADI_WEDYAN_OOPS\Final_Project_Repos\sunflow-0.07.2\sunflow-0.07.2\src\SunflowGUI.java,SunflowGUI$Anonymous23,anonymous,1,1,0,1,1,1,0,1,0,0.0,NaN,NaN,1,0,1,0,0,0,1,0,0,0,0,0,0,0,0,0,0,0,0,5,0,0,0,0,0,0,0,0,0,0,0,0,0,0,9,-1,0
D:\Others\assignment\FADI_WEDYAN_OOPS\Final_Project_Repos\sunflow-0.07.2\sunflow-0.07.2\src\org\sunflow\Benchmark.java,org.sunflow.Benchmark$BenchmarkScene,innerclass,18,18,0,18,5,2,0,28,6,0.0,0.0,0.0,4,0,2,2,0,0,2,0,0,0,0,0,0,0,0,0,0,0,12,83,0,0,0,0,0,73,120,13,13,13,0,0,0,0,48,2,0
D:\Others\assignment\FADI_WEDYAN_OOPS\Final_Project_Repos\sunflow-0.07.2\sunflow-0.07.2\src\SunflowGUI.java,SunflowGUI$Anonymous20,anonymous,1,1,0,1,1,1,0,1,0,0.0,NaN,NaN,1,0,1,0,0,0,1,0,0,0,0,0,0,0,0,0,0,0,0,5,0,0,0,0,0,0,0,0,0,0,0,0,0,0,9,-1,0
D:\Others\assignment\FADI_WEDYAN_OOPS\Final_Project_Repos\sunflow-0.07.2\sunflow-0.07.2\src\SunflowGUI.java,SunflowGUI$Anonymous21,anonymous,1,1,0,1,1,1,0,1,0,0.0,NaN,NaN,1,0,1,0,0,0,1,0,0,0,0,0,0,0,0,0,0,0,0,5,0,0,0,0,0,0,0,0,0,0,0,0,0,0,8,-1,0
D:\Others\assignment\FADI_WEDYAN_OOPS\Final_Project_Repos\sunflow-0.07.2\sunflow-0.07.2\src\org\sunflow\core\shader\ViewIrradianceShader.java,org.sunflow.core.shader.ViewIrradianceShader,class,5,6,1,5,3,1,0,4,3,0.0,0.0,0.0,3,0,3,0,0,0,3,0,0,0,0,0,0,0,0,0,0,0,0,11,2,0,0,0,0,0,1,0,1,0,0,0,0,0,21,1,0
D:\Others\assignment\FADI_WEDYAN_OOPS\Final_Project_Repos\sunflow-0.07.2\sunflow-0.07.2\src\SunflowGUI.java,SunflowGUI$Anonymous26,anonymous,0,0,0,0,1,1,0,1,0,0.0,NaN,NaN,1,0,1,0,0,0,1,0,0,0,0,0,0,0,0,0,0,0,0,5,0,0,0,0,0,1,0,0,1,0,0,0,0,0,2,-1,0
D:\Others\assignment\FADI_WEDYAN_OOPS\Final_Project_Repos\sunflow-0.07.2\sunflow-0.07.2\src\SunflowGUI.java,SunflowGUI$Anonymous27,anonymous,0,0,0,0,1,1,0,6,0,0.0,NaN,NaN,1,0,1,0,0,0,1,0,0,0,0,0,0,0,0,0,0,0,0,10,0,0,0,0,0,0,0,0,0,0,0,0,0,0,7,-1,0
D:\Others\assignment\FADI_WEDYAN_OOPS\Final_Project_Repos\sunflow-0.07.2\sunflow-0.07.2\src\org\sunflow\core\Geometry.java,org.sunflow.core.Geometry,class,15,21,6,15,29,1,0,16,0,0.46969697,0.0,0.0,11,0,3,2,0,6,9,0,0,2,6,0,0,6,0,0,0,0,5,85,11,0,17,0,0,5,16,23,0,8,2,0,0,0,87,1,0
D:\Others\assignment\FADI_WEDYAN_OOPS\Final_Project_Repos\sunflow-0.07.2\sunflow-0.07.2\src\SunflowGUI.java,SunflowGUI$Anonymous24,anonymous,0,0,0,0,2,1,0,3,1,0.0,0.0,0.0,2,0,2,0,0,0,2,0,0,0,0,0,0,0,0,0,0,0,0,8,2,0,0,0,1,3,0,0,0,0,0,0,0,0,5,-1,0
D:\Others\assignment\FADI_WEDYAN_OOPS\Final_Project_Repos\sunflow-0.07.2\sunflow-0.07.2\src\org\sunflow\core\photonmap\CausticPhotonMap.java,org.sunflow.core.photonmap.CausticPhotonMap,class,17,19,2,17,51,1,0,42,28,0.76923084,0.0,0.0,13,0,9,4,0,0,9,0,0,0,12,0,0,12,0,0,0,0,17,346,8,9,5,0,27,11,69,86,52,45,3,0,2,0,141,17,0
D:\Others\assignment\FADI_WEDYAN_OOPS\Final_Project_Repos\sunflow-0.07.2\sunflow-0.07.2\src\SunflowGUI.java,SunflowGUI$Anonymous25,anonymous,4,4,0,4,7,1,0,18,0,0.0,NaN,NaN,1,0,1,0,0,0,1,0,0,0,0,0,0,0,0,0,0,0,5,35,0,1,2,2,0,4,0,4,0,2,3,0,0,0,33,-1,0
D:\Others\assignment\FADI_WEDYAN_OOPS\Final_Project_Repos\sunflow-0.07.2\sunflow-0.07.2\src\org\sunflow\RenderObjectMap.java,org.sunflow.RenderObjectMap$RenderObjectType,enum,0,0,0,0,0,1,0,0,0,0.0,-1.0,-1.0,0,0,0,0,0,0,0,0,0,0,0,0,0,0,0,0,0,0,0,1,0,0,0,0,0,0,0,0,0,0,0,0,0,0,10,2,0
D:\Others\assignment\FADI_WEDYAN_OOPS\Final_Project_Repos\sunflow-0.07.2\sunflow-0.07.2\src\org\sunflow\core\filter\CatmullRomFilter.java,org.sunflow.core.filter.CatmullRomFilter,class,2,4,2,2,5,1,0,2,3,0.0,0.0,0.0,3,0,2,1,0,0,2,0,0,0,0,0,0,0,0,0,0,0,1,16,5,0,0,0,0,0,10,3,12,2,1,0,0,0,10,1,0
D:\Others\assignment\FADI_WEDYAN_OOPS\Final_Project_Repos\sunflow-0.07.2\sunflow-0.07.2\src\org\sunflow\core\gi\IrradianceCacheGIEngine.java,org.sunflow.core.gi.IrradianceCacheGIEngine$Node,innerclass,4,4,0,4,18,1,0,8,0,0.33333334,0.0,0.0,3,0,0,0,0,3,3,0,2,0,6,0,0,0,0,6,0,0,10,37,2,3,3,0,15,0,12,19,31,14,3,0,0,0,29,18,0
D:\Others\assignment\FADI_WEDYAN_OOPS\Final_Project_Repos\sunflow-0.07.2\sunflow-0.07.2\src\org\sunflow\core\Display.java,org.sunflow.core.Display,interface,1,16,15,1,5,1,0,0,10,0.0,0.0,0.0,5,0,0,0,0,5,5,0,0,0,0,0,0,0,0,0,0,0,0,7,0,0,0,0,0,0,0,0,0,0,0,0,0,0,121,1,0
D:\Others\assignment\FADI_WEDYAN_OOPS\Final_Project_Repos\sunflow-0.07.2\sunflow-0.07.2\src\org\sunflow\math\MathUtils.java,org.sunflow.math.MathUtils,class,1,16,15,1,40,1,0,4,91,0.0,0.0,0.0,14,13,13,1,0,0,13,0,13,0,0,0,0,0,0,0,0,0,5,77,21,0,0,0,9,0,15,26,22,3,1,0,0,0,26,17,0
D:\Others\assignment\FADI_WEDYAN_OOPS\Final_Project_Repos\sunflow-0.07.2\sunflow-0.07.2\src\org\sunflow\core\photonmap\CausticPhotonMap.java,org.sunflow.core.photonmap.CausticPhotonMap$NearestPhotons,innerclass,3,3,0,3,15,1,0,1,0,0.083333336,0.0,0.0,3,0,0,0,0,3,3,0,0,0,6,0,0,2,2,2,0,0,0,75,0,3,0,0,4,0,15,39,6,15,6,0,0,0,29,10,0
D:\Others\assignment\FADI_WEDYAN_OOPS\Final_Project_Repos\sunflow-0.07.2\sunflow-0.07.2\src\SunflowGUI.java,SunflowGUI$Anonymous17,anonymous,1,1,0,1,1,1,0,1,0,0.0,NaN,NaN,1,0,1,0,0,0,1,0,0,0,0,0,0,0,0,0,0,0,0,5,0,0,0,0,0,0,0,0,0,0,0,0,0,0,5,-1,0
D:\Others\assignment\FADI_WEDYAN_OOPS\Final_Project_Repos\sunflow-0.07.2\sunflow-0.07.2\src\SunflowGUI.java,SunflowGUI$Anonymous18,anonymous,1,1,0,1,2,1,0,5,0,0.0,NaN,NaN,1,0,1,0,0,0,1,0,0,0,0,0,0,0,0,0,0,0,0,18,0,0,1,0,0,1,0,2,0,2,1,1,0,0,11,-1,0
D:\Others\assignment\FADI_WEDYAN_OOPS\Final_Project_Repos\sunflow-0.07.2\sunflow-0.07.2\src\org\sunflow\core\renderer\ProgressiveRenderer.java,org.sunflow.core.renderer.ProgressiveRenderer$SmallBucketThread,innerclass,3,3,0,3,4,2,0,3,0,0.0,NaN,NaN,1,0,1,0,0,0,1,0,0,0,0,0,0,0,0,0,0,0,2,14,2,1,0,0,0,0,0,3,0,2,3,0,0,0,14,2,0
D:\Others\assignment\FADI_WEDYAN_OOPS\Final_Project_Repos\sunflow-0.07.2\sunflow-0.07.2\src\org\sunflow\core\shader\MirrorShader.java,org.sunflow.core.shader.MirrorShader,class,7,9,2,7,6,1,0,17,0,0.0,0.0,0.0,4,0,4,0,0,0,4,0,0,0,1,0,0,1,0,0,0,0,1,43,4,0,0,0,6,1,8,21,18,13,1,0,0,0,33,1,0
D:\Others\assignment\FADI_WEDYAN_OOPS\Final_Project_Repos\sunflow-0.07.2\sunflow-0.07.2\src\SunflowGUI.java,SunflowGUI$Anonymous11,anonymous,1,1,0,1,2,1,0,2,0,0.0,NaN,NaN,1,0,1,0,0,0,1,0,0,0,0,0,0,0,0,0,0,0,0,5,0,0,0,0,0,0,0,0,0,0,1,0,0,0,8,-1,0
D:\Others\assignment\FADI_WEDYAN_OOPS\Final_Project_Repos\sunflow-0.07.2\sunflow-0.07.2\src\SunflowGUI.java,SunflowGUI$Anonymous12,anonymous,1,1,0,1,1,1,0,1,0,0.0,NaN,NaN,1,0,1,0,0,0,1,0,0,0,0,0,0,0,0,0,0,0,0,5,0,0,0,0,0,0,0,0,0,0,0,0,0,0,8,-1,0
D:\Others\assignment\FADI_WEDYAN_OOPS\Final_Project_Repos\sunflow-0.07.2\sunflow-0.07.2\src\SunflowGUI.java,SunflowGUI$Anonymous10,anonymous,0,0,0,0,1,1,0,1,0,0.0,NaN,NaN,1,0,1,0,0,0,1,0,0,0,0,0,0,0,0,0,0,0,1,5,0,0,0,0,0,0,1,0,0,0,0,0,0,0,5,-1,0
D:\Others\assignment\FADI_WEDYAN_OOPS\Final_Project_Repos\sunflow-0.07.2\sunflow-0.07.2\src\org\sunflow\core\bucket\ColumnBucketOrder.java,org.sunflow.core.bucket.ColumnBucketOrder,class,2,3,1,2,4,1,0,0,0,0.0,NaN,NaN,1,0,1,0,0,0,1,0,0,0,0,0,0,0,0,0,0,0,0,13,1,1,1,0,1,0,9,7,9,4,2,0,0,0,11,1,0
D:\Others\assignment\FADI_WEDYAN_OOPS\Final_Project_Repos\sunflow-0.07.2\sunflow-0.07.2\src\SunflowGUI.java,SunflowGUI$Anonymous15,anonymous,1,1,0,1,1,1,0,1,0,0.0,NaN,NaN,1,0,1,0,0,0,1,0,0,0,0,0,0,0,0,0,0,0,0,5,0,0,0,0,0,0,0,0,0,0,0,0,0,0,9,-1,0
D:\Others\assignment\FADI_WEDYAN_OOPS\Final_Project_Repos\sunflow-0.07.2\sunflow-0.07.2\src\org\sunflow\core\tesselatable\BezierMesh.java,org.sunflow.core.tesselatable.BezierMesh,class,22,26,4,22,91,1,2,46,16,0.65384614,0.0,0.0,13,0,10,3,0,0,10,0,0,0,4,0,0,4,0,0,0,0,8,414,13,29,7,0,83,16,345,291,390,160,5,0,0,0,165,1,0
D:\Others\assignment\FADI_WEDYAN_OOPS\Final_Project_Repos\sunflow-0.07.2\sunflow-0.07.2\src\SunflowGUI.java,SunflowGUI$Anonymous16,anonymous,1,1,0,1,1,1,0,1,0,0.0,NaN,NaN,1,0,1,0,0,0,1,0,0,0,0,0,0,0,0,0,0,0,0,5,0,0,0,0,0,0,0,0,0,0,0,0,0,0,5,-1,0
D:\Others\assignment\FADI_WEDYAN_OOPS\Final_Project_Repos\sunflow-0.07.2\sunflow-0.07.2\src\org\sunflow\core\modifiers\BumpMappingModifier.java,org.sunflow.core.modifiers.BumpMappingModifier,class,8,9,1,8,5,1,0,11,0,0.0,0.0,0.0,3,0,3,0,0,0,3,0,0,0,2,0,0,2,0,0,0,0,2,18,1,0,2,0,0,2,1,5,0,3,1,0,0,0,20,1,0
D:\Others\assignment\FADI_WEDYAN_OOPS\Final_Project_Repos\sunflow-0.07.2\sunflow-0.07.2\src\org\sunflow\core\shader\PhongShader.java,org.sunflow.core.shader.PhongShader,class,9,12,3,9,7,1,1,28,0,0.3,0.0,0.0,5,0,4,0,1,0,5,0,0,0,4,0,0,4,0,0,0,0,8,63,3,0,0,0,5,4,20,31,24,22,1,0,0,0,44,1,0
D:\Others\assignment\FADI_WEDYAN_OOPS\Final_Project_Repos\sunflow-0.07.2\sunflow-0.07.2\src\org\sunflow\core\shader\UVShader.java,org.sunflow.core.shader.UVShader,class,5,6,1,5,4,1,0,1,3,0.0,0.0,0.0,3,0,3,0,0,0,3,0,0,0,0,0,0,0,0,0,0,0,0,11,3,0,1,0,0,0,1,0,0,0,1,0,0,0,22,1,0
D:\Others\assignment\FADI_WEDYAN_OOPS\Final_Project_Repos\sunflow-0.07.2\sunflow-0.07.2\src\SunflowGUI.java,SunflowGUI$Anonymous13,anonymous,1,1,0,1,1,1,0,1,0,0.0,NaN,NaN,1,0,1,0,0,0,1,0,0,0,0,0,0,0,0,0,0,0,0,5,0,0,0,0,0,0,0,0,0,0,0,0,0,0,8,-1,0
D:\Others\assignment\FADI_WEDYAN_OOPS\Final_Project_Repos\sunflow-0.07.2\sunflow-0.07.2\src\SunflowGUI.java,SunflowGUI$Anonymous14,anonymous,1,1,0,1,1,1,0,1,0,0.0,NaN,NaN,1,0,1,0,0,0,1,0,0,0,0,0,0,0,0,0,0,0,0,5,0,0,0,0,0,0,0,0,0,0,0,0,0,0,10,-1,0
D:\Others\assignment\FADI_WEDYAN_OOPS\Final_Project_Repos\sunflow-0.07.2\sunflow-0.07.2\src\org\sunflow\image\BlackbodySpectrum.java,org.sunflow.image.BlackbodySpectrum,class,1,1,0,1,2,2,0,2,0,0.0,0.0,0.0,2,0,2,0,0,0,2,0,0,0,1,0,0,1,0,0,0,0,2,10,1,0,0,0,4,0,5,2,6,2,0,0,0,0,9,1,0
D:\Others\assignment\FADI_WEDYAN_OOPS\Final_Project_Repos\sunflow-0.07.2\sunflow-0.07.2\src\org\sunflow\core\shader\UberShader.java,org.sunflow.core.shader.UberShader,class,12,14,2,12,15,1,0,41,0,0.43750003,0.0,0.0,6,0,6,0,0,0,6,0,0,0,8,0,0,8,0,0,0,0,17,112,6,0,6,0,12,8,36,61,44,40,2,0,0,0,58,1,0
D:\Others\assignment\FADI_WEDYAN_OOPS\Final_Project_Repos\sunflow-0.07.2\sunflow-0.07.2\src\org\sunflow\core\ParameterList.java,org.sunflow.core.ParameterList$InterpolationType,enum,0,0,0,0,0,1,0,0,0,0.0,-1.0,-1.0,0,0,0,0,0,0,0,0,0,0,0,0,0,0,0,0,0,0,0,1,0,0,0,0,0,0,0,0,0,0,0,0,0,0,13,1,0
D:\Others\assignment\FADI_WEDYAN_OOPS\Final_Project_Repos\sunflow-0.07.2\sunflow-0.07.2\src\org\sunflow\core\ParameterList.java,org.sunflow.core.ParameterList$FloatParameter,innerclass,2,2,0,2,3,1,0,0,3,0.6666667,0.0,0.0,3,0,2,1,0,0,2,0,0,0,2,0,2,0,0,0,2,0,0,14,0,0,0,0,0,0,0,2,0,2,0,0,0,0,31,25,0
D:\Others\assignment\FADI_WEDYAN_OOPS\Final_Project_Repos\sunflow-0.07.2\sunflow-0.07.2\src\org\sunflow\system\RenderGlobalsPanel.java,org.sunflow.system.RenderGlobalsPanel,class,1,2,1,1,5,5,0,23,6,0.75,0.0,0.0,4,1,2,2,0,0,2,0,0,0,20,0,0,20,0,0,0,0,6,162,0,0,0,1,0,22,14,28,0,28,5,0,0,0,119,1,0
D:\Others\assignment\FADI_WEDYAN_OOPS\Final_Project_Repos\sunflow-0.07.2\sunflow-0.07.2\src\org\sunflow\core\ParameterList.java,org.sunflow.core.ParameterList$Parameter,innerclass,11,11,0,11,33,1,0,5,0,0.45652172,0.0,0.0,23,0,1,21,1,0,2,0,0,0,4,0,0,4,0,0,0,0,1,124,23,0,1,0,10,3,18,37,5,8,1,0,0,0,38,28,0
D:\Others\assignment\FADI_WEDYAN_OOPS\Final_Project_Repos\sunflow-0.07.2\sunflow-0.07.2\src\org\sunflow\core\filter\SincFilter.java,org.sunflow.core.filter.SincFilter,class,2,4,2,2,5,1,0,3,4,0.5,0.0,0.0,4,0,3,1,0,0,3,0,0,0,1,0,0,1,0,0,0,0,2,18,4,0,0,0,0,0,2,3,2,1,1,0,0,0,9,1,0
D:\Others\assignment\FADI_WEDYAN_OOPS\Final_Project_Repos\sunflow-0.07.2\sunflow-0.07.2\src\org\sunflow\core\shader\AnisotropicWardShader.java,org.sunflow.core.shader.AnisotropicWardShader,class,10,13,3,10,19,1,1,45,0,0.33333334,0.0,0.0,6,0,4,1,1,0,5,0,0,0,5,0,0,5,0,0,0,0,42,170,4,2,1,0,15,5,67,104,105,68,4,0,0,0,76,1,0
D:\Others\assignment\FADI_WEDYAN_OOPS\Final_Project_Repos\sunflow-0.07.2\sunflow-0.07.2\src\org\sunflow\core\shader\GlassShader.java,org.sunflow.core.shader.GlassShader,class,7,9,2,7,22,1,0,29,0,0.1,0.0,0.0,4,0,4,0,0,0,4,0,0,0,5,0,0,5,0,0,0,0,10,106,5,0,1,0,36,4,28,61,78,37,2,0,0,0,53,1,0
D:\Others\assignment\FADI_WEDYAN_OOPS\Final_Project_Repos\sunflow-0.07.2\sunflow-0.07.2\src\org\sunflow\core\shader\AmbientOcclusionShader.java,org.sunflow.core.shader.AmbientOcclusionShader,class,6,10,4,6,7,1,1,5,0,0.4166667,0.0,0.0,6,0,6,0,0,0,6,0,0,0,4,0,0,4,0,0,0,0,0,33,3,0,0,0,0,4,2,11,0,4,1,0,0,0,29,1,0
D:\Others\assignment\FADI_WEDYAN_OOPS\Final_Project_Repos\sunflow-0.07.2\sunflow-0.07.2\src\org\sunflow\system\ImagePanel.java,org.sunflow.system.ImagePanel$ScrollZoomListener,innerclass,2,2,0,2,11,3,0,11,4,0.5,0.0,0.0,4,0,4,0,0,0,4,0,0,0,4,0,0,0,0,4,0,0,0,44,1,0,1,0,1,0,2,12,5,6,2,0,0,0,27,2,0
D:\Others\assignment\FADI_WEDYAN_OOPS\Final_Project_Repos\sunflow-0.07.2\sunflow-0.07.2\src\org\sunflow\core\shader\WireframeShader.java,org.sunflow.core.shader.WireframeShader,class,9,11,2,9,10,1,0,13,1,0.5416667,0.0,0.0,6,0,6,0,0,0,6,0,0,0,4,0,0,4,0,0,0,0,4,49,6,2,0,0,10,3,13,27,41,17,2,0,0,0,41,1,0
D:\Others\assignment\FADI_WEDYAN_OOPS\Final_Project_Repos\sunflow-0.07.2\sunflow-0.07.2\src\org\sunflow\system\UI.java,org.sunflow.system.UI,class,6,61,55,6,19,1,0,9,8,0.5897436,0.0,0.0,13,12,12,1,0,0,12,0,12,9,3,3,0,3,0,0,0,0,7,49,2,0,1,0,0,3,5,8,0,3,1,0,2,0,77,17,0
D:\Others\assignment\FADI_WEDYAN_OOPS\Final_Project_Repos\sunflow-0.07.2\sunflow-0.07.2\src\org\sunflow\core\shader\TexturedPhongShader.java,org.sunflow.core.shader.TexturedPhongShader,class,7,8,1,7,5,2,0,6,0,0.0,0.0,0.0,3,0,3,0,0,0,3,0,0,0,1,0,0,1,0,0,0,0,1,14,2,0,2,0,0,1,0,3,0,2,1,0,0,0,21,1,0
D:\Others\assignment\FADI_WEDYAN_OOPS\Final_Project_Repos\sunflow-0.07.2\sunflow-0.07.2\src\org\sunflow\core\bucket\InvertedBucketOrder.java,org.sunflow.core.bucket.InvertedBucketOrder,class,2,3,1,2,3,1,0,1,0,0.0,0.0,0.0,2,0,2,0,0,0,2,0,0,0,1,0,0,1,0,0,0,0,0,20,1,1,0,0,0,0,12,12,10,6,1,0,0,0,12,1,0
D:\Others\assignment\FADI_WEDYAN_OOPS\Final_Project_Repos\sunflow-0.07.2\sunflow-0.07.2\src\org\sunflow\core\filter\TriangleFilter.java,org.sunflow.core.filter.TriangleFilter,class,1,2,1,1,3,1,0,1,0,0.33333334,0.0,0.0,3,0,3,0,0,0,3,0,0,0,1,0,0,1,0,0,0,0,2,13,2,0,0,0,3,0,4,2,7,2,0,0,0,0,9,1,0
D:\Others\assignment\FADI_WEDYAN_OOPS\Final_Project_Repos\sunflow-0.07.2\sunflow-0.07.2\src\org\sunflow\core\renderer\SimpleRenderer.java,org.sunflow.core.renderer.SimpleRenderer,class,10,12,2,10,9,2,0,14,0,0.37500003,0.0,0.0,3,0,3,0,0,0,3,0,0,0,5,0,0,5,0,0,0,0,4,68,1,4,1,1,4,2,21,23,14,21,2,0,1,0,53,1,0
D:\Others\assignment\FADI_WEDYAN_OOPS\Final_Project_Repos\sunflow-0.07.2\sunflow-0.07.2\src\org\sunflow\core\Texture.java,org.sunflow.core.Texture,class,7,18,11,7,15,1,0,15,0,0.5416667,0.0,0.0,6,0,4,1,0,1,5,0,0,1,4,0,0,4,0,0,0,0,3,72,7,0,6,1,16,2,37,35,44,29,2,0,0,0,91,1,0
D:\Others\assignment\FADI_WEDYAN_OOPS\Final_Project_Repos\sunflow-0.07.2\sunflow-0.07.2\src\SunflowGUI.java,SunflowGUI$Anonymous7,anonymous,1,1,0,1,1,1,0,1,0,0.0,NaN,NaN,1,0,1,0,0,0,1,0,0,0,0,0,0,0,0,0,0,0,0,5,0,0,0,0,0,0,0,0,0,0,0,0,0,0,9,-1,0
D:\Others\assignment\FADI_WEDYAN_OOPS\Final_Project_Repos\sunflow-0.07.2\sunflow-0.07.2\src\SunflowGUI.java,SunflowGUI$Anonymous6,anonymous,1,1,0,1,1,1,0,1,0,0.0,NaN,NaN,1,0,1,0,0,0,1,0,0,0,0,0,0,0,0,0,0,0,0,5,0,0,0,0,0,0,0,0,0,0,0,0,0,0,9,-1,0
D:\Others\assignment\FADI_WEDYAN_OOPS\Final_Project_Repos\sunflow-0.07.2\sunflow-0.07.2\src\org\sunflow\core\shader\QuickGrayShader.java,org.sunflow.core.shader.QuickGrayShader,class,8,9,1,8,8,1,0,24,6,0.0,0.0,0.0,4,0,4,0,0,0,4,0,0,0,0,0,0,0,0,0,0,0,5,38,3,0,2,0,0,0,10,10,6,9,1,0,0,0,36,1,0
D:\Others\assignment\FADI_WEDYAN_OOPS\Final_Project_Repos\sunflow-0.07.2\sunflow-0.07.2\src\SunflowGUI.java,SunflowGUI$Anonymous9,anonymous,1,1,0,1,1,1,0,1,0,0.0,NaN,NaN,1,0,1,0,0,0,1,0,0,0,0,0,0,0,0,0,0,0,0,5,0,0,0,0,0,0,0,0,0,0,0,0,0,0,9,-1,0
D:\Others\assignment\FADI_WEDYAN_OOPS\Final_Project_Repos\sunflow-0.07.2\sunflow-0.07.2\src\SunflowGUI.java,SunflowGUI$Anonymous8,anonymous,1,1,0,1,1,1,0,1,0,0.0,NaN,NaN,1,0,1,0,0,0,1,0,0,0,0,0,0,0,0,0,0,0,0,5,0,0,0,0,0,0,0,0,0,0,0,0,0,0,9,-1,0
D:\Others\assignment\FADI_WEDYAN_OOPS\Final_Project_Repos\sunflow-0.07.2\sunflow-0.07.2\src\SunflowGUI.java,SunflowGUI$Anonymous3,anonymous,1,1,0,1,1,1,0,1,0,0.0,NaN,NaN,1,0,1,0,0,0,1,0,0,0,0,0,0,0,0,0,0,0,0,5,0,0,0,0,0,0,0,0,0,0,0,0,0,0,8,-1,0
D:\Others\assignment\FADI_WEDYAN_OOPS\Final_Project_Repos\sunflow-0.07.2\sunflow-0.07.2\src\SunflowGUI.java,SunflowGUI$Anonymous2,anonymous,1,1,0,1,1,1,0,1,0,0.0,NaN,NaN,1,0,1,0,0,0,1,0,0,0,0,0,0,0,0,0,0,0,0,5,0,0,0,0,0,0,0,0,0,0,0,0,0,0,8,-1,0
D:\Others\assignment\FADI_WEDYAN_OOPS\Final_Project_Repos\sunflow-0.07.2\sunflow-0.07.2\src\SunflowGUI.java,SunflowGUI$Anonymous5,anonymous,1,1,0,1,1,1,0,1,0,0.0,NaN,NaN,1,0,1,0,0,0,1,0,0,0,0,0,0,0,0,0,0,0,0,5,0,0,0,0,0,0,0,0,0,0,0,0,0,0,7,-1,0
D:\Others\assignment\FADI_WEDYAN_OOPS\Final_Project_Repos\sunflow-0.07.2\sunflow-0.07.2\src\SunflowGUI.java,SunflowGUI$Anonymous4,anonymous,1,1,0,1,1,1,0,1,0,0.0,NaN,NaN,1,0,1,0,0,0,1,0,0,0,0,0,0,0,0,0,0,0,1,5,0,0,0,0,0,0,0,0,0,0,0,0,0,0,5,-1,0
D:\Others\assignment\FADI_WEDYAN_OOPS\Final_Project_Repos\sunflow-0.07.2\sunflow-0.07.2\src\org\sunflow\util\FastHashMap.java,org.sunflow.util.FastHashMap,class,4,9,5,4,37,1,0,7,0,0.5185185,0.0,0.0,9,0,7,2,0,0,7,0,0,0,3,1,0,3,0,0,1,0,0,142,9,6,8,0,2,1,19,32,11,16,4,0,2,0,82,1,0
D:\Others\assignment\FADI_WEDYAN_OOPS\Final_Project_Repos\sunflow-0.07.2\sunflow-0.07.2\src\SunflowGUI.java,SunflowGUI$Anonymous1,anonymous,1,1,0,1,1,1,0,1,0,0.0,NaN,NaN,1,0,1,0,0,0,1,0,0,0,0,0,0,0,0,0,0,0,0,5,0,0,0,0,0,0,0,0,0,0,0,0,0,0,8,-1,0
D:\Others\assignment\FADI_WEDYAN_OOPS\Final_Project_Repos\sunflow-0.07.2\sunflow-0.07.2\src\org\sunflow\system\ui\ConsoleInterface.java,org.sunflow.system.ui.ConsoleInterface,class,4,6,2,4,7,1,0,3,8,0.6,0.0,0.0,5,0,5,0,0,0,5,0,0,0,5,0,0,5,0,0,0,0,1,26,0,0,2,0,5,3,3,7,5,6,1,0,0,0,25,1,0
D:\Others\assignment\FADI_WEDYAN_OOPS\Final_Project_Repos\sunflow-0.07.2\sunflow-0.07.2\src\org\sunflow\core\shader\IDShader.java,org.sunflow.core.shader.IDShader,class,7,9,2,7,4,1,0,7,3,0.0,0.0,0.0,3,0,3,0,0,0,3,0,0,0,0,0,0,0,0,0,0,0,1,12,2,0,1,0,0,0,1,2,0,2,0,0,0,0,24,1,0
D:\Others\assignment\FADI_WEDYAN_OOPS\Final_Project_Repos\sunflow-0.07.2\sunflow-0.07.2\src\SunflowGUI.java,SunflowGUI$Anonymous31,anonymous,3,3,0,3,3,1,0,7,0,0.0,NaN,NaN,1,0,1,0,0,0,1,0,0,0,0,0,0,0,0,0,0,0,1,13,0,0,1,0,0,3,0,0,0,0,1,0,0,0,14,-1,0
D:\Others\assignment\FADI_WEDYAN_OOPS\Final_Project_Repos\sunflow-0.07.2\sunflow-0.07.2\src\SunflowGUI.java,SunflowGUI$Anonymous32,anonymous,0,0,0,0,2,1,0,3,1,0.0,0.0,0.0,2,0,2,0,0,0,2,0,0,0,0,0,0,0,0,0,0,0,0,8,2,0,0,0,1,2,0,0,0,0,0,0,0,0,5,-1,0
D:\Others\assignment\FADI_WEDYAN_OOPS\Final_Project_Repos\sunflow-0.07.2\sunflow-0.07.2\src\org\sunflow\core\gi\IrradianceCacheGIEngine.java,org.sunflow.core.gi.IrradianceCacheGIEngine$Sample,innerclass,4,4,0,4,2,1,0,1,0,0.055555556,0.0,0.0,2,0,0,0,0,2,2,0,0,0,5,0,0,0,0,5,0,0,0,30,0,0,0,0,0,0,1,19,1,11,0,0,0,0,18,26,0
D:\Others\assignment\FADI_WEDYAN_OOPS\Final_Project_Repos\sunflow-0.07.2\sunflow-0.07.2\src\org\sunflow\core\gi\FakeGIEngine.java,org.sunflow.core.gi.FakeGIEngine,class,7,8,1,7,6,1,0,9,4,0.5,0.0,0.0,4,0,4,0,0,0,4,0,0,0,3,0,0,3,0,0,0,0,4,25,4,0,0,0,1,3,8,6,3,6,1,0,0,0,50,1,0
D:\Others\assignment\FADI_WEDYAN_OOPS\Final_Project_Repos\sunflow-0.07.2\sunflow-0.07.2\src\org\sunflow\core\gi\AmbientOcclusionGIEngine.java,org.sunflow.core.gi.AmbientOcclusionGIEngine,class,9,10,1,9,6,1,0,16,4,0.5,0.0,0.0,4,0,4,0,0,0,4,0,0,0,4,0,0,4,0,0,0,0,6,41,3,1,0,0,2,4,8,20,5,16,1,0,0,0,43,1,0
D:\Others\assignment\FADI_WEDYAN_OOPS\Final_Project_Repos\sunflow-0.07.2\sunflow-0.07.2\src\org\sunflow\util\FastHashMap.java,org.sunflow.util.FastHashMap$EntryIterator,innerclass,4,4,0,4,11,1,0,4,0,0.16666667,0.0,0.0,6,0,3,3,0,0,3,0,0,0,1,0,0,1,0,0,0,0,0,30,3,1,1,1,1,0,1,1,0,1,1,0,0,0,13,2,0
D:\Others\assignment\FADI_WEDYAN_OOPS\Final_Project_Repos\sunflow-0.07.2\sunflow-0.07.2\src\org\sunflow\core\primitive\TriangleMesh.java,org.sunflow.core.primitive.TriangleMesh$WaldTriangle,innerclass,5,5,0,5,33,1,0,6,0,0.1,0.0,0.0,3,0,0,1,0,2,2,0,0,0,4,0,0,4,0,0,0,0,7,158,18,0,0,0,14,0,41,82,138,54,2,0,0,0,42,26,0
D:\Others\assignment\FADI_WEDYAN_OOPS\Final_Project_Repos\sunflow-0.07.2\sunflow-0.07.2\src\org\sunflow\core\light\TriangleMeshLight.java,org.sunflow.core.light.TriangleMeshLight,class,8,10,2,8,8,2,0,12,4,0.5,0.0,0.0,5,0,5,0,0,0,5,0,0,0,2,0,0,2,0,0,0,0,1,195,3,1,0,0,0,7,4,9,3,6,1,0,1,0,30,1,0
D:\Others\assignment\FADI_WEDYAN_OOPS\Final_Project_Repos\sunflow-0.07.2\sunflow-0.07.2\src\SunflowGUI.java,SunflowGUI$Anonymous30,anonymous,3,3,0,3,3,1,0,7,0,0.0,NaN,NaN,1,0,1,0,0,0,1,0,0,0,0,0,0,0,0,0,0,0,1,13,0,0,1,0,0,3,0,0,0,0,1,0,0,0,12,-1,0
D:\Others\assignment\FADI_WEDYAN_OOPS\Final_Project_Repos\sunflow-0.07.2\sunflow-0.07.2\src\org\sunflow\core\filter\LanczosFilter.java,org.sunflow.core.filter.LanczosFilter,class,2,4,2,2,5,1,0,3,3,0.0,0.0,0.0,3,0,2,1,0,0,2,0,0,0,0,0,0,0,0,0,0,0,3,17,5,0,0,0,1,0,9,4,8,2,1,0,0,0,11,1,0
D:\Others\assignment\FADI_WEDYAN_OOPS\Final_Project_Repos\sunflow-0.07.2\sunflow-0.07.2\src\SunflowGUI.java,SunflowGUI$SceneTransferHandler,innerclass,2,2,0,2,10,2,0,11,1,0.0,0.0,0.0,2,0,2,0,0,0,2,0,0,0,0,0,0,0,0,0,0,0,0,29,5,2,0,1,0,2,2,5,0,5,3,0,0,0,23,2,0
D:\Others\assignment\FADI_WEDYAN_OOPS\Final_Project_Repos\sunflow-0.07.2\sunflow-0.07.2\src\org\sunflow\core\GIEngine.java,org.sunflow.core.GIEngine,interface,3,10,7,3,3,1,0,0,3,0.0,0.0,0.0,3,0,3,0,0,0,3,0,0,0,0,0,0,0,0,0,0,0,0,5,0,0,0,0,0,0,0,0,0,0,0,0,0,0,89,1,0
D:\Others\assignment\FADI_WEDYAN_OOPS\Final_Project_Repos\sunflow-0.07.2\sunflow-0.07.2\src\org\sunflow\math\QMC.java,org.sunflow.math.QMC,class,3,9,6,3,39,1,0,3,28,0.9166667,0.0,0.0,8,7,6,2,0,0,7,0,4,0,3,3,0,3,0,0,3,0,3,113,9,15,11,0,55,1,120,76,56,33,3,0,0,0,58,17,0
D:\Others\assignment\FADI_WEDYAN_OOPS\Final_Project_Repos\sunflow-0.07.2\sunflow-0.07.2\src\org\sunflow\core\primitive\TriangleMesh.java,org.sunflow.core.primitive.TriangleMesh$BakingSurface,innerclass,15,15,0,15,53,1,0,33,21,0.0,0.0,0.0,7,0,7,0,0,0,7,0,0,0,0,0,0,0,0,0,0,0,14,275,22,2,8,0,13,0,152,145,244,96,3,0,0,0,97,2,0
D:\Others\assignment\FADI_WEDYAN_OOPS\Final_Project_Repos\sunflow-0.07.2\sunflow-0.07.2\src\org\sunflow\math\Point3.java,org.sunflow.math.Point3,class,2,55,53,2,18,1,0,2,0,0.0625,0.0,0.0,16,5,16,0,0,0,16,0,12,0,1,0,1,0,0,0,0,0,3,106,15,0,0,0,15,1,5,51,70,30,1,0,0,0,35,17,0
D:\Others\assignment\FADI_WEDYAN_OOPS\Final_Project_Repos\sunflow-0.07.2\sunflow-0.07.2\src\org\sunflow\math\Point2.java,org.sunflow.math.Point2,class,1,9,8,1,6,1,0,1,0,0.16666667,0.0,0.0,6,0,6,0,0,0,6,0,3,0,1,0,1,0,0,0,0,0,1,26,3,0,0,0,0,1,0,8,0,2,0,0,0,0,7,17,0
D:\Others\assignment\FADI_WEDYAN_OOPS\Final_Project_Repos\sunflow-0.07.2\sunflow-0.07.2\src\org\sunflow\core\bucket\RowBucketOrder.java,org.sunflow.core.bucket.RowBucketOrder,class,2,3,1,2,4,1,0,0,0,0.0,NaN,NaN,1,0,1,0,0,0,1,0,0,0,0,0,0,0,0,0,0,0,0,13,1,1,1,0,1,0,9,7,9,4,2,0,0,0,11,1,0
D:\Others\assignment\FADI_WEDYAN_OOPS\Final_Project_Repos\sunflow-0.07.2\sunflow-0.07.2\src\org\sunflow\core\shader\DiffuseShader.java,org.sunflow.core.shader.DiffuseShader,class,9,14,5,9,7,1,1,24,4,0.4,0.0,0.0,5,0,5,0,0,0,5,0,0,0,1,0,0,1,0,0,0,0,5,41,3,0,0,0,0,1,10,12,6,10,1,0,0,0,35,1,0
D:\Others\assignment\FADI_WEDYAN_OOPS\Final_Project_Repos\sunflow-0.07.2\sunflow-0.07.2\src\org\sunflow\core\accel\UniformGrid.java,org.sunflow.core.accel.UniformGrid,class,12,14,2,12,67,1,0,22,0,0.125,0.0,0.0,4,0,3,1,0,0,3,0,0,0,6,0,0,6,0,0,0,0,21,244,12,9,9,0,41,11,86,139,109,60,5,0,0,0,79,17,0
D:\Others\assignment\FADI_WEDYAN_OOPS\Final_Project_Repos\sunflow-0.07.2\sunflow-0.07.2\src\org\sunflow\core\Camera.java,org.sunflow.core.Camera,class,11,17,6,11,24,1,0,21,0,0.42857146,0.0,0.0,7,0,3,1,0,3,6,0,0,0,3,0,0,3,0,0,1,0,13,80,9,2,12,0,2,9,25,25,6,15,3,0,0,0,117,1,0
D:\Others\assignment\FADI_WEDYAN_OOPS\Final_Project_Repos\sunflow-0.07.2\sunflow-0.07.2\src\org\sunflow\core\gi\InstantGI.java,org.sunflow.core.gi.InstantGI,class,16,17,1,16,24,1,0,35,0,0.2,0.0,0.0,4,0,4,0,0,0,4,0,0,0,5,0,0,5,0,0,0,0,17,141,5,5,4,0,8,11,35,57,32,46,5,0,2,0,81,1,0
D:\Others\assignment\FADI_WEDYAN_OOPS\Final_Project_Repos\sunflow-0.07.2\sunflow-0.07.2\src\org\sunflow\core\Tesselatable.java,org.sunflow.core.Tesselatable,interface,4,13,9,4,2,1,0,0,1,0.0,0.0,0.0,2,0,2,0,0,0,2,0,0,0,0,0,0,0,0,0,0,0,0,4,0,0,0,0,0,0,0,0,0,0,0,0,0,0,73,1,0
D:\Others\assignment\FADI_WEDYAN_OOPS\Final_Project_Repos\sunflow-0.07.2\sunflow-0.07.2\src\org\sunflow\core\camera\PinholeLens.java,org.sunflow.core.camera.PinholeLens,class,5,10,5,5,4,1,0,4,0,0.375,0.0,0.0,4,0,3,1,0,0,3,0,0,0,2,0,0,2,0,0,0,0,2,24,2,0,0,0,6,2,11,8,10,6,0,0,0,0,26,1,0
D:\Others\assignment\FADI_WEDYAN_OOPS\Final_Project_Repos\sunflow-0.07.2\sunflow-0.07.2\src\org\sunflow\core\filter\GaussianFilter.java,org.sunflow.core.filter.GaussianFilter,class,1,2,1,1,3,1,0,1,0,0.33333334,0.0,0.0,3,0,3,0,0,0,3,0,0,0,2,0,0,2,0,0,0,0,3,16,2,0,0,0,0,0,0,4,6,4,0,0,0,0,11,1,0
D:\Others\assignment\FADI_WEDYAN_OOPS\Final_Project_Repos\sunflow-0.07.2\sunflow-0.07.2\src\org\sunflow\core\photonmap\GlobalPhotonMap.java,org.sunflow.core.photonmap.GlobalPhotonMap$Photon,innerclass,3,3,0,3,9,1,0,3,0,0.5833333,0.0,0.0,5,0,0,0,0,5,5,0,0,0,12,4,0,0,0,12,4,0,0,54,7,0,0,0,3,0,5,17,10,15,1,0,0,0,39,8,0
D:\Others\assignment\FADI_WEDYAN_OOPS\Final_Project_Repos\sunflow-0.07.2\sunflow-0.07.2\src\org\sunflow\system\ImagePanel.java,org.sunflow.system.ImagePanel,class,6,14,8,6,44,7,0,25,0,0.5164835,0.0,0.0,13,0,10,3,0,0,10,0,0,9,5,1,0,5,0,0,1,0,13,189,4,8,15,0,22,1,50,69,66,44,4,0,1,0,88,1,0
D:\Others\assignment\FADI_WEDYAN_OOPS\Final_Project_Repos\sunflow-0.07.2\sunflow-0.07.2\src\org\sunflow\core\primitive\CornellBox.java,org.sunflow.core.primitive.CornellBox,class,16,18,2,16,102,1,0,64,61,0.7368421,0.0,0.0,19,0,18,1,0,0,18,0,0,0,8,0,0,8,0,0,0,0,12,364,38,1,7,0,19,14,135,119,72,67,3,0,0,0,114,1,0
D:\Others\assignment\FADI_WEDYAN_OOPS\Final_Project_Repos\sunflow-0.07.2\sunflow-0.07.2\src\org\sunflow\image\RegularSpectralCurve.java,org.sunflow.image.RegularSpectralCurve,class,2,4,2,2,4,2,0,1,0,0.1,0.0,0.0,2,0,2,0,0,0,2,0,0,0,3,0,0,3,0,0,3,0,1,20,2,0,0,0,4,0,6,9,13,9,1,0,0,0,15,1,0
D:\Others\assignment\FADI_WEDYAN_OOPS\Final_Project_Repos\sunflow-0.07.2\sunflow-0.07.2\src\org\sunflow\core\accel\NullAccelerator.java,org.sunflow.core.accel.NullAccelerator,class,4,6,2,4,4,1,0,2,0,0.0,0.0,0.0,3,0,3,0,0,0,3,0,0,0,2,0,0,2,0,0,0,0,0,15,0,1,0,0,0,0,2,5,0,3,1,0,0,0,16,1,0
D:\Others\assignment\FADI_WEDYAN_OOPS\Final_Project_Repos\sunflow-0.07.2\sunflow-0.07.2\src\org\sunflow\core\renderer\ProgressiveRenderer.java,org.sunflow.core.renderer.ProgressiveRenderer$SmallBucket,innerclass,1,1,0,1,3,1,0,0,0,0.75,NaN,NaN,1,0,1,0,0,0,1,0,0,0,2,0,0,0,0,2,0,0,0,9,3,0,1,0,0,0,3,0,0,4,1,0,0,0,7,10,0
D:\Others\assignment\FADI_WEDYAN_OOPS\Final_Project_Repos\sunflow-0.07.2\sunflow-0.07.2\src\org\sunflow\core\accel\KDTree.java,org.sunflow.core.accel.KDTree$BuildTask,innerclass,3,3,0,3,2,1,0,0,0,0.0,0.0,0.0,2,0,0,0,0,2,2,0,0,0,4,0,0,0,0,4,0,0,0,18,0,0,0,0,1,0,6,8,4,4,0,0,0,0,10,10,0
D:\Others\assignment\FADI_WEDYAN_OOPS\Final_Project_Repos\sunflow-0.07.2\sunflow-0.07.2\src\org\sunflow\core\photonmap\GridPhotonMap.java,org.sunflow.core.photonmap.GridPhotonMap,class,11,13,2,11,55,1,0,25,32,0.7747254,0.0,0.0,13,0,11,2,0,0,11,0,0,1,12,2,0,12,0,0,2,0,24,219,15,13,16,0,38,8,82,86,79,55,7,0,1,0,106,1,0
D:\Others\assignment\FADI_WEDYAN_OOPS\Final_Project_Repos\sunflow-0.07.2\sunflow-0.07.2\src\org\sunflow\core\GlobalPhotonMapInterface.java,org.sunflow.core.GlobalPhotonMapInterface,interface,4,7,3,4,1,1,0,0,0,0.0,NaN,NaN,1,0,1,0,0,0,1,0,0,0,0,0,0,0,0,0,0,0,0,3,0,0,0,0,0,0,0,0,0,0,0,0,0,0,36,1,0
D:\Others\assignment\FADI_WEDYAN_OOPS\Final_Project_Repos\sunflow-0.07.2\sunflow-0.07.2\src\org\sunflow\core\ParameterList.java,org.sunflow.core.ParameterList,class,15,88,73,15,79,1,1,26,266,0.7847222,0.0,0.0,36,0,33,3,0,0,33,0,0,0,2,0,0,1,1,0,1,0,11,336,44,1,20,0,0,13,24,22,4,15,3,0,4,0,189,1,0
D:\Others\assignment\FADI_WEDYAN_OOPS\Final_Project_Repos\sunflow-0.07.2\sunflow-0.07.2\src\org\sunflow\core\shader\TexturedShinyDiffuseShader.java,org.sunflow.core.shader.TexturedShinyDiffuseShader,class,7,8,1,7,5,2,0,6,0,0.0,0.0,0.0,3,0,3,0,0,0,3,0,0,0,1,0,0,1,0,0,0,0,1,14,2,0,2,0,0,1,0,3,0,2,1,0,0,0,21,1,0
D:\Others\assignment\FADI_WEDYAN_OOPS\Final_Project_Repos\sunflow-0.07.2\sunflow-0.07.2\src\org\sunflow\core\tesselatable\Gumbo.java,org.sunflow.core.tesselatable.Gumbo,class,6,9,3,6,20,2,0,24,1,0.33333334,0.0,0.0,3,2,2,1,0,0,2,0,0,0,1,1,0,1,0,0,1,0,6,84,1,4,2,1,0,18,6164,26,13,16,5,0,0,0,40,1,0
D:\Others\assignment\FADI_WEDYAN_OOPS\Final_Project_Repos\sunflow-0.07.2\sunflow-0.07.2\src\org\sunflow\core\gi\GIEngineFactory.java,org.sunflow.core.gi.GIEngineFactory,class,9,10,1,9,9,1,0,3,0,0.0,NaN,NaN,1,1,1,0,0,0,1,0,1,0,0,0,0,0,0,0,0,0,1,15,7,0,1,0,0,9,0,1,0,1,7,0,0,0,18,17,0
D:\Others\assignment\FADI_WEDYAN_OOPS\Final_Project_Repos\sunflow-0.07.2\sunflow-0.07.2\src\org\sunflow\image\XYZColor.java,org.sunflow.image.XYZColor,class,1,6,5,1,9,1,0,1,0,0.375,0.0,0.0,8,0,8,0,0,0,8,0,6,0,1,0,0,1,0,0,0,0,1,36,6,0,0,0,0,1,2,11,2,5,1,0,0,0,12,17,0
D:\Others\assignment\FADI_WEDYAN_OOPS\Final_Project_Repos\sunflow-0.07.2\sunflow-0.07.2\src\org\sunflow\core\primitive\TriangleMesh.java,org.sunflow.core.primitive.TriangleMesh,class,21,35,14,21,79,1,1,61,0,0.6857143,0.0,0.0,15,1,13,1,1,0,14,0,1,0,7,1,0,5,2,0,0,0,28,868,17,8,17,1,32,18,217,261,313,151,4,0,2,0,244,1,0
D:\Others\assignment\FADI_WEDYAN_OOPS\Final_Project_Repos\sunflow-0.07.2\sunflow-0.07.2\src\org\sunflow\image\Bitmap.java,org.sunflow.image.Bitmap,class,6,12,6,6,104,1,0,29,0,0.29166666,0.0,0.0,12,1,8,4,0,0,8,0,0,0,4,0,0,4,0,0,0,0,3,309,9,26,17,3,79,18,159,130,87,68,7,0,0,0,92,1,0
D:\Others\assignment\FADI_WEDYAN_OOPS\Final_Project_Repos\sunflow-0.07.2\sunflow-0.07.2\src\org\sunflow\core\Filter.java,org.sunflow.core.Filter,interface,0,10,10,0,2,1,0,0,1,0.0,0.0,0.0,2,0,2,0,0,0,2,0,0,0,0,0,0,0,0,0,0,0,0,4,0,0,0,0,0,0,0,0,0,0,0,0,0,0,45,1,0
D:\Others\assignment\FADI_WEDYAN_OOPS\Final_Project_Repos\sunflow-0.07.2\sunflow-0.07.2\src\org\sunflow\core\light\TriangleMeshLight.java,org.sunflow.core.light.TriangleMeshLight$TriangleLight,innerclass,13,13,0,13,28,1,0,33,3,0.47619048,0.0,0.0,7,0,5,1,0,1,6,0,1,0,3,0,0,3,0,0,0,0,39,164,15,1,1,0,12,0,90,110,178,90,3,0,0,0,125,2,0
D:\Others\assignment\FADI_WEDYAN_OOPS\Final_Project_Repos\sunflow-0.07.2\sunflow-0.07.2\src\org\sunflow\core\display\FastDisplay.java,org.sunflow.core.display.FastDisplay,class,4,5,1,4,18,5,0,18,0,0.52380955,0.0,0.0,7,0,7,0,0,0,7,0,0,3,6,0,0,6,0,0,0,0,1,70,1,4,6,0,0,3,18,28,7,17,2,1,0,0,49,1,0
D:\Others\assignment\FADI_WEDYAN_OOPS\Final_Project_Repos\sunflow-0.07.2\sunflow-0.07.2\src\org\sunflow\core\parser\SCParser.java,org.sunflow.core.parser.SCParser,class,63,65,2,63,251,1,0,97,0,0.45652172,0.0,0.0,23,0,2,21,0,0,2,0,0,0,2,0,0,2,0,0,0,0,117,1160,22,17,13,3,0,662,96,225,74,145,4,0,0,0,270,1,0
D:\Others\assignment\FADI_WEDYAN_OOPS\Final_Project_Repos\sunflow-0.07.2\sunflow-0.07.2\src\org\sunflow\core\AccelerationStructureFactory.java,org.sunflow.core.AccelerationStructureFactory,class,7,10,3,7,12,1,0,3,0,0.0,NaN,NaN,1,1,0,0,0,1,1,0,1,0,0,0,0,0,0,0,0,0,2,24,11,0,1,0,0,6,4,0,0,0,5,0,0,0,21,0,0
D:\Others\assignment\FADI_WEDYAN_OOPS\Final_Project_Repos\sunflow-0.07.2\sunflow-0.07.2\src\org\sunflow\core\shader\PrimIDShader.java,org.sunflow.core.shader.PrimIDShader,class,7,8,1,7,4,1,0,7,3,0.6666667,0.0,0.0,3,0,3,0,0,0,3,0,0,0,1,1,0,1,0,0,1,0,1,13,2,0,1,0,0,0,1,3,1,3,0,0,0,0,30,1,0
D:\Others\assignment\FADI_WEDYAN_OOPS\Final_Project_Repos\sunflow-0.07.2\sunflow-0.07.2\src\SunflowGUI.java,SunflowGUI$Anonymous18$Anonymous19,anonymous,0,0,0,0,2,1,0,3,1,0.0,0.0,0.0,2,0,2,0,0,0,2,0,0,0,0,0,0,0,0,0,0,0,0,8,2,0,0,0,1,3,0,0,0,0,0,0,0,0,5,-1,0
D:\Others\assignment\FADI_WEDYAN_OOPS\Final_Project_Repos\sunflow-0.07.2\sunflow-0.07.2\src\org\sunflow\core\parser\ShaveRibParser.java,org.sunflow.core.parser.ShaveRibParser,class,10,12,2,10,30,1,0,26,3,0.0,NaN,NaN,3,0,1,2,0,0,1,0,0,0,0,0,0,0,0,0,0,0,16,138,10,8,5,1,0,49,18,29,10,20,5,0,0,0,58,1,0
D:\Others\assignment\FADI_WEDYAN_OOPS\Final_Project_Repos\sunflow-0.07.2\sunflow-0.07.2\src\org\sunflow\core\PrimitiveList.java,org.sunflow.core.PrimitiveList,interface,7,41,34,7,6,1,0,0,15,0.0,0.0,0.0,6,0,6,0,0,0,6,0,0,0,0,0,0,0,0,0,0,0,0,8,0,0,0,0,0,0,0,0,0,0,0,0,0,0,121,1,0
D:\Others\assignment\FADI_WEDYAN_OOPS\Final_Project_Repos\sunflow-0.07.2\sunflow-0.07.2\src\org\sunflow\core\Ray.java,org.sunflow.core.Ray,class,4,63,59,4,17,1,0,7,0,0.53174603,0.0,0.0,14,0,13,1,0,0,13,0,8,0,5,1,2,3,0,0,1,0,4,98,9,0,1,0,5,0,5,55,44,15,1,0,0,0,152,17,0
D:\Others\assignment\FADI_WEDYAN_OOPS\Final_Project_Repos\sunflow-0.07.2\sunflow-0.07.2\src\org\sunflow\math\Matrix4.java,org.sunflow.math.Matrix4,class,6,42,36,6,34,1,0,12,0,0.55370367,0.0,0.0,30,9,30,0,0,0,30,0,27,0,18,2,2,16,0,0,2,0,11,324,29,1,0,0,32,0,72,223,488,94,1,0,0,0,204,17,0
D:\Others\assignment\FADI_WEDYAN_OOPS\Final_Project_Repos\sunflow-0.07.2\sunflow-0.07.2\src\org\sunflow\image\ConstantSpectralCurve.java,org.sunflow.image.ConstantSpectralCurve,class,1,2,1,1,2,2,0,0,0,0.0,0.0,0.0,2,0,2,0,0,0,2,0,0,0,1,0,0,1,0,0,1,0,0,9,1,0,0,0,0,0,0,1,0,1,0,0,0,0,39,1,0
D:\Others\assignment\FADI_WEDYAN_OOPS\Final_Project_Repos\sunflow-0.07.2\sunflow-0.07.2\src\org\sunflow\system\UserInterface.java,org.sunflow.system.UserInterface,interface,2,7,5,2,4,1,0,0,6,0.0,0.0,0.0,4,0,0,0,0,4,4,0,0,0,0,0,0,0,0,0,0,0,0,6,0,0,0,0,0,0,0,0,0,0,0,0,0,0,94,1,0
D:\Others\assignment\FADI_WEDYAN_OOPS\Final_Project_Repos\sunflow-0.07.2\sunflow-0.07.2\src\org\sunflow\core\shader\ConstantShader.java,org.sunflow.core.shader.ConstantShader,class,5,6,1,5,4,1,0,1,0,0.25,0.0,0.0,4,0,4,0,0,0,4,0,0,0,1,0,0,1,0,0,0,0,0,15,2,0,0,0,0,1,0,2,0,1,0,0,0,0,21,1,0
D:\Others\assignment\FADI_WEDYAN_OOPS\Final_Project_Repos\sunflow-0.07.2\sunflow-0.07.2\src\org\sunflow\image\ChromaticitySpectrum.java,org.sunflow.image.ChromaticitySpectrum,class,4,5,1,4,3,2,0,5,0,0.6363636,0.0,0.0,3,1,3,0,0,0,3,0,1,0,10,9,0,10,0,0,10,0,0,27,2,0,0,0,8,0,192,16,52,16,0,0,0,0,40,17,0
D:\Others\assignment\FADI_WEDYAN_OOPS\Final_Project_Repos\sunflow-0.07.2\sunflow-0.07.2\src\org\sunflow\system\ui\SilentInterface.java,org.sunflow.system.ui.SilentInterface,class,3,4,1,3,4,1,0,0,6,0.0,0.0,0.0,4,0,4,0,0,0,4,0,0,0,0,0,0,0,0,0,0,0,0,10,0,0,0,0,0,0,0,0,0,0,0,0,0,0,25,1,0
D:\Others\assignment\FADI_WEDYAN_OOPS\Final_Project_Repos\sunflow-0.07.2\sunflow-0.07.2\src\org\sunflow\core\accel\KDTree.java,org.sunflow.core.accel.KDTree,class,19,22,3,19,121,1,0,39,56,0.8205129,0.0,0.0,13,7,5,8,0,0,5,0,0,0,15,10,0,15,0,0,8,0,74,672,15,22,23,1,80,44,270,308,199,183,6,0,2,0,206,1,0
D:\Others\assignment\FADI_WEDYAN_OOPS\Final_Project_Repos\sunflow-0.07.2\sunflow-0.07.2\src\org\sunflow\core\renderer\SimpleRenderer.java,org.sunflow.core.renderer.SimpleRenderer$BucketThread,innerclass,2,2,0,2,3,2,0,1,0,0.0,NaN,NaN,1,0,1,0,0,0,1,0,0,0,0,0,0,0,0,0,0,0,0,15,1,1,0,0,0,0,0,3,2,3,3,0,0,0,15,2,0
D:\Others\assignment\FADI_WEDYAN_OOPS\Final_Project_Repos\sunflow-0.07.2\sunflow-0.07.2\src\org\sunflow\core\shader\TexturedWardShader.java,org.sunflow.core.shader.TexturedWardShader,class,7,8,1,7,5,2,0,6,0,0.0,0.0,0.0,3,0,3,0,0,0,3,0,0,0,1,0,0,1,0,0,0,0,1,14,2,0,2,0,0,1,0,3,0,2,1,0,0,0,22,1,0
D:\Others\assignment\FADI_WEDYAN_OOPS\Final_Project_Repos\sunflow-0.07.2\sunflow-0.07.2\src\org\sunflow\math\OrthoNormalBasis.java,org.sunflow.math.OrthoNormalBasis,class,2,38,36,2,19,1,0,7,0,0.3125,0.0,0.0,16,2,15,1,0,0,15,0,2,0,1,0,0,1,0,0,0,0,18,93,9,0,0,0,20,0,3,35,24,14,1,0,0,0,26,17,0
D:\Others\assignment\FADI_WEDYAN_OOPS\Final_Project_Repos\sunflow-0.07.2\sunflow-0.07.2\src\org\sunflow\core\accel\KDTree.java,org.sunflow.core.accel.KDTree$BuildStats,innerclass,1,1,0,1,9,1,0,3,0,0.25,0.0,0.0,4,0,0,0,0,4,4,0,0,0,14,0,0,14,0,0,0,0,20,81,0,0,0,0,1,16,20,20,16,14,1,0,0,0,25,10,0
D:\Others\assignment\FADI_WEDYAN_OOPS\Final_Project_Repos\sunflow-0.07.2\sunflow-0.07.2\src\org\sunflow\core\primitive\CubeGrid.java,org.sunflow.core.primitive.CubeGrid,class,12,13,1,12,66,1,0,25,20,0.7222222,0.0,0.0,9,0,8,0,1,0,9,1,0,0,4,0,0,4,0,0,0,0,4,240,19,1,6,0,23,3,115,119,72,42,2,0,0,0,68,1025,0
D:\Others\assignment\FADI_WEDYAN_OOPS\Final_Project_Repos\sunflow-0.07.2\sunflow-0.07.2\src\org\sunflow\core\LightServer.java,org.sunflow.core.LightServer$Sample,innerclass,4,4,0,4,0,1,0,0,0,NaN,-1.0,-1.0,0,0,0,0,0,0,0,0,0,0,5,0,0,0,0,5,0,0,0,7,0,0,0,0,0,0,0,0,0,7,0,0,0,0,9,10,0
D:\Others\assignment\FADI_WEDYAN_OOPS\Final_Project_Repos\sunflow-0.07.2\sunflow-0.07.2\src\org\sunflow\core\primitive\Sphere.java,org.sunflow.core.primitive.Sphere,class,14,17,3,14,15,1,0,28,21,0.0,0.0,0.0,7,0,7,0,0,0,7,0,0,0,0,0,0,0,0,0,0,0,4,56,6,0,3,0,10,0,24,19,21,11,2,0,0,0,47,1,0
D:\Others\assignment\FADI_WEDYAN_OOPS\Final_Project_Repos\sunflow-0.07.2\sunflow-0.07.2\src\org\sunflow\core\display\OpenExrDisplay.java,org.sunflow.core.display.OpenExrDisplay,class,8,10,2,8,61,1,0,31,34,0.82986116,0.0,0.0,12,2,9,3,0,0,9,0,2,1,24,12,0,24,0,0,12,0,49,274,5,11,17,3,31,37,132,81,50,51,4,0,0,0,118,1,0
D:\Others\assignment\FADI_WEDYAN_OOPS\Final_Project_Repos\sunflow-0.07.2\sunflow-0.07.2\src\org\sunflow\core\InstanceList.java,org.sunflow.core.InstanceList,class,9,10,1,9,11,1,0,7,3,0.3,0.0,0.0,10,0,8,0,0,2,10,0,6,0,1,0,0,1,0,0,0,0,0,35,6,1,0,0,0,0,1,3,0,2,1,0,0,0,35,16,0
D:\Others\assignment\FADI_WEDYAN_OOPS\Final_Project_Repos\sunflow-0.07.2\sunflow-0.07.2\src\org\sunflow\core\primitive\Hair.java,org.sunflow.core.primitive.Hair,class,19,22,3,19,37,1,0,55,8,0.52777773,0.0,0.0,12,0,10,2,0,0,10,0,0,0,3,0,0,3,0,0,0,0,17,212,16,2,12,0,20,7,111,97,229,90,3,0,0,0,113,1,0
D:\Others\assignment\FADI_WEDYAN_OOPS\Final_Project_Repos\sunflow-0.07.2\sunflow-0.07.2\src\org\sunflow\core\RenderObject.java,org.sunflow.core.RenderObject,interface,2,14,12,2,1,1,0,0,0,0.0,NaN,NaN,1,0,1,0,0,0,1,0,0,0,0,0,0,0,0,0,0,0,0,3,0,0,0,0,0,0,0,0,0,0,0,0,0,0,67,1,0
D:\Others\assignment\FADI_WEDYAN_OOPS\Final_Project_Repos\sunflow-0.07.2\sunflow-0.07.2\src\org\sunflow\core\primitive\ParticleSurface.java,org.sunflow.core.primitive.ParticleSurface,class,16,17,1,16,19,1,0,31,0,0.4375,0.0,0.0,8,0,8,0,0,0,8,0,0,0,3,0,0,3,0,0,0,0,2,68,6,1,5,0,11,3,32,27,43,19,2,0,0,0,55,1,0
D:\Others\assignment\FADI_WEDYAN_OOPS\Final_Project_Repos\sunflow-0.07.2\sunflow-0.07.2\src\org\sunflow\core\CameraLens.java,org.sunflow.core.CameraLens,interface,2,8,6,2,1,1,0,0,0,0.0,NaN,NaN,1,0,1,0,0,0,1,0,0,0,0,0,0,0,0,0,0,0,0,3,0,0,0,0,0,0,0,0,0,0,0,0,0,0,83,1,0
D:\Others\assignment\FADI_WEDYAN_OOPS\Final_Project_Repos\sunflow-0.07.2\sunflow-0.07.2\src\org\sunflow\core\ImageSampler.java,org.sunflow.core.ImageSampler,interface,3,8,5,3,2,1,0,0,1,0.0,0.0,0.0,2,0,2,0,0,0,2,0,0,0,0,0,0,0,0,0,0,0,0,4,0,0,0,0,0,0,0,0,0,0,0,0,0,0,52,1,0
D:\Others\assignment\FADI_WEDYAN_OOPS\Final_Project_Repos\sunflow-0.07.2\sunflow-0.07.2\src\org\sunflow\system\UI.java,org.sunflow.system.UI$PrintLevel,enum,0,0,0,0,0,1,0,0,0,0.0,-1.0,-1.0,0,0,0,0,0,0,0,0,0,0,0,0,0,0,0,0,0,0,0,1,0,0,0,0,0,0,0,0,0,0,0,0,0,0,9,1,0
D:\Others\assignment\FADI_WEDYAN_OOPS\Final_Project_Repos\sunflow-0.07.2\sunflow-0.07.2\src\org\sunflow\core\bucket\RandomBucketOrder.java,org.sunflow.core.bucket.RandomBucketOrder,class,3,5,2,3,8,1,0,2,3,0.0,NaN,NaN,3,0,1,2,0,0,1,0,0,0,0,0,0,0,0,0,0,0,0,36,3,2,1,0,5,0,31,23,32,10,2,0,0,0,23,1,0
D:\Others\assignment\FADI_WEDYAN_OOPS\Final_Project_Repos\sunflow-0.07.2\sunflow-0.07.2\src\org\sunflow\core\shader\NormalShader.java,org.sunflow.core.shader.NormalShader,class,6,7,1,6,4,1,0,1,3,0.0,0.0,0.0,3,0,3,0,0,0,3,0,0,0,0,0,0,0,0,0,0,0,0,15,3,0,1,0,3,0,6,4,6,4,1,0,0,0,26,1,0
D:\Others\assignment\FADI_WEDYAN_OOPS\Final_Project_Repos\sunflow-0.07.2\sunflow-0.07.2\src\org\sunflow\core\LightSource.java,org.sunflow.core.LightSource,interface,5,19,14,5,4,1,0,0,6,0.0,0.0,0.0,4,0,4,0,0,0,4,0,0,0,0,0,0,0,0,0,0,0,0,6,0,0,0,0,0,0,0,0,0,0,0,0,0,0,111,1,0
D:\Others\assignment\FADI_WEDYAN_OOPS\Final_Project_Repos\sunflow-0.07.2\sunflow-0.07.2\src\org\sunflow\core\CausticPhotonMapInterface.java,org.sunflow.core.CausticPhotonMapInterface,interface,2,4,2,2,1,1,0,0,0,0.0,NaN,NaN,1,0,0,0,0,1,1,0,0,0,0,0,0,0,0,0,0,0,0,3,0,0,0,0,0,0,0,0,0,0,0,0,0,0,31,1,0
D:\Others\assignment\FADI_WEDYAN_OOPS\Final_Project_Repos\sunflow-0.07.2\sunflow-0.07.2\src\org\sunflow\core\shader\SimpleShader.java,org.sunflow.core.shader.SimpleShader,class,6,9,3,6,3,1,0,4,3,0.0,0.0,0.0,3,0,3,0,0,0,3,0,0,0,0,0,0,0,0,0,0,0,1,10,2,0,0,0,0,0,0,0,0,0,0,0,0,0,20,1,0
D:\Others\assignment\FADI_WEDYAN_OOPS\Final_Project_Repos\sunflow-0.07.2\sunflow-0.07.2\src\org\sunflow\core\Instance.java,org.sunflow.core.Instance,class,15,43,28,15,54,1,0,26,41,0.74561405,0.0,0.0,19,0,15,0,0,4,19,0,0,0,6,0,0,6,0,0,0,0,5,118,19,4,27,0,0,9,6,22,0,15,3,0,0,0,129,1,0
D:\Others\assignment\FADI_WEDYAN_OOPS\Final_Project_Repos\sunflow-0.07.2\sunflow-0.07.2\src\org\sunflow\core\primitive\Box.java,org.sunflow.core.primitive.Box,class,12,12,0,12,43,1,0,23,8,0.375,0.0,0.0,8,0,8,0,0,0,8,0,0,0,2,0,0,2,0,0,0,0,1,173,15,1,2,0,6,1,67,58,17,23,2,0,0,0,50,1,0
D:\Others\assignment\FADI_WEDYAN_OOPS\Final_Project_Repos\sunflow-0.07.2\sunflow-0.07.2\src\org\sunflow\system\Timer.java,org.sunflow.system.Timer,class,1,17,16,1,9,1,0,4,0,0.3125,0.0,0.0,8,2,8,0,0,0,8,0,0,0,1,0,0,1,0,0,0,0,4,39,6,0,0,0,5,2,19,16,15,8,1,0,0,0,14,1,0
D:\Others\assignment\FADI_WEDYAN_OOPS\Final_Project_Repos\sunflow-0.07.2\sunflow-0.07.2\src\org\sunflow\core\light\PointLight.java,org.sunflow.core.light.PointLight,class,9,10,1,9,8,1,0,21,0,0.25,0.0,0.0,6,0,6,0,0,0,6,0,0,0,2,0,0,2,0,0,0,0,6,41,3,0,0,0,4,2,12,12,9,7,1,0,0,0,35,1,0
D:\Others\assignment\FADI_WEDYAN_OOPS\Final_Project_Repos\sunflow-0.07.2\sunflow-0.07.2\src\org\sunflow\system\ByteUtil.java,org.sunflow.system.ByteUtil,class,2,4,2,2,21,1,0,2,36,0.0,0.0,0.0,9,9,9,0,0,0,9,0,9,0,0,0,0,0,0,0,0,0,5,84,14,0,6,0,59,0,115,32,33,8,3,0,0,0,35,1,0
D:\Others\assignment\FADI_WEDYAN_OOPS\Final_Project_Repos\sunflow-0.07.2\sunflow-0.07.2\src\org\sunflow\core\photonmap\GridPhotonMap.java,org.sunflow.core.photonmap.GridPhotonMap$PhotonGroup,innerclass,3,3,0,3,1,1,0,1,0,0.0,NaN,NaN,1,0,0,0,0,1,1,0,0,0,7,0,0,0,0,7,0,0,2,18,0,0,0,0,0,0,1,7,0,7,0,0,0,0,13,2,0
D:\Others\assignment\FADI_WEDYAN_OOPS\Final_Project_Repos\sunflow-0.07.2\sunflow-0.07.2\src\org\sunflow\math\BoundingBox.java,org.sunflow.math.BoundingBox,class,3,39,36,3,77,1,0,6,0,0.18181819,0.0,0.0,22,0,22,0,0,0,22,0,17,0,2,0,0,2,0,0,0,0,21,125,19,0,7,0,30,1,21,44,7,14,2,0,0,0,172,1,0
D:\Others\assignment\FADI_WEDYAN_OOPS\Final_Project_Repos\sunflow-0.07.2\sunflow-0.07.2\src\org\sunflow\core\primitive\Torus.java,org.sunflow.core.primitive.Torus,class,15,16,1,15,21,1,0,30,2,0.46875,0.0,0.0,8,0,8,0,0,0,8,0,0,0,2,0,0,2,0,0,0,0,5,93,11,1,2,0,6,2,33,35,60,27,3,0,0,0,59,1,0
D:\Others\assignment\FADI_WEDYAN_OOPS\Final_Project_Repos\sunflow-0.07.2\sunflow-0.07.2\src\org\sunflow\image\RGBSpace.java,org.sunflow.image.RGBSpace,class,6,10,4,6,22,1,0,12,31,0.8070952,0.0,0.0,11,1,11,0,0,0,11,0,9,0,18,10,10,8,0,0,18,0,18,149,15,1,0,0,77,14,170,94,177,76,3,0,0,0,93,17,0
D:\Others\assignment\FADI_WEDYAN_OOPS\Final_Project_Repos\sunflow-0.07.2\sunflow-0.07.2\src\org\sunflow\image\Color.java,org.sunflow.image.Color,class,4,86,82,4,68,1,0,19,0,0.8129714,0.0,0.0,51,17,51,0,0,0,52,0,40,0,11,10,9,2,0,0,10,0,30,287,50,5,0,0,48,1,114,121,101,27,3,0,0,0,78,17,0
D:\Others\assignment\FADI_WEDYAN_OOPS\Final_Project_Repos\sunflow-0.07.2\sunflow-0.07.2\src\org\sunflow\core\renderer\BucketRenderer.java,org.sunflow.core.renderer.BucketRenderer,class,21,24,3,21,60,2,0,54,1,0.6984126,0.0,0.0,7,0,3,4,0,0,3,0,0,0,27,0,0,27,0,0,0,0,43,346,3,19,4,1,27,37,90,134,103,107,6,0,2,0,140,1,0
D:\Others\assignment\FADI_WEDYAN_OOPS\Final_Project_Repos\sunflow-0.07.2\sunflow-0.07.2\src\org\sunflow\image\IrregularSpectralCurve.java,org.sunflow.image.IrregularSpectralCurve,class,2,3,1,2,11,2,0,1,0,0.0,0.0,0.0,2,0,2,0,0,0,2,0,0,0,2,0,0,2,0,0,2,0,2,22,5,2,3,0,3,2,15,5,14,5,2,0,0,0,80,1,0
D:\Others\assignment\FADI_WEDYAN_OOPS\Final_Project_Repos\sunflow-0.07.2\sunflow-0.07.2\src\org\sunflow\core\gi\InstantGI.java,org.sunflow.core.gi.InstantGI$PointLight,innerclass,3,3,0,3,0,1,0,0,0,NaN,-1.0,-1.0,0,0,0,0,0,0,0,0,0,0,3,0,0,0,0,3,0,0,0,5,0,0,0,0,0,0,0,0,0,3,0,0,0,0,8,10,0
D:\Others\assignment\FADI_WEDYAN_OOPS\Final_Project_Repos\sunflow-0.07.2\sunflow-0.07.2\src\org\sunflow\core\LightServer.java,org.sunflow.core.LightServer$Anonymous1,anonymous,11,11,0,11,8,1,0,9,0,0.0,NaN,NaN,1,0,1,0,0,0,1,0,0,0,0,0,0,0,0,0,0,0,7,29,1,2,2,0,3,0,9,13,8,13,3,0,0,0,29,-1,1
D:\Others\assignment\FADI_WEDYAN_OOPS\Final_Project_Repos\sunflow-0.07.2\sunflow-0.07.2\src\org\sunflow\core\tesselatable\Teapot.java,org.sunflow.core.tesselatable.Teapot,class,2,5,3,2,1,2,0,0,0,0.0,NaN,NaN,1,0,1,0,0,0,1,0,0,0,1,1,0,1,0,0,1,0,0,6,0,0,0,0,0,0,1536,1,0,1,0,0,0,0,10,1,0
D:\Others\assignment\FADI_WEDYAN_OOPS\Final_Project_Repos\sunflow-0.07.2\sunflow-0.07.2\src\org\sunflow\math\Solvers.java,org.sunflow.math.Solvers,class,2,9,7,2,19,1,0,6,3,0.0,0.0,0.0,3,3,2,1,0,0,2,0,2,0,0,0,0,0,0,0,0,0,15,94,11,2,0,0,20,0,66,56,100,36,3,0,0,0,90,17,0
D:\Others\assignment\FADI_WEDYAN_OOPS\Final_Project_Repos\sunflow-0.07.2\sunflow-0.07.2\src\org\sunflow\core\display\FrameDisplay.java,org.sunflow.core.display.FrameDisplay,class,4,6,2,4,12,6,0,15,0,0.42857143,0.0,0.0,7,0,7,0,0,0,7,0,0,0,2,0,0,2,0,0,0,0,1,58,0,0,2,0,2,0,4,6,4,4,2,0,1,0,27,1,0
D:\Others\assignment\FADI_WEDYAN_OOPS\Final_Project_Repos\sunflow-0.07.2\sunflow-0.07.2\src\org\sunflow\core\bucket\BucketOrderFactory.java,org.sunflow.core.bucket.BucketOrderFactory,class,9,10,1,9,13,1,0,4,0,0.0,NaN,NaN,1,1,1,0,0,0,1,0,0,0,0,0,0,0,0,0,0,0,1,27,2,0,2,0,0,11,2,12,0,3,6,0,0,0,20,1,0
D:\Others\assignment\FADI_WEDYAN_OOPS\Final_Project_Repos\sunflow-0.07.2\sunflow-0.07.2\src\org\sunflow\core\BucketOrder.java,org.sunflow.core.BucketOrder,interface,1,10,9,1,1,1,0,0,0,0.0,NaN,NaN,1,0,0,0,0,1,1,0,0,0,0,0,0,0,0,0,0,0,0,3,0,0,0,0,0,0,0,0,0,0,0,0,0,0,50,1,0
D:\Others\assignment\FADI_WEDYAN_OOPS\Final_Project_Repos\sunflow-0.07.2\sunflow-0.07.2\src\org\sunflow\core\renderer\BucketRenderer.java,org.sunflow.core.renderer.BucketRenderer$ImageSample,innerclass,6,6,0,6,21,1,0,14,0,0.6666666,0.0,0.0,9,1,0,0,0,9,9,0,8,0,6,0,0,0,0,6,0,0,5,77,7,0,7,0,5,2,10,30,13,20,3,0,0,0,47,26,0
D:\Others\assignment\FADI_WEDYAN_OOPS\Final_Project_Repos\sunflow-0.07.2\sunflow-0.07.2\src\org\sunflow\system\BenchmarkTest.java,org.sunflow.system.BenchmarkTest,interface,0,2,2,0,3,1,0,0,3,0.0,0.0,0.0,3,0,3,0,0,0,3,0,0,0,0,0,0,0,0,0,0,0,0,5,0,0,0,0,0,0,0,0,0,0,0,0,0,0,47,1,0
D:\Others\assignment\FADI_WEDYAN_OOPS\Final_Project_Repos\sunflow-0.07.2\sunflow-0.07.2\src\org\sunflow\core\display\FrameDisplay.java,org.sunflow.core.display.FrameDisplay$RenderFrame$Anonymous1,anonymous,0,0,0,0,2,1,0,2,0,0.0,NaN,NaN,1,0,1,0,0,0,1,0,0,0,0,0,0,0,0,0,0,0,1,5,0,0,1,0,0,0,1,0,0,0,1,0,0,0,5,-1,0
D:\Others\assignment\FADI_WEDYAN_OOPS\Final_Project_Repos\sunflow-0.07.2\sunflow-0.07.2\src\org\sunflow\core\Modifier.java,org.sunflow.core.Modifier,interface,2,9,7,2,1,1,0,0,0,0.0,NaN,NaN,1,0,1,0,0,0,1,0,0,0,0,0,0,0,0,0,0,0,0,3,0,0,0,0,0,0,0,0,0,0,0,0,0,0,33,1,0
D:\Others\assignment\FADI_WEDYAN_OOPS\Final_Project_Repos\sunflow-0.07.2\sunflow-0.07.2\src\org\sunflow\core\primitive\JuliaFractal.java,org.sunflow.core.primitive.JuliaFractal,class,15,17,2,15,24,1,0,29,22,0.67777777,0.0,0.0,9,1,8,1,0,0,8,0,0,0,10,4,0,10,0,0,0,0,14,193,9,3,3,0,12,6,67,122,195,73,3,0,0,0,121,1,0
D:\Others\assignment\FADI_WEDYAN_OOPS\Final_Project_Repos\sunflow-0.07.2\sunflow-0.07.2\src\org\sunflow\core\parser\RA3Parser.java,org.sunflow.core.parser.RA3Parser,class,8,9,1,8,6,1,0,18,0,0.0,NaN,NaN,1,0,1,0,0,0,1,0,0,0,0,0,0,0,0,0,0,0,4,44,3,2,1,1,0,15,9,14,7,12,2,0,0,0,48,1,0
D:\Others\assignment\FADI_WEDYAN_OOPS\Final_Project_Repos\sunflow-0.07.2\sunflow-0.07.2\src\org\sunflow\core\photonmap\GlobalPhotonMap.java,org.sunflow.core.photonmap.GlobalPhotonMap$NearestPhotons,innerclass,3,3,0,3,15,1,0,1,0,0.083333336,0.0,0.0,3,0,0,0,0,3,3,0,0,0,6,0,0,2,2,2,0,0,0,75,0,3,0,0,4,0,15,39,6,15,6,0,0,0,29,10,0
D:\Others\assignment\FADI_WEDYAN_OOPS\Final_Project_Repos\sunflow-0.07.2\sunflow-0.07.2\src\org\sunflow\image\SpectralCurve.java,org.sunflow.image.SpectralCurve,class,3,10,7,3,5,1,5,3,0,0.083333336,0.0,0.0,2,0,2,0,0,0,3,1,1,0,6,6,0,6,0,0,6,0,1,25,1,1,1,0,3,1,293,17,9,13,1,0,0,0,75,1025,0
D:\Others\assignment\FADI_WEDYAN_OOPS\Final_Project_Repos\sunflow-0.07.2\sunflow-0.07.2\src\org\sunflow\core\tesselatable\FileMesh.java,org.sunflow.core.tesselatable.FileMesh,class,16,18,2,16,35,1,0,43,9,0.5833334,0.0,0.0,6,0,3,3,0,0,3,0,0,0,2,0,0,2,0,0,0,0,37,188,11,7,8,3,9,33,111,68,77,44,5,0,0,0,107,1,0
D:\Others\assignment\FADI_WEDYAN_OOPS\Final_Project_Repos\sunflow-0.07.2\sunflow-0.07.2\src\org\sunflow\core\display\FrameDisplay.java,org.sunflow.core.display.FrameDisplay$RenderFrame,innerclass,1,1,0,1,1,6,0,4,0,0.0,NaN,NaN,1,0,0,0,0,1,1,0,0,0,1,0,0,0,0,1,0,0,0,16,0,0,0,0,0,2,0,1,1,1,0,1,0,0,27,10,0
D:\Others\assignment\FADI_WEDYAN_OOPS\Final_Project_Repos\sunflow-0.07.2\sunflow-0.07.2\src\org\sunflow\core\LightServer.java,org.sunflow.core.LightServer$CacheEntry,innerclass,1,1,0,1,0,1,0,0,0,NaN,-1.0,-1.0,0,0,0,0,0,0,0,0,0,0,2,0,0,0,0,2,0,0,0,4,0,0,0,0,0,0,0,0,0,3,0,0,0,0,5,10,0
D:\Others\assignment\FADI_WEDYAN_OOPS\Final_Project_Repos\sunflow-0.07.2\sunflow-0.07.2\src\org\sunflow\core\shader\TexturedDiffuseShader.java,org.sunflow.core.shader.TexturedDiffuseShader,class,7,8,1,7,5,2,0,6,0,0.0,0.0,0.0,3,0,3,0,0,0,3,0,0,0,1,0,0,1,0,0,0,0,1,14,2,0,2,0,0,1,0,3,0,2,1,0,0,0,20,1,0
D:\Others\assignment\FADI_WEDYAN_OOPS\Final_Project_Repos\sunflow-0.07.2\sunflow-0.07.2\src\org\sunflow\system\UI.java,org.sunflow.system.UI$Module,enum,0,0,0,0,0,1,0,0,0,0.0,-1.0,-1.0,0,0,0,0,0,0,0,0,0,0,0,0,0,0,0,0,0,0,0,1,0,0,0,0,0,0,0,0,0,0,0,0,0,0,5,1,0
D:\Others\assignment\FADI_WEDYAN_OOPS\Final_Project_Repos\sunflow-0.07.2\sunflow-0.07.2\src\org\sunflow\core\primitive\BanchoffSurface.java,org.sunflow.core.primitive.BanchoffSurface,class,14,15,1,14,15,1,0,24,21,0.0,0.0,0.0,7,0,7,0,0,0,7,0,0,0,0,0,0,0,0,0,0,0,2,58,7,1,3,0,10,0,28,18,57,17,3,0,0,0,51,1,0
D:\Others\assignment\FADI_WEDYAN_OOPS\Final_Project_Repos\sunflow-0.07.2\sunflow-0.07.2\src\org\sunflow\core\light\DirectionalSpotlight.java,org.sunflow.core.light.DirectionalSpotlight,class,10,12,2,10,11,1,0,24,1,0.42857146,0.0,0.0,7,0,7,0,0,0,7,0,0,0,5,0,0,5,0,0,0,0,8,70,4,0,0,0,12,4,15,29,25,14,3,0,0,0,48,1,0
D:\Others\assignment\FADI_WEDYAN_OOPS\Final_Project_Repos\sunflow-0.07.2\sunflow-0.07.2\src\org\sunflow\core\IntersectionState.java,org.sunflow.core.IntersectionState$StackNode,innerclass,0,0,0,0,0,1,0,0,0,NaN,-1.0,-1.0,0,0,0,0,0,0,0,0,0,0,3,0,3,0,0,0,0,0,0,5,0,0,0,0,0,0,0,0,0,3,0,0,0,0,13,25,0
D:\Others\assignment\FADI_WEDYAN_OOPS\Final_Project_Repos\sunflow-0.07.2\sunflow-0.07.2\src\org\sunflow\system\Memory.java,org.sunflow.system.Memory,class,2,6,4,2,5,1,0,2,1,0.0,0.0,0.0,2,2,2,0,0,0,2,0,2,0,0,0,0,0,0,0,0,0,4,10,4,0,1,0,2,3,10,0,7,0,1,0,0,0,7,17,0
D:\Others\assignment\FADI_WEDYAN_OOPS\Final_Project_Repos\sunflow-0.07.2\sunflow-0.07.2\src\org\sunflow\RenderObjectMap.java,org.sunflow.RenderObjectMap$RenderObjectHandle,innerclass,13,13,0,13,24,1,0,3,0,0.05882353,-1.0,-1.0,17,0,0,17,0,0,0,0,0,0,2,0,0,2,0,0,2,0,0,63,9,0,7,0,7,0,0,16,0,2,0,0,0,0,35,26,0
D:\Others\assignment\FADI_WEDYAN_OOPS\Final_Project_Repos\sunflow-0.07.2\sunflow-0.07.2\src\org\sunflow\core\display\ImgPipeDisplay.java,org.sunflow.core.display.ImgPipeDisplay,class,4,6,2,4,14,5,0,9,22,0.625,0.0,0.0,8,0,6,2,0,0,6,0,0,5,1,0,0,1,0,0,0,0,1,81,0,4,0,2,22,1,66,35,40,25,2,0,0,0,61,1,0
D:\Others\assignment\FADI_WEDYAN_OOPS\Final_Project_Repos\sunflow-0.07.2\sunflow-0.07.2\src\org\sunflow\system\Parser.java,org.sunflow.system.Parser,class,2,8,6,2,41,3,0,19,29,0.6818181,0.0,0.0,11,0,9,2,0,0,9,0,0,0,4,0,0,4,0,0,0,0,4,117,17,7,11,1,2,7,8,26,0,16,4,0,1,0,44,1,0
D:\Others\assignment\FADI_WEDYAN_OOPS\Final_Project_Repos\sunflow-0.07.2\sunflow-0.07.2\src\org\sunflow\core\light\SphereLight.java,org.sunflow.core.light.SphereLight,class,16,18,2,16,21,1,0,44,1,0.52727276,0.0,0.0,11,0,11,0,0,0,11,0,0,0,5,0,0,5,0,0,0,0,23,110,10,1,1,0,18,11,30,53,58,41,2,0,0,0,80,1,0
D:\Others\assignment\FADI_WEDYAN_OOPS\Final_Project_Repos\sunflow-0.07.2\sunflow-0.07.2\src\org\sunflow\core\modifiers\NormalMapModifier.java,org.sunflow.core.modifiers.NormalMapModifier,class,8,9,1,8,5,1,0,10,0,0.0,0.0,0.0,3,0,3,0,0,0,3,0,0,0,1,0,0,1,0,0,0,0,2,15,1,0,2,0,0,1,0,3,0,2,1,0,0,0,19,1,0
D:\Others\assignment\FADI_WEDYAN_OOPS\Final_Project_Repos\sunflow-0.07.2\sunflow-0.07.2\src\org\sunflow\core\photonmap\CausticPhotonMap.java,org.sunflow.core.photonmap.CausticPhotonMap$Photon,innerclass,3,3,0,3,9,1,0,2,0,0.52,0.0,0.0,5,0,0,0,0,5,5,0,0,0,10,4,0,0,0,10,4,0,0,50,7,0,0,0,3,0,4,15,10,13,1,0,0,0,36,10,0
D:\Others\assignment\FADI_WEDYAN_OOPS\Final_Project_Repos\sunflow-0.07.2\sunflow-0.07.2\src\org\sunflow\math\Vector3.java,org.sunflow.math.Vector3,class,2,78,76,2,33,1,0,7,0,0.58241755,0.0,0.0,26,6,26,0,0,0,27,0,22,0,5,4,1,4,0,0,4,0,12,160,25,1,0,0,31,1,28,72,69,17,2,0,0,0,51,17,0
D:\Others\assignment\FADI_WEDYAN_OOPS\Final_Project_Repos\sunflow-0.07.2\sunflow-0.07.2\src\org\sunflow\core\filter\FilterFactory.java,org.sunflow.core.filter.FilterFactory,class,9,10,1,9,9,1,0,1,0,0.0,NaN,NaN,1,1,1,0,0,0,1,0,1,0,0,0,0,0,0,0,0,0,0,13,9,0,0,0,0,8,5,0,0,0,8,0,0,0,15,17,0
D:\Others\assignment\FADI_WEDYAN_OOPS\Final_Project_Repos\sunflow-0.07.2\sunflow-0.07.2\src\org\sunflow\core\camera\FisheyeLens.java,org.sunflow.core.camera.FisheyeLens,class,4,5,1,4,3,1,0,1,1,0.0,0.0,0.0,2,0,2,0,0,0,2,0,0,0,0,0,0,0,0,0,0,0,1,12,3,0,0,0,0,0,9,3,10,3,1,0,0,0,24,1,0
D:\Others\assignment\FADI_WEDYAN_OOPS\Final_Project_Repos\sunflow-0.07.2\sunflow-0.07.2\src\org\sunflow\core\accel\BoundingIntervalHierarchy.java,org.sunflow.core.accel.BoundingIntervalHierarchy$BuildStats,innerclass,1,1,0,1,10,1,0,3,0,0.40000007,0.0,0.0,5,0,0,0,0,5,5,0,0,0,15,0,0,15,0,0,0,0,21,87,0,0,0,0,2,17,23,21,21,15,1,0,0,0,28,10,0
D:\Others\assignment\FADI_WEDYAN_OOPS\Final_Project_Repos\sunflow-0.07.2\sunflow-0.07.2\src\org\sunflow\core\AccelerationStructure.java,org.sunflow.core.AccelerationStructure,interface,3,10,7,3,2,1,0,0,1,0.0,0.0,0.0,2,0,2,0,0,0,2,0,0,0,0,0,0,0,0,0,0,0,0,4,0,0,0,0,0,0,0,0,0,0,0,0,0,0,35,1,0
D:\Others\assignment\FADI_WEDYAN_OOPS\Final_Project_Repos\sunflow-0.07.2\sunflow-0.07.2\src\org\sunflow\util\IntArray.java,org.sunflow.util.IntArray,class,1,6,5,1,9,1,0,1,0,0.21428573,0.0,0.0,7,0,7,0,0,0,7,0,5,0,2,0,0,2,0,0,0,0,2,38,3,0,1,0,1,0,10,10,3,4,1,0,0,0,46,17,0
D:\Others\assignment\FADI_WEDYAN_OOPS\Final_Project_Repos\sunflow-0.07.2\sunflow-0.07.2\src\org\sunflow\core\display\FastDisplay.java,org.sunflow.core.display.FastDisplay$Anonymous1,anonymous,0,0,0,0,2,1,0,2,0,0.0,NaN,NaN,1,0,1,0,0,0,1,0,0,0,0,0,0,0,0,0,0,0,1,5,0,0,1,0,0,0,1,0,0,0,1,0,0,0,5,-1,0
D:\Others\assignment\FADI_WEDYAN_OOPS\Final_Project_Repos\sunflow-0.07.2\sunflow-0.07.2\src\org\sunflow\core\IntersectionState.java,org.sunflow.core.IntersectionState,class,3,40,37,3,9,1,0,0,5,0.7291667,0.0,0.0,6,0,6,0,0,0,6,0,5,0,7,1,0,3,0,4,3,0,0,37,4,1,2,0,0,0,6,9,2,9,1,0,1,0,105,17,0
D:\Others\assignment\FADI_WEDYAN_OOPS\Final_Project_Repos\sunflow-0.07.2\sunflow-0.07.2\src\org\sunflow\core\parser\RA2Parser.java,org.sunflow.core.parser.RA2Parser,class,11,12,1,11,10,1,0,29,0,0.0,NaN,NaN,1,0,1,0,0,0,1,0,0,0,0,0,0,0,0,0,0,0,4,79,4,2,0,2,1,22,23,22,5,13,2,0,0,0,54,1,0
D:\Others\assignment\FADI_WEDYAN_OOPS\Final_Project_Repos\sunflow-0.07.2\sunflow-0.07.2\src\org\sunflow\core\shader\TexturedAmbientOcclusionShader.java,org.sunflow.core.shader.TexturedAmbientOcclusionShader,class,7,8,1,7,5,2,0,6,0,0.0,0.0,0.0,3,0,3,0,0,0,3,0,0,0,1,0,0,1,0,0,0,0,1,14,2,0,2,0,0,1,0,3,0,2,1,0,0,0,22,1,0
D:\Others\assignment\FADI_WEDYAN_OOPS\Final_Project_Repos\sunflow-0.07.2\sunflow-0.07.2\src\org\sunflow\core\primitive\Plane.java,org.sunflow.core.primitive.Plane,class,12,14,2,12,21,1,0,26,16,0.6111111,0.0,0.0,8,0,8,0,0,0,8,0,0,0,5,0,0,4,0,1,0,0,10,133,6,0,3,0,9,4,30,68,48,29,3,0,0,0,63,1,0
D:\Others\assignment\FADI_WEDYAN_OOPS\Final_Project_Repos\sunflow-0.07.2\sunflow-0.07.2\src\org\sunflow\core\renderer\ProgressiveRenderer.java,org.sunflow.core.renderer.ProgressiveRenderer,class,13,15,2,13,24,2,0,23,0,0.34375,0.0,0.0,4,0,3,1,0,0,3,0,0,0,6,0,0,6,0,0,0,0,11,117,3,7,4,1,5,3,35,49,26,34,5,0,2,0,70,1,0
D:\Others\assignment\FADI_WEDYAN_OOPS\Final_Project_Repos\sunflow-0.07.2\sunflow-0.07.2\src\org\sunflow\core\primitive\QuadMesh.java,org.sunflow.core.primitive.QuadMesh,class,19,21,2,19,66,1,0,50,0,0.54,0.0,0.0,10,0,9,0,1,0,10,0,0,0,5,0,0,3,2,0,0,0,20,322,10,5,16,1,39,14,191,179,383,132,4,0,0,0,168,1,0
D:\Others\assignment\FADI_WEDYAN_OOPS\Final_Project_Repos\sunflow-0.07.2\sunflow-0.07.2\src\org\sunflow\core\camera\ThinLens.java,org.sunflow.core.camera.ThinLens,class,5,7,2,5,9,1,0,8,0,0.2777778,0.0,0.0,4,0,3,1,0,0,3,0,0,0,7,0,0,7,0,0,0,0,10,83,2,0,1,0,20,6,31,46,49,26,4,0,0,0,47,1,0
D:\Others\assignment\FADI_WEDYAN_OOPS\Final_Project_Repos\sunflow-0.07.2\sunflow-0.07.2\src\org\sunflow\RenderObjectMap.java,org.sunflow.RenderObjectMap,class,17,19,2,17,62,1,0,30,0,0.53333336,0.0,0.0,20,0,0,0,0,20,20,0,19,0,3,0,0,3,0,0,0,0,10,258,17,6,24,0,7,10,3,38,0,27,3,0,2,0,74,16,0
D:\Others\assignment\FADI_WEDYAN_OOPS\Final_Project_Repos\sunflow-0.07.2\sunflow-0.07.2\src\org\sunflow\core\gi\PathTracingGIEngine.java,org.sunflow.core.gi.PathTracingGIEngine,class,12,13,1,12,10,1,0,19,4,0.4,0.0,0.0,5,0,5,0,0,0,5,0,0,0,1,0,0,1,0,0,0,0,8,45,5,1,3,0,1,3,10,18,5,14,3,0,0,0,45,1,0
D:\Others\assignment\FADI_WEDYAN_OOPS\Final_Project_Repos\sunflow-0.07.2\sunflow-0.07.2\src\org\sunflow\system\SearchPath.java,org.sunflow.system.SearchPath,class,1,2,1,1,15,1,0,15,0,0.125,0.0,0.0,4,0,4,0,0,0,4,0,0,0,2,0,0,2,0,0,0,0,5,42,3,2,0,1,0,6,1,8,2,4,4,0,0,0,17,1,0
D:\Others\assignment\FADI_WEDYAN_OOPS\Final_Project_Repos\sunflow-0.07.2\sunflow-0.07.2\src\org\sunflow\core\accel\BoundingIntervalHierarchy.java,org.sunflow.core.accel.BoundingIntervalHierarchy,class,14,16,2,14,109,1,0,29,3,0.5666667,0.0,0.0,6,0,3,3,0,0,3,0,0,0,5,0,0,5,0,0,0,0,34,488,10,9,8,0,51,10,190,182,179,92,4,0,1,0,102,1,0
D:\Others\assignment\FADI_WEDYAN_OOPS\Final_Project_Repos\sunflow-0.07.2\sunflow-0.07.2\src\org\sunflow\core\filter\MitchellFilter.java,org.sunflow.core.filter.MitchellFilter,class,2,4,2,2,4,1,0,2,3,0.0,0.0,0.0,3,0,2,1,0,0,2,0,0,0,0,0,0,0,0,0,0,0,1,17,4,0,0,0,9,0,23,5,38,4,1,0,0,0,15,1,0
D:\Others\assignment\FADI_WEDYAN_OOPS\Final_Project_Repos\sunflow-0.07.2\sunflow-0.07.2\src\org\sunflow\math\PerlinScalar.java,org.sunflow.math.PerlinScalar,class,6,8,2,6,54,1,0,21,255,0.8705882,0.0,0.0,34,34,28,6,0,0,28,0,34,0,5,5,0,5,0,0,5,0,152,237,34,0,0,0,181,0,853,153,365,143,0,0,0,0,79,17,0
D:\Others\assignment\FADI_WEDYAN_OOPS\Final_Project_Repos\sunflow-0.07.2\sunflow-0.07.2\src\org\sunflow\core\Shader.java,org.sunflow.core.Shader,interface,3,43,40,3,2,1,0,0,1,0.0,0.0,0.0,2,0,2,0,0,0,2,0,0,0,0,0,0,0,0,0,0,0,0,4,0,0,0,0,0,0,0,0,0,0,0,0,0,0,63,1,0
D:\Others\assignment\FADI_WEDYAN_OOPS\Final_Project_Repos\sunflow-0.07.2\sunflow-0.07.2\src\org\sunflow\core\SceneParser.java,org.sunflow.core.SceneParser,interface,1,7,6,1,1,1,0,0,0,0.0,NaN,NaN,1,0,1,0,0,0,1,0,0,0,0,0,0,0,0,0,0,0,0,3,0,0,0,0,0,0,0,0,0,0,0,0,0,0,30,1,0
D:\Others\assignment\FADI_WEDYAN_OOPS\Final_Project_Repos\sunflow-0.07.2\sunflow-0.07.2\src\org\sunflow\core\display\FileDisplay.java,org.sunflow.core.display.FileDisplay,class,3,6,3,3,17,1,0,5,0,0.2857143,0.0,0.0,7,0,7,0,0,0,7,0,0,0,2,0,0,2,0,0,0,0,0,27,0,4,6,0,2,3,7,11,6,8,2,0,0,0,28,1,0
D:\Others\assignment\FADI_WEDYAN_OOPS\Final_Project_Repos\sunflow-0.07.2\sunflow-0.07.2\src\org\sunflow\core\shader\ViewGlobalPhotonsShader.java,org.sunflow.core.shader.ViewGlobalPhotonsShader,class,5,6,1,5,3,1,0,2,3,0.0,0.0,0.0,3,0,3,0,0,0,3,0,0,0,0,0,0,0,0,0,0,0,0,11,2,0,0,0,0,0,0,0,0,0,0,0,0,0,22,1,0
D:\Others\assignment\FADI_WEDYAN_OOPS\Final_Project_Repos\sunflow-0.07.2\sunflow-0.07.2\src\org\sunflow\core\ShadingState.java,org.sunflow.core.ShadingState$LightSampleIterator,innerclass,1,1,0,1,5,1,0,0,0,0.25,0.0,0.0,4,0,3,0,0,1,4,0,0,0,1,0,0,1,0,0,0,0,0,17,2,0,1,0,0,0,0,3,0,2,0,0,0,0,14,10,0
D:\Others\assignment\FADI_WEDYAN_OOPS\Final_Project_Repos\sunflow-0.07.2\sunflow-0.07.2\src\org\sunflow\RealtimeBenchmark.java,org.sunflow.RealtimeBenchmark,class,20,22,2,20,4,2,0,32,1,0.0,NaN,NaN,2,0,1,1,0,0,1,0,0,0,0,0,0,0,0,0,0,0,20,93,0,1,0,0,0,62,62,19,5,9,1,0,0,0,72,1,0
D:\Others\assignment\FADI_WEDYAN_OOPS\Final_Project_Repos\sunflow-0.07.2\sunflow-0.07.2\src\SunflowGUI.java,SunflowGUI,class,26,48,22,26,137,7,0,109,223,0.93675864,0.0,0.0,23,2,7,16,0,0,7,0,0,0,55,2,0,55,0,0,2,0,78,1125,7,3,20,5,1,178,94,178,57,117,5,31,1,0,370,1,0
D:\Others\assignment\FADI_WEDYAN_OOPS\Final_Project_Repos\sunflow-0.07.2\sunflow-0.07.2\src\org\sunflow\core\filter\BoxFilter.java,org.sunflow.core.filter.BoxFilter,class,1,3,2,1,3,1,0,0,1,0.33333334,0.0,0.0,3,0,3,0,0,0,3,0,0,0,1,0,0,1,0,0,0,0,0,12,2,0,0,0,0,0,1,1,0,1,0,0,0,0,7,1,0
D:\Others\assignment\FADI_WEDYAN_OOPS\Final_Project_Repos\sunflow-0.07.2\sunflow-0.07.2\src\org\sunflow\math\PerlinVector.java,org.sunflow.math.PerlinVector,class,5,6,1,5,28,1,0,28,138,0.5714286,0.0,0.0,28,28,28,0,0,0,28,0,28,0,9,9,0,9,0,0,9,0,60,95,28,0,0,0,0,0,9,9,108,9,0,0,0,0,48,1,0
D:\Others\assignment\FADI_WEDYAN_OOPS\Final_Project_Repos\sunflow-0.07.2\sunflow-0.07.2\src\org\sunflow\core\photonmap\GlobalPhotonMap.java,org.sunflow.core.photonmap.GlobalPhotonMap,class,13,15,2,13,64,1,0,42,17,0.72023803,0.0,0.0,14,0,10,4,0,0,10,0,0,0,12,0,0,12,0,0,0,0,33,434,9,13,8,0,24,12,76,131,51,67,4,0,2,0,142,17,0
D:\Others\assignment\FADI_WEDYAN_OOPS\Final_Project_Repos\sunflow-0.07.2\sunflow-0.07.2\src\org\sunflow\core\LightSample.java,org.sunflow.core.LightSample,class,5,19,14,5,12,1,0,4,0,0.5277778,0.0,0.0,9,0,8,0,0,1,9,0,1,0,4,0,0,3,0,1,0,0,2,38,5,0,3,0,0,0,0,8,0,5,0,0,0,0,88,1,0
D:\Others\assignment\FADI_WEDYAN_OOPS\Final_Project_Repos\sunflow-0.07.2\sunflow-0.07.2\src\org\sunflow\util\FloatArray.java,org.sunflow.util.FloatArray,class,1,4,3,1,9,1,0,1,0,0.21428573,0.0,0.0,7,0,7,0,0,0,7,0,5,0,2,0,0,2,0,0,0,0,2,38,3,0,1,0,1,0,10,10,3,4,1,0,0,0,44,17,0
D:\Others\assignment\FADI_WEDYAN_OOPS\Final_Project_Repos\sunflow-0.07.2\sunflow-0.07.2\src\org\sunflow\core\ParameterList.java,org.sunflow.core.ParameterList$ParameterType,enum,0,0,0,0,0,1,0,0,0,0.0,-1.0,-1.0,0,0,0,0,0,0,0,0,0,0,0,0,0,0,0,0,0,0,0,1,0,0,0,0,0,0,0,0,0,0,0,0,0,0,7,2,0
D:\Others\assignment\FADI_WEDYAN_OOPS\Final_Project_Repos\sunflow-0.07.2\sunflow-0.07.2\src\org\sunflow\core\PhotonStore.java,org.sunflow.core.PhotonStore,interface,4,11,7,4,7,1,0,0,21,0.0,0.0,0.0,7,0,0,0,0,7,7,0,0,0,0,0,0,0,0,0,0,0,0,9,0,0,0,0,0,0,0,0,0,0,0,0,0,0,72,1,0
D:\Others\assignment\FADI_WEDYAN_OOPS\Final_Project_Repos\sunflow-0.07.2\sunflow-0.07.2\src\org\sunflow\SunflowAPI.java,org.sunflow.SunflowAPI,class,40,115,75,40,107,1,3,79,230,0.8622222,0.0,0.0,45,3,41,4,0,0,41,0,36,0,10,2,2,8,0,0,2,0,53,389,38,1,24,3,1,77,4,45,3,30,6,0,0,0,389,1,0
D:\Others\assignment\FADI_WEDYAN_OOPS\Final_Project_Repos\sunflow-0.07.2\sunflow-0.07.2\src\org\sunflow\core\primitive\Background.java,org.sunflow.core.primitive.Background,class,9,10,1,9,10,1,0,6,28,0.0,0.0,0.0,8,0,8,0,0,0,8,0,0,0,0,0,0,0,0,0,0,0,0,25,5,0,2,0,0,0,7,0,0,0,1,0,0,0,31,1,0
D:\Others\assignment\FADI_WEDYAN_OOPS\Final_Project_Repos\sunflow-0.07.2\sunflow-0.07.2\src\org\sunflow\core\bucket\DiagonalBucketOrder.java,org.sunflow.core.bucket.DiagonalBucketOrder,class,2,3,1,2,6,1,0,0,0,0.0,NaN,NaN,1,0,1,0,0,0,1,0,0,0,0,0,0,0,0,0,0,0,0,24,1,2,2,0,2,0,12,10,8,6,3,0,0,0,13,1,0
D:\Others\assignment\FADI_WEDYAN_OOPS\Final_Project_Repos\sunflow-0.07.2\sunflow-0.07.2\src\org\sunflow\util\FastHashMap.java,org.sunflow.util.FastHashMap$Entry,innerclass,2,2,0,2,6,1,0,0,0,0.4,0.0,0.0,5,0,2,3,0,0,2,0,0,0,2,0,0,2,0,0,1,0,0,20,3,0,1,0,0,0,0,3,0,2,0,0,0,0,12,9,0
D:\Others\assignment\FADI_WEDYAN_OOPS\Final_Project_Repos\sunflow-0.07.2\sunflow-0.07.2\src\org\sunflow\core\shader\ShinyDiffuseShader.java,org.sunflow.core.shader.ShinyDiffuseShader,class,9,13,4,9,8,1,1,31,0,0.3,0.0,0.0,5,0,5,0,0,0,5,0,0,0,2,0,0,2,0,0,0,0,6,70,4,0,0,0,6,2,15,35,26,25,1,0,0,0,47,1,0
D:\Others\assignment\FADI_WEDYAN_OOPS\Final_Project_Repos\sunflow-0.07.2\sunflow-0.07.2\src\org\sunflow\core\gi\IrradianceCacheGIEngine.java,org.sunflow.core.gi.IrradianceCacheGIEngine,class,21,23,2,21,35,1,0,46,0,0.5,0.0,0.0,6,0,4,2,0,0,4,0,0,0,8,0,0,8,0,0,0,0,21,203,11,2,12,0,14,18,49,72,17,45,3,0,2,0,81,1,0
D:\Others\assignment\FADI_WEDYAN_OOPS\Final_Project_Repos\sunflow-0.07.2\sunflow-0.07.2\src\org\sunflow\core\camera\SphericalLens.java,org.sunflow.core.camera.SphericalLens,class,4,5,1,4,2,1,0,2,1,0.0,0.0,0.0,2,0,2,0,0,0,2,0,0,0,0,0,0,0,0,0,0,0,5,10,2,0,0,0,4,0,6,2,9,2,0,0,0,0,22,1,0
D:\Others\assignment\FADI_WEDYAN_OOPS\Final_Project_Repos\sunflow-0.07.2\sunflow-0.07.2\src\org\sunflow\core\renderer\BucketRenderer.java,org.sunflow.core.renderer.BucketRenderer$BucketThread,innerclass,3,3,0,3,5,2,0,3,0,0.0,0.0,0.0,2,0,1,0,0,1,2,0,0,0,1,0,0,1,0,0,0,0,2,21,2,1,0,0,0,0,3,5,2,4,3,0,0,0,15,2,0
D:\Others\assignment\FADI_WEDYAN_OOPS\Final_Project_Repos\sunflow-0.07.2\sunflow-0.07.2\src\org\sunflow\core\light\SunSkyLight.java,org.sunflow.core.light.SunSkyLight,class,26,28,2,26,49,1,0,59,154,0.91785705,0.0,0.0,20,0,15,5,0,0,15,0,0,0,26,11,0,26,0,0,14,0,42,228,13,8,8,0,45,10,404,129,184,93,3,0,0,0,135,1,0
D:\Others\assignment\FADI_WEDYAN_OOPS\Final_Project_Repos\sunflow-0.07.2\sunflow-0.07.2\src\org\sunflow\core\bucket\HilbertBucketOrder.java,org.sunflow.core.bucket.HilbertBucketOrder,class,2,3,1,2,10,1,0,0,0,0.0,NaN,NaN,1,0,1,0,0,0,1,0,0,0,0,0,0,0,0,0,0,0,0,44,1,3,0,0,31,0,46,31,32,14,2,0,0,0,34,1,0
D:\Others\assignment\FADI_WEDYAN_OOPS\Final_Project_Repos\sunflow-0.07.2\sunflow-0.07.2\src\org\sunflow\system\Parser.java,org.sunflow.system.Parser$ParserException,innerclass,0,0,0,0,1,3,0,1,0,0.0,-1.0,-1.0,1,0,0,1,0,0,0,0,0,0,0,0,0,0,0,0,0,0,1,5,0,0,0,0,0,2,0,0,0,0,0,0,0,0,3,9,0
D:\Others\assignment\FADI_WEDYAN_OOPS\Final_Project_Repos\sunflow-0.07.2\sunflow-0.07.2\src\org\sunflow\core\TextureCache.java,org.sunflow.core.TextureCache,class,2,12,10,2,4,1,0,5,1,0.33333334,0.0,0.0,3,2,2,1,0,0,2,0,0,2,1,1,0,1,0,0,0,0,3,19,2,0,0,0,0,3,0,2,0,2,1,0,0,0,57,17,0
D:\Others\assignment\FADI_WEDYAN_OOPS\Final_Project_Repos\sunflow-0.07.2\sunflow-0.07.2\src\org\sunflow\core\light\ImageBasedLight.java,org.sunflow.core.light.ImageBasedLight,class,21,23,2,21,59,1,0,51,125,0.8472222,0.0,0.0,18,0,15,3,0,0,15,0,0,0,8,0,0,8,0,0,0,0,15,186,13,11,18,0,50,10,83,78,81,59,4,0,0,0,89,1,0
D:\Others\assignment\FADI_WEDYAN_OOPS\Final_Project_Repos\sunflow-0.07.2\sunflow-0.07.2\src\org\sunflow\core\shader\ViewCausticsShader.java,org.sunflow.core.shader.ViewCausticsShader,class,6,7,1,6,4,1,0,8,3,0.0,0.0,0.0,3,0,3,0,0,0,3,0,0,0,0,0,0,0,0,0,0,0,1,14,2,1,0,0,0,0,1,1,1,1,1,0,0,0,25,1,0
D:\Others\assignment\FADI_WEDYAN_OOPS\Final_Project_Repos\sunflow-0.07.2\sunflow-0.07.2\src\org\sunflow\core\Options.java,org.sunflow.core.Options,class,6,22,16,6,2,2,0,4,0,0.0,NaN,NaN,1,0,1,0,0,0,1,0,0,0,0,0,0,0,0,0,0,0,0,9,1,1,0,0,0,0,0,0,0,0,1,0,0,0,19,17,0
