file,class,type,cbo,cboModified,fanin,fanout,wmc,dit,noc,rfc,lcom,lcom*,tcc,lcc,totalMethodsQty,staticMethodsQty,publicMethodsQty,privateMethodsQty,protectedMethodsQty,defaultMethodsQty,visibleMethodsQty,abstractMethodsQty,finalMethodsQty,synchronizedMethodsQty,totalFieldsQty,staticFieldsQty,publicFieldsQty,privateFieldsQty,protectedFieldsQty,defaultFieldsQty,finalFieldsQty,synchronizedFieldsQty,nosi,loc,returnQty,loopQty,comparisonsQty,tryCatchQty,parenthesizedExpsQty,stringLiteralsQty,numbersQty,assignmentsQty,mathOperationsQty,variablesQty,maxNestedBlocksQty,anonymousClassesQty,innerClassesQty,lambdasQty,uniqueWordsQty,modifiers,logStatementsQty
D:\Others\assignment\FADI_WEDYAN_OOPS\Final_Project_Repos\trove-2.1.0\trove-2.1.0\src\gnu\trove\TLinkableAdapter.java,gnu.trove.TLinkableAdapter,class,1,6,5,1,4,1,2,0,2,0.5,0.0,0.0,4,0,4,0,0,0,4,0,0,0,1,0,0,0,0,1,0,0,0,15,2,0,0,0,0,0,0,2,0,2,0,0,0,0,41,1,0
D:\Others\assignment\FADI_WEDYAN_OOPS\Final_Project_Repos\trove-2.1.0\trove-2.1.0\src\gnu\trove\benchmark\TextReporter.java,gnu.trove.benchmark.TextReporter,class,2,3,1,2,6,1,0,3,0,0.0,0.0,0.0,5,0,3,0,0,2,5,0,0,0,1,0,0,0,0,1,0,0,1,26,0,1,0,0,0,7,1,3,1,3,1,0,0,0,16,0,0
D:\Others\assignment\FADI_WEDYAN_OOPS\Final_Project_Repos\trove-2.1.0\trove-2.1.0\src\gnu\trove\THashSet.java,gnu.trove.THashSet,class,10,17,7,10,46,3,0,39,276,1.0,0.0,0.0,24,0,23,0,1,0,24,0,0,0,1,1,0,0,0,1,1,0,3,188,17,6,5,0,2,2,13,36,1,28,3,1,1,0,158,1,0
D:\Others\assignment\FADI_WEDYAN_OOPS\Final_Project_Repos\trove-2.1.0\trove-2.1.0\src\gnu\trove\THashMap.java,gnu.trove.THashMap,class,11,25,14,11,75,14,0,45,379,0.7941177,0.0,0.0,34,0,30,1,3,0,33,0,0,0,2,1,0,0,1,1,1,0,3,449,27,9,21,1,5,2,22,59,3,45,3,1,7,0,207,1,0
D:\Others\assignment\FADI_WEDYAN_OOPS\Final_Project_Repos\trove-2.1.0\trove-2.1.0\src\gnu\trove\benchmark\MemoryUsage.java,gnu.trove.benchmark.MemoryUsage$Creator,interface,0,0,0,0,1,1,0,0,0,0.0,NaN,NaN,1,0,0,0,0,1,1,0,0,0,0,0,0,0,0,0,0,0,0,3,0,0,0,0,0,0,0,0,0,0,0,0,0,0,3,0,0
D:\Others\assignment\FADI_WEDYAN_OOPS\Final_Project_Repos\trove-2.1.0\trove-2.1.0\src\gnu\trove\TObjectHashingStrategy.java,gnu.trove.TObjectHashingStrategy,interface,1,10,9,1,2,1,0,0,1,0.0,0.0,0.0,2,0,0,0,0,2,2,0,0,0,0,0,0,0,0,0,0,0,0,4,0,0,0,0,0,0,0,0,0,0,0,0,0,0,67,1,0
D:\Others\assignment\FADI_WEDYAN_OOPS\Final_Project_Repos\trove-2.1.0\trove-2.1.0\src\gnu\trove\benchmark\Main.java,gnu.trove.benchmark.Main$Anonymous10,anonymous,0,0,0,0,1,1,0,1,0,0.0,NaN,NaN,1,0,1,0,0,0,1,0,0,0,1,0,0,0,0,1,0,0,0,7,1,0,0,0,1,0,1,2,0,1,0,0,0,0,6,-1,0
D:\Others\assignment\FADI_WEDYAN_OOPS\Final_Project_Repos\trove-2.1.0\trove-2.1.0\src\gnu\trove\benchmark\Main.java,gnu.trove.benchmark.Main$Anonymous11,anonymous,1,1,0,1,5,1,0,6,6,0.0,0.0,0.0,4,0,4,0,0,0,4,0,0,0,0,0,0,0,0,0,0,0,0,17,2,1,0,0,1,2,1,3,1,2,1,0,0,0,30,-1,0
D:\Others\assignment\FADI_WEDYAN_OOPS\Final_Project_Repos\trove-2.1.0\trove-2.1.0\src\gnu\trove\benchmark\Main.java,gnu.trove.benchmark.Main$Anonymous12,anonymous,1,1,0,1,7,1,0,5,6,0.0,0.0,0.0,4,0,4,0,0,0,4,0,0,0,0,0,0,0,0,0,0,0,0,23,2,2,0,0,0,1,6,5,0,5,2,0,0,0,22,-1,0
D:\Others\assignment\FADI_WEDYAN_OOPS\Final_Project_Repos\trove-2.1.0\trove-2.1.0\test\gnu\trove\O2PHashMapTest.java,gnu.trove.O2PHashMapTest$Anonymous1,anonymous,0,0,0,0,3,1,0,0,0,0.0,NaN,NaN,1,0,1,0,0,0,1,0,0,0,0,0,0,0,0,0,0,0,0,7,3,0,0,0,0,0,2,0,0,0,1,0,0,0,4,-1,0
D:\Others\assignment\FADI_WEDYAN_OOPS\Final_Project_Repos\trove-2.1.0\trove-2.1.0\src\gnu\trove\THashMap.java,gnu.trove.THashMap$Anonymous1,anonymous,2,2,0,2,2,1,0,2,0,0.0,NaN,NaN,1,0,1,0,0,0,1,0,0,0,1,0,0,1,0,0,0,0,0,11,1,0,0,0,0,2,0,2,0,1,1,0,0,0,8,-1,0
D:\Others\assignment\FADI_WEDYAN_OOPS\Final_Project_Repos\trove-2.1.0\trove-2.1.0\src\gnu\trove\TObjectIdentityHashingStrategy.java,gnu.trove.TObjectIdentityHashingStrategy,class,2,4,2,2,3,1,0,1,1,0.0,0.0,0.0,2,0,2,0,0,0,2,0,2,0,0,0,0,0,0,0,0,0,1,8,2,0,1,0,0,0,0,0,0,0,0,0,0,0,51,17,0
D:\Others\assignment\FADI_WEDYAN_OOPS\Final_Project_Repos\trove-2.1.0\trove-2.1.0\src\gnu\trove\benchmark\MemoryUsage.java,gnu.trove.benchmark.MemoryUsage,class,11,13,2,11,8,1,0,14,6,0.0,0.0,0.0,4,4,2,2,0,0,2,0,0,0,0,0,0,0,0,0,0,0,20,167,2,1,0,3,1,4,9,19,3,14,2,0,10,0,49,1,0
D:\Others\assignment\FADI_WEDYAN_OOPS\Final_Project_Repos\trove-2.1.0\trove-2.1.0\src\gnu\trove\TLinkable.java,gnu.trove.TLinkable,interface,1,7,6,1,4,1,0,0,6,0.0,0.0,0.0,4,0,4,0,0,0,4,0,0,0,0,0,0,0,0,0,0,0,0,6,0,0,0,0,0,0,0,0,0,0,0,0,0,0,33,1,0
D:\Others\assignment\FADI_WEDYAN_OOPS\Final_Project_Repos\trove-2.1.0\trove-2.1.0\test\gnu\trove\O2PHashMapTest.java,gnu.trove.O2PHashMapTest$Anonymous3,anonymous,0,0,0,0,1,1,0,0,0,0.0,NaN,NaN,1,0,1,0,0,0,1,0,0,0,0,0,0,0,0,0,0,0,0,5,1,0,0,0,0,0,0,0,0,0,0,0,0,0,3,-1,0
D:\Others\assignment\FADI_WEDYAN_OOPS\Final_Project_Repos\trove-2.1.0\trove-2.1.0\test\gnu\trove\O2PHashMapTest.java,gnu.trove.O2PHashMapTest$Anonymous2,anonymous,0,0,0,0,2,1,0,0,0,0.0,NaN,NaN,1,0,1,0,0,0,1,0,0,0,0,0,0,0,0,0,0,0,0,6,2,0,0,0,0,0,1,0,0,0,1,0,0,0,4,-1,0
D:\Others\assignment\FADI_WEDYAN_OOPS\Final_Project_Repos\trove-2.1.0\trove-2.1.0\src\gnu\trove\THashMap.java,gnu.trove.THashMap$KeyView,innerclass,4,4,0,4,4,4,0,2,3,0.0,0.0,0.0,3,0,3,0,0,0,3,0,0,0,0,0,0,0,0,0,0,0,0,11,3,0,1,0,0,0,0,0,0,0,0,0,0,0,15,4,0
D:\Others\assignment\FADI_WEDYAN_OOPS\Final_Project_Repos\trove-2.1.0\trove-2.1.0\test\gnu\trove\TIdentityHashMapTest.java,gnu.trove.TIdentityHashMapTest,class,4,4,0,4,4,4,0,4,6,0.0,0.0,0.0,4,0,4,0,0,0,4,0,0,0,0,0,0,0,0,0,0,0,2,21,0,0,0,0,0,0,3,4,0,2,0,0,0,0,29,1,0
D:\Others\assignment\FADI_WEDYAN_OOPS\Final_Project_Repos\trove-2.1.0\trove-2.1.0\src\gnu\trove\TObjectFunction.java,gnu.trove.TObjectFunction,interface,2,4,2,2,1,1,0,0,0,0.0,NaN,NaN,1,0,1,0,0,0,1,0,0,0,0,0,0,0,0,0,0,0,0,3,0,0,0,0,0,0,0,0,0,0,0,0,0,0,25,1,0
D:\Others\assignment\FADI_WEDYAN_OOPS\Final_Project_Repos\trove-2.1.0\trove-2.1.0\src\gnu\trove\THashMap.java,gnu.trove.THashMap$ValueView$Anonymous2,anonymous,1,1,0,1,1,1,0,0,0,0.0,NaN,NaN,1,0,0,0,1,0,1,0,0,0,0,0,0,0,0,0,0,0,0,5,1,0,0,0,0,0,0,0,0,0,0,0,0,0,5,-1,0
D:\Others\assignment\FADI_WEDYAN_OOPS\Final_Project_Repos\trove-2.1.0\trove-2.1.0\test\gnu\trove\THashMapTest.java,gnu.trove.THashMapTest$BadHashInteger,innerclass,1,1,0,1,7,1,0,1,1,0.33333334,0.0,0.0,3,0,2,0,0,1,3,0,0,0,1,0,0,1,0,0,1,0,0,16,5,0,4,0,0,0,1,2,0,2,1,0,0,0,15,10,0
D:\Others\assignment\FADI_WEDYAN_OOPS\Final_Project_Repos\trove-2.1.0\trove-2.1.0\test\gnu\trove\P2OHashMapTest.java,gnu.trove.P2OHashMapTest,class,6,6,0,6,10,3,0,21,15,0.0,0.0,0.0,6,0,6,0,0,0,6,0,0,0,0,0,0,0,0,0,0,0,30,85,0,3,0,0,0,34,29,23,1,16,2,0,0,0,40,1,0
D:\Others\assignment\FADI_WEDYAN_OOPS\Final_Project_Repos\trove-2.1.0\trove-2.1.0\src\gnu\trove\benchmark\MemoryUsage.java,gnu.trove.benchmark.MemoryUsage$JavasoftSetCreator,innerclass,1,1,0,1,2,1,0,1,0,0.0,NaN,NaN,1,0,1,0,0,0,1,0,0,0,0,0,0,0,0,0,0,0,0,10,1,1,0,0,0,0,2,3,0,3,1,0,0,0,10,8,0
D:\Others\assignment\FADI_WEDYAN_OOPS\Final_Project_Repos\trove-2.1.0\trove-2.1.0\src\gnu\trove\benchmark\MemoryUsage.java,gnu.trove.benchmark.MemoryUsage$JavasoftListCreator,innerclass,2,2,0,2,2,1,0,1,0,0.0,NaN,NaN,1,0,1,0,0,0,1,0,0,0,0,0,0,0,0,0,0,0,0,10,1,1,0,0,0,0,2,3,0,3,1,0,0,0,12,8,0
D:\Others\assignment\FADI_WEDYAN_OOPS\Final_Project_Repos\trove-2.1.0\trove-2.1.0\src\gnu\trove\TIterator.java,gnu.trove.TIterator,class,2,7,5,2,8,1,2,6,4,0.53333336,0.0,0.0,5,0,3,0,2,0,5,1,1,0,3,0,0,0,3,0,1,0,0,32,1,0,1,1,1,0,2,4,0,3,1,0,0,0,95,1024,0
D:\Others\assignment\FADI_WEDYAN_OOPS\Final_Project_Repos\trove-2.1.0\trove-2.1.0\test\gnu\trove\THashSetTest.java,gnu.trove.THashSetTest$Crap,innerclass,1,1,0,1,2,1,0,1,1,0.0,0.0,0.0,2,0,2,0,0,0,2,0,0,0,0,0,0,0,0,0,0,0,1,8,2,0,0,0,0,0,0,0,0,0,0,0,0,0,6,9,0
D:\Others\assignment\FADI_WEDYAN_OOPS\Final_Project_Repos\trove-2.1.0\trove-2.1.0\src\gnu\trove\benchmark\MemoryUsage.java,gnu.trove.benchmark.MemoryUsage$JavasoftMapCreator,innerclass,1,1,0,1,2,1,0,1,0,0.0,NaN,NaN,1,0,1,0,0,0,1,0,0,0,0,0,0,0,0,0,0,0,0,10,1,1,0,0,0,0,2,3,0,3,1,0,0,0,10,8,0
D:\Others\assignment\FADI_WEDYAN_OOPS\Final_Project_Repos\trove-2.1.0\trove-2.1.0\src\gnu\trove\SerializationProcedure.java,gnu.trove.SerializationProcedure,class,56,58,2,56,113,1,0,7,0,0.00877193,0.0,0.0,57,0,56,0,0,1,57,0,0,0,2,0,0,1,0,1,1,0,0,616,112,0,0,56,0,0,0,57,0,2,1,0,0,0,56,0,0
D:\Others\assignment\FADI_WEDYAN_OOPS\Final_Project_Repos\trove-2.1.0\trove-2.1.0\src\gnu\trove\benchmark\MemoryUsage.java,gnu.trove.benchmark.MemoryUsage$TroveMapCreator,innerclass,2,2,0,2,2,1,0,1,0,0.0,NaN,NaN,1,0,1,0,0,0,1,0,0,0,0,0,0,0,0,0,0,0,0,10,1,1,0,0,0,0,2,3,0,3,1,0,0,0,11,8,0
D:\Others\assignment\FADI_WEDYAN_OOPS\Final_Project_Repos\trove-2.1.0\trove-2.1.0\src\gnu\trove\THashMap.java,gnu.trove.THashMap$EntryView,innerclass,5,5,0,5,11,6,0,8,10,0.0,0.0,0.0,5,0,3,0,2,0,5,0,0,0,0,0,0,0,0,0,0,0,0,38,6,0,4,0,2,0,1,5,0,5,2,0,1,0,28,4,0
D:\Others\assignment\FADI_WEDYAN_OOPS\Final_Project_Repos\trove-2.1.0\trove-2.1.0\src\gnu\trove\benchmark\Operation.java,gnu.trove.benchmark.Operation,interface,0,3,3,0,3,1,0,0,3,0.0,0.0,0.0,3,0,3,0,0,0,3,0,0,0,0,0,0,0,0,0,0,0,0,5,0,0,0,0,0,0,0,0,0,0,0,0,0,0,6,1,0
D:\Others\assignment\FADI_WEDYAN_OOPS\Final_Project_Repos\trove-2.1.0\trove-2.1.0\test\gnu\trove\SerializationTest.java,gnu.trove.SerializationTest$LinkedNode,innerclass,2,2,0,2,7,2,0,1,0,0.0,0.0,0.0,3,0,2,0,0,1,3,0,0,0,1,0,0,1,0,0,1,0,0,16,5,0,4,0,0,0,0,2,0,2,1,0,0,0,17,10,0
D:\Others\assignment\FADI_WEDYAN_OOPS\Final_Project_Repos\trove-2.1.0\trove-2.1.0\test\gnu\trove\O2PHashMapTest.java,gnu.trove.O2PHashMapTest,class,10,10,0,10,20,3,0,42,66,0.0,0.0,0.0,12,0,12,0,0,0,12,0,0,0,0,0,0,0,0,0,0,0,89,256,0,6,0,0,1,120,105,39,1,29,2,3,0,0,56,1,0
D:\Others\assignment\FADI_WEDYAN_OOPS\Final_Project_Repos\trove-2.1.0\trove-2.1.0\test\gnu\trove\SerializationTest.java,gnu.trove.SerializationTest$CaseInsensitiveHashingStrategy,innerclass,1,1,0,1,2,1,0,3,1,0.0,0.0,0.0,2,0,2,0,0,0,2,0,0,0,0,0,0,0,0,0,0,0,0,8,2,0,0,0,0,0,0,0,0,0,0,0,0,0,10,8,0
D:\Others\assignment\FADI_WEDYAN_OOPS\Final_Project_Repos\trove-2.1.0\trove-2.1.0\src\gnu\trove\benchmark\MemoryUsage.java,gnu.trove.benchmark.MemoryUsage$TroveIntArrayListCreator,innerclass,2,2,0,2,2,1,0,2,0,0.0,NaN,NaN,1,0,1,0,0,0,1,0,0,0,0,0,0,0,0,0,0,0,0,10,1,1,0,0,0,0,2,2,0,2,1,0,0,0,10,8,0
D:\Others\assignment\FADI_WEDYAN_OOPS\Final_Project_Repos\trove-2.1.0\trove-2.1.0\src\gnu\trove\benchmark\Timer.java,gnu.trove.benchmark.Timer,interface,2,4,2,2,4,1,0,0,6,0.0,0.0,0.0,4,0,4,0,0,0,4,0,0,0,0,0,0,0,0,0,0,0,0,6,0,0,0,0,0,0,0,0,0,0,0,0,0,0,7,1,0
D:\Others\assignment\FADI_WEDYAN_OOPS\Final_Project_Repos\trove-2.1.0\trove-2.1.0\src\gnu\trove\THashMap.java,gnu.trove.THashMap$MapBackedView,innerclass,4,4,0,4,22,3,0,17,91,0.0,0.0,0.0,14,0,14,0,0,0,14,3,0,0,0,0,0,0,0,0,0,0,1,64,9,4,0,0,0,0,2,15,0,10,2,0,0,0,32,1026,0
D:\Others\assignment\FADI_WEDYAN_OOPS\Final_Project_Repos\trove-2.1.0\trove-2.1.0\src\gnu\trove\generate\Generate.java,gnu.trove.generate.Generate$WrapperInfo,innerclass,0,0,0,0,1,1,0,0,0,0.0,NaN,NaN,1,0,0,0,0,1,1,0,0,0,4,0,0,0,0,4,4,0,0,12,0,0,0,0,0,2,0,4,2,4,0,0,0,0,8,10,0
D:\Others\assignment\FADI_WEDYAN_OOPS\Final_Project_Repos\trove-2.1.0\trove-2.1.0\test\gnu\trove\PrimeFinderTest.java,gnu.trove.PrimeFinderTest,class,3,3,0,3,2,3,0,2,1,0.0,0.0,0.0,2,0,2,0,0,0,2,0,0,0,0,0,0,0,0,0,0,0,2,9,0,0,0,0,0,0,2,1,0,1,0,0,0,0,16,1,0
D:\Others\assignment\FADI_WEDYAN_OOPS\Final_Project_Repos\trove-2.1.0\trove-2.1.0\src\gnu\trove\benchmark\XMLReporter.java,gnu.trove.benchmark.XMLReporter,class,2,2,0,2,6,1,0,11,0,0.0,0.0,0.0,5,0,3,0,0,2,5,0,0,0,1,0,0,0,0,1,0,0,1,45,0,1,0,0,0,20,1,4,0,3,1,0,0,0,32,0,0
D:\Others\assignment\FADI_WEDYAN_OOPS\Final_Project_Repos\trove-2.1.0\trove-2.1.0\src\gnu\trove\TObjectObjectProcedure.java,gnu.trove.TObjectObjectProcedure,interface,2,7,5,2,1,1,0,0,0,0.0,NaN,NaN,1,0,1,0,0,0,1,0,0,0,0,0,0,0,0,0,0,0,0,3,0,0,0,0,0,0,0,0,0,0,0,0,0,0,35,1,0
D:\Others\assignment\FADI_WEDYAN_OOPS\Final_Project_Repos\trove-2.1.0\trove-2.1.0\src\gnu\trove\THashSet.java,gnu.trove.THashSet$Anonymous1,anonymous,0,0,0,0,2,1,0,2,0,0.0,NaN,NaN,1,0,1,0,0,0,1,0,0,0,1,0,0,1,0,0,0,0,0,9,1,0,0,0,0,1,0,2,0,1,1,0,0,0,6,-1,0
D:\Others\assignment\FADI_WEDYAN_OOPS\Final_Project_Repos\trove-2.1.0\trove-2.1.0\src\gnu\trove\benchmark\Reporter.java,gnu.trove.benchmark.Reporter,interface,1,4,3,1,3,1,0,0,3,0.6666667,0.0,0.0,3,0,0,0,0,3,3,0,0,0,1,1,1,0,0,0,1,0,0,6,0,0,0,0,0,5,0,1,0,1,0,0,0,0,14,0,0
D:\Others\assignment\FADI_WEDYAN_OOPS\Final_Project_Repos\trove-2.1.0\trove-2.1.0\src\gnu\trove\PrimeFinder.java,gnu.trove.PrimeFinder,class,1,3,2,1,3,1,0,2,0,0.5,0.0,0.0,1,1,1,0,0,0,2,0,1,0,2,2,1,1,0,0,2,0,2,14,1,0,0,0,0,0,246,4,1,3,1,0,0,0,137,17,0
D:\Others\assignment\FADI_WEDYAN_OOPS\Final_Project_Repos\trove-2.1.0\trove-2.1.0\test\gnu\trove\TArrayListTest.java,gnu.trove.TArrayListTest,class,4,4,0,4,10,3,0,19,0,0.14285715,0.0,0.0,7,0,7,0,0,0,7,0,0,0,1,0,0,1,0,0,0,0,19,68,0,0,0,3,0,3,49,7,0,7,1,0,0,0,46,1,0
D:\Others\assignment\FADI_WEDYAN_OOPS\Final_Project_Repos\trove-2.1.0\trove-2.1.0\src\gnu\trove\benchmark\Result.java,gnu.trove.benchmark.Result,class,1,7,6,1,11,1,0,8,29,0.72727275,0.0,0.0,11,0,11,0,0,0,11,0,0,0,4,0,0,0,0,4,0,0,0,46,7,0,0,0,0,11,0,5,8,5,0,0,0,0,37,0,0
D:\Others\assignment\FADI_WEDYAN_OOPS\Final_Project_Repos\trove-2.1.0\trove-2.1.0\test\gnu\trove\TLinkedListTest.java,gnu.trove.TLinkedListTest,class,6,6,0,6,54,3,0,39,0,0.06666667,0.0,0.0,30,0,30,0,0,0,30,0,0,0,1,0,0,0,1,0,0,0,139,486,0,18,6,6,2,6,191,108,8,84,1,2,1,0,100,1,0
D:\Others\assignment\FADI_WEDYAN_OOPS\Final_Project_Repos\trove-2.1.0\trove-2.1.0\src\gnu\trove\benchmark\Repeater.java,gnu.trove.benchmark.Repeater,class,4,6,2,4,7,1,0,11,0,0.1,0.0,0.0,5,0,4,0,0,1,5,0,0,0,2,0,0,0,0,2,0,0,4,37,4,2,0,0,2,0,2,11,2,11,1,0,0,0,15,0,0
D:\Others\assignment\FADI_WEDYAN_OOPS\Final_Project_Repos\trove-2.1.0\trove-2.1.0\test\gnu\trove\THashSetTest.java,gnu.trove.THashSetTest$1Foo,innerclass,0,0,0,0,1,1,0,0,0,0.0,NaN,NaN,1,0,1,0,0,0,1,0,0,0,0,0,0,0,0,0,0,0,0,5,1,0,0,0,0,0,1,0,0,0,0,0,0,0,3,0,0
D:\Others\assignment\FADI_WEDYAN_OOPS\Final_Project_Repos\trove-2.1.0\trove-2.1.0\src\gnu\trove\TPrimitiveHash.java,gnu.trove.TPrimitiveHash,class,4,6,2,4,7,2,0,6,9,0.8214286,0.0,0.0,7,0,4,0,3,0,7,0,0,0,4,3,0,0,4,0,3,0,1,35,3,0,0,0,0,0,3,9,1,6,0,0,0,0,113,1025,0
D:\Others\assignment\FADI_WEDYAN_OOPS\Final_Project_Repos\trove-2.1.0\trove-2.1.0\src\gnu\trove\THashMap.java,gnu.trove.THashMap$Entry,innerclass,3,3,0,3,14,1,0,6,10,0.625,0.0,0.0,8,0,5,0,0,3,8,0,0,0,3,0,0,3,0,0,1,0,0,42,6,0,7,0,4,0,2,10,0,5,1,0,0,0,25,16,0
D:\Others\assignment\FADI_WEDYAN_OOPS\Final_Project_Repos\trove-2.1.0\trove-2.1.0\test\gnu\trove\TLinkedListTest.java,gnu.trove.TLinkedListTest$Data,innerclass,2,2,0,2,8,1,0,0,3,0.5714286,0.0,0.0,7,0,7,0,0,0,7,0,0,0,3,0,0,0,3,0,0,0,0,27,4,0,1,0,0,1,0,4,1,4,0,0,0,0,25,8,0
D:\Others\assignment\FADI_WEDYAN_OOPS\Final_Project_Repos\trove-2.1.0\trove-2.1.0\src\gnu\trove\benchmark\CompactionBenchmark.java,gnu.trove.benchmark.CompactionBenchmark$Anonymous1,anonymous,0,0,0,0,1,1,0,2,0,0.0,NaN,NaN,1,0,1,0,0,0,1,0,0,0,0,0,0,0,0,0,0,0,0,6,0,0,0,0,0,1,0,0,0,0,0,0,0,0,1,-1,0
D:\Others\assignment\FADI_WEDYAN_OOPS\Final_Project_Repos\trove-2.1.0\trove-2.1.0\src\gnu\trove\benchmark\Main.java,gnu.trove.benchmark.Main,class,12,13,1,12,22,1,0,29,33,0.78787875,0.0,0.0,11,11,3,0,0,8,12,0,0,0,3,3,0,0,0,3,3,0,10,353,11,7,1,1,1,1,14,53,1,37,2,12,0,0,74,1,0
D:\Others\assignment\FADI_WEDYAN_OOPS\Final_Project_Repos\trove-2.1.0\trove-2.1.0\src\gnu\trove\benchmark\Main.java,gnu.trove.benchmark.Main$Anonymous9,anonymous,1,1,0,1,5,1,0,2,6,0.0,0.0,0.0,4,0,4,0,0,0,4,0,0,0,0,0,0,0,0,0,0,0,0,16,2,1,0,0,0,1,1,2,1,2,1,0,0,0,27,-1,0
D:\Others\assignment\FADI_WEDYAN_OOPS\Final_Project_Repos\trove-2.1.0\trove-2.1.0\test\gnu\trove\P2PHashMapTest.java,gnu.trove.P2PHashMapTest,class,16,16,0,16,16,3,0,53,35,0.54545456,0.0,0.0,11,0,11,0,0,0,11,0,0,0,2,0,0,0,0,2,2,0,85,192,0,4,0,0,1,19,109,51,3,42,2,0,0,0,88,1,0
D:\Others\assignment\FADI_WEDYAN_OOPS\Final_Project_Repos\trove-2.1.0\trove-2.1.0\src\gnu\trove\benchmark\Main.java,gnu.trove.benchmark.Main$Anonymous7,anonymous,0,0,0,0,6,1,0,5,6,0.0,0.0,0.0,4,0,4,0,0,0,4,0,0,0,0,0,0,0,0,0,0,0,0,22,2,2,0,0,0,2,2,8,1,8,1,0,0,0,26,-1,0
D:\Others\assignment\FADI_WEDYAN_OOPS\Final_Project_Repos\trove-2.1.0\trove-2.1.0\test\gnu\trove\TIdentityHashSetTest.java,gnu.trove.TIdentityHashSetTest,class,3,3,0,3,3,4,0,1,3,0.0,0.0,0.0,3,0,3,0,0,0,3,0,0,0,0,0,0,0,0,0,0,0,0,12,0,0,0,0,0,0,0,1,0,0,0,0,0,0,23,1,0
D:\Others\assignment\FADI_WEDYAN_OOPS\Final_Project_Repos\trove-2.1.0\trove-2.1.0\src\gnu\trove\benchmark\Main.java,gnu.trove.benchmark.Main$Anonymous8,anonymous,0,0,0,0,6,1,0,5,6,0.0,0.0,0.0,4,0,4,0,0,0,4,0,0,0,0,0,0,0,0,0,0,0,0,22,2,2,0,0,0,2,0,6,1,6,1,0,0,0,24,-1,0
D:\Others\assignment\FADI_WEDYAN_OOPS\Final_Project_Repos\trove-2.1.0\trove-2.1.0\src\gnu\trove\benchmark\Main.java,gnu.trove.benchmark.Main$Anonymous5,anonymous,0,0,0,0,6,1,0,4,6,0.0,0.0,0.0,4,0,4,0,0,0,4,0,0,0,0,0,0,0,0,0,0,0,0,18,2,2,0,0,0,3,0,2,1,2,1,0,0,0,24,-1,0
D:\Others\assignment\FADI_WEDYAN_OOPS\Final_Project_Repos\trove-2.1.0\trove-2.1.0\src\gnu\trove\TLinkedList.java,gnu.trove.TLinkedList,class,4,10,6,4,60,4,0,17,26,0.61,0.0,0.0,25,0,24,0,1,0,25,0,0,0,4,1,0,0,3,1,1,0,0,358,22,7,25,0,1,3,17,61,4,32,3,0,1,0,298,1,0
D:\Others\assignment\FADI_WEDYAN_OOPS\Final_Project_Repos\trove-2.1.0\trove-2.1.0\src\gnu\trove\benchmark\Main.java,gnu.trove.benchmark.Main$Anonymous6,anonymous,1,1,0,1,6,1,0,5,6,0.0,0.0,0.0,4,0,4,0,0,0,4,0,0,0,0,0,0,0,0,0,0,0,0,22,2,2,0,0,0,2,0,6,1,6,1,0,0,0,21,-1,0
D:\Others\assignment\FADI_WEDYAN_OOPS\Final_Project_Repos\trove-2.1.0\trove-2.1.0\src\gnu\trove\benchmark\Main.java,gnu.trove.benchmark.Main$Anonymous3,anonymous,1,1,0,1,6,1,0,5,6,0.0,0.0,0.0,4,0,4,0,0,0,4,0,0,0,0,0,0,0,0,0,0,0,0,20,2,2,0,0,0,2,0,4,1,4,1,0,0,0,20,-1,0
D:\Others\assignment\FADI_WEDYAN_OOPS\Final_Project_Repos\trove-2.1.0\trove-2.1.0\src\gnu\trove\benchmark\Main.java,gnu.trove.benchmark.Main$Anonymous4,anonymous,0,0,0,0,6,1,0,3,6,0.0,0.0,0.0,4,0,4,0,0,0,4,0,0,0,0,0,0,0,0,0,0,0,0,18,2,2,0,0,0,2,5,4,3,2,1,0,0,0,16,-1,0
D:\Others\assignment\FADI_WEDYAN_OOPS\Final_Project_Repos\trove-2.1.0\trove-2.1.0\src\gnu\trove\benchmark\Main.java,gnu.trove.benchmark.Main$Anonymous1,anonymous,1,1,0,1,6,1,0,5,6,0.0,0.0,0.0,4,0,4,0,0,0,4,0,0,0,0,0,0,0,0,0,0,0,0,20,2,2,0,0,0,2,0,4,1,4,1,0,0,0,22,-1,0
D:\Others\assignment\FADI_WEDYAN_OOPS\Final_Project_Repos\trove-2.1.0\trove-2.1.0\src\gnu\trove\benchmark\Main.java,gnu.trove.benchmark.Main$Anonymous2,anonymous,0,0,0,0,4,1,0,1,6,0.0,0.0,0.0,4,0,4,0,0,0,4,0,0,0,0,0,0,0,0,0,0,0,0,12,2,0,0,0,0,2,1,0,1,0,0,0,0,0,16,-1,0
D:\Others\assignment\FADI_WEDYAN_OOPS\Final_Project_Repos\trove-2.1.0\trove-2.1.0\src\gnu\trove\benchmark\MemoryUsage.java,gnu.trove.benchmark.MemoryUsage$JavasoftIntegerArrayListCreator,innerclass,1,1,0,1,2,1,0,2,0,0.0,NaN,NaN,1,0,1,0,0,0,1,0,0,0,0,0,0,0,0,0,0,0,0,11,1,1,0,0,0,0,2,3,0,3,1,0,0,0,10,8,0
D:\Others\assignment\FADI_WEDYAN_OOPS\Final_Project_Repos\trove-2.1.0\trove-2.1.0\src\gnu\trove\HashFunctions.java,gnu.trove.HashFunctions,class,0,2,2,0,8,1,0,5,15,0.0,0.0,0.0,6,6,5,0,0,1,6,0,0,0,0,0,0,0,0,0,0,0,4,25,6,0,1,0,5,2,7,2,6,2,1,0,0,0,43,17,0
D:\Others\assignment\FADI_WEDYAN_OOPS\Final_Project_Repos\trove-2.1.0\trove-2.1.0\src\gnu\trove\TObjectHash.java,gnu.trove.TObjectHash,class,5,14,9,5,51,2,0,17,41,0.7368421,0.0,0.0,19,0,13,0,6,0,19,0,3,0,4,2,0,0,3,1,2,0,1,142,14,4,22,0,8,11,19,42,13,24,4,0,0,0,200,1025,0
D:\Others\assignment\FADI_WEDYAN_OOPS\Final_Project_Repos\trove-2.1.0\trove-2.1.0\src\gnu\trove\benchmark\MemoryUsage.java,gnu.trove.benchmark.MemoryUsage$MemoryComparator,innerclass,2,2,0,2,2,1,0,4,0,0.0,0.0,0.0,2,0,1,0,0,1,2,0,0,0,2,0,0,0,0,2,0,0,5,21,0,0,0,0,0,5,3,6,7,6,0,0,0,0,20,8,0
D:\Others\assignment\FADI_WEDYAN_OOPS\Final_Project_Repos\trove-2.1.0\trove-2.1.0\src\gnu\trove\generate\Generate.java,gnu.trove.generate.Generate,class,3,4,1,3,41,1,0,43,24,0.77777773,NaN,NaN,9,9,1,8,0,0,1,0,0,0,3,3,0,3,0,0,3,0,86,305,5,11,6,5,1,157,14,149,12,96,5,0,1,0,126,1,0
D:\Others\assignment\FADI_WEDYAN_OOPS\Final_Project_Repos\trove-2.1.0\trove-2.1.0\src\gnu\trove\ToObjectArrayProcedure.java,gnu.trove.ToObjectArrayProcedure,class,2,3,1,2,2,1,0,0,0,0.25,0.0,0.0,2,0,2,0,0,0,2,0,1,0,2,0,0,2,0,0,1,0,0,11,1,0,0,0,0,0,1,3,0,2,0,0,0,0,25,16,0
D:\Others\assignment\FADI_WEDYAN_OOPS\Final_Project_Repos\trove-2.1.0\trove-2.1.0\src\gnu\trove\THashSet.java,gnu.trove.THashSet$HashProcedure,innerclass,3,3,0,3,2,1,0,1,0,0.0,0.0,0.0,2,0,2,0,0,0,2,0,1,0,1,0,0,1,0,0,0,0,0,10,2,0,0,0,0,0,1,2,0,1,0,0,0,0,9,18,0
D:\Others\assignment\FADI_WEDYAN_OOPS\Final_Project_Repos\trove-2.1.0\trove-2.1.0\src\gnu\trove\TLinkedList.java,gnu.trove.TLinkedList$IteratorImpl,innerclass,3,3,0,3,31,1,0,8,0,0.4242424,0.0,0.0,11,0,9,1,0,1,10,0,9,0,3,0,0,3,0,0,0,0,0,112,6,2,15,0,1,1,10,25,3,8,2,0,0,0,103,20,0
D:\Others\assignment\FADI_WEDYAN_OOPS\Final_Project_Repos\trove-2.1.0\trove-2.1.0\src\gnu\trove\TObjectHashIterator.java,gnu.trove.TObjectHashIterator,class,3,5,2,3,2,3,0,0,0,0.0,0.0,0.0,2,0,1,0,1,0,2,0,0,0,1,0,0,0,1,0,1,0,0,10,1,0,0,0,0,0,0,1,0,1,0,0,0,0,17,0,0
D:\Others\assignment\FADI_WEDYAN_OOPS\Final_Project_Repos\trove-2.1.0\trove-2.1.0\src\gnu\trove\THashMap.java,gnu.trove.THashMap$HashProcedure,innerclass,4,4,0,4,3,1,0,2,0,0.0,0.0,0.0,2,0,2,0,0,0,2,0,1,0,1,0,0,1,0,0,0,0,0,10,2,0,1,0,1,0,2,2,0,1,0,0,0,0,12,18,0
D:\Others\assignment\FADI_WEDYAN_OOPS\Final_Project_Repos\trove-2.1.0\trove-2.1.0\test\gnu\trove\THashMapTest.java,gnu.trove.THashMapTest$Anonymous2,anonymous,0,0,0,0,2,1,0,1,0,0.0,NaN,NaN,1,0,1,0,0,0,1,0,0,0,0,0,0,0,0,0,0,0,0,6,1,0,0,0,1,0,1,1,0,0,0,0,0,0,7,-1,0
D:\Others\assignment\FADI_WEDYAN_OOPS\Final_Project_Repos\trove-2.1.0\trove-2.1.0\test\gnu\trove\THashMapTest.java,gnu.trove.THashMapTest$Anonymous1,anonymous,0,0,0,0,1,1,0,1,0,0.0,NaN,NaN,1,0,1,0,0,0,1,0,0,0,0,0,0,0,0,0,0,0,0,6,1,0,0,0,1,0,0,1,0,0,0,0,0,0,6,-1,0
D:\Others\assignment\FADI_WEDYAN_OOPS\Final_Project_Repos\trove-2.1.0\trove-2.1.0\src\gnu\trove\benchmark\Test.java,gnu.trove.benchmark.Test,class,3,3,0,3,6,1,0,8,0,0.0,NaN,NaN,1,1,1,0,0,0,1,0,0,0,0,0,0,0,0,0,0,0,3,31,0,3,1,0,2,4,11,13,5,11,2,0,0,0,26,1,0
D:\Others\assignment\FADI_WEDYAN_OOPS\Final_Project_Repos\trove-2.1.0\trove-2.1.0\src\gnu\trove\TPrimitiveIterator.java,gnu.trove.TPrimitiveIterator,class,4,4,0,4,5,2,0,1,0,0.0,0.0,0.0,2,0,1,0,1,0,2,0,1,0,1,0,0,0,1,0,1,0,0,16,1,1,2,0,1,0,1,3,0,3,1,0,0,0,83,1024,0
D:\Others\assignment\FADI_WEDYAN_OOPS\Final_Project_Repos\trove-2.1.0\trove-2.1.0\test\gnu\trove\THashMapTest.java,gnu.trove.THashMapTest,class,12,13,1,12,62,3,1,78,478,0.695122,0.0,0.0,41,0,41,0,0,0,41,0,0,0,2,0,0,0,2,0,0,0,103,457,0,14,4,1,0,192,1109,107,0,102,2,6,1,0,200,1,0
D:\Others\assignment\FADI_WEDYAN_OOPS\Final_Project_Repos\trove-2.1.0\trove-2.1.0\test\gnu\trove\THashMapTest.java,gnu.trove.THashMapTest$Anonymous4,anonymous,0,0,0,0,1,1,0,1,0,0.0,NaN,NaN,1,0,1,0,0,0,1,0,0,0,0,0,0,0,0,0,0,0,0,5,1,0,0,0,0,1,0,0,0,0,0,0,0,0,3,-1,0
D:\Others\assignment\FADI_WEDYAN_OOPS\Final_Project_Repos\trove-2.1.0\trove-2.1.0\test\gnu\trove\THashMapTest.java,gnu.trove.THashMapTest$Anonymous3,anonymous,0,0,0,0,1,1,0,1,0,0.0,NaN,NaN,1,0,1,0,0,0,1,0,0,0,0,0,0,0,0,0,0,0,0,6,1,0,0,0,1,0,1,1,1,1,0,0,0,0,5,-1,0
D:\Others\assignment\FADI_WEDYAN_OOPS\Final_Project_Repos\trove-2.1.0\trove-2.1.0\test\gnu\trove\THashMapTest.java,gnu.trove.THashMapTest$Anonymous6,anonymous,0,0,0,0,3,1,0,1,1,0.0,0.0,0.0,2,0,2,0,0,0,2,0,0,0,0,0,0,0,0,0,0,0,0,8,2,0,1,0,0,0,0,0,0,0,0,0,0,0,7,-1,0
D:\Others\assignment\FADI_WEDYAN_OOPS\Final_Project_Repos\trove-2.1.0\trove-2.1.0\test\gnu\trove\THashMapTest.java,gnu.trove.THashMapTest$Anonymous5,anonymous,1,1,0,1,3,1,0,1,1,0.0,0.0,0.0,2,0,2,0,0,0,2,0,0,0,0,0,0,0,0,0,0,0,0,8,2,0,1,0,0,0,0,0,0,0,0,0,0,0,8,-1,0
D:\Others\assignment\FADI_WEDYAN_OOPS\Final_Project_Repos\trove-2.1.0\trove-2.1.0\test\gnu\trove\THashSetTest.java,gnu.trove.THashSetTest,class,8,10,2,8,31,3,1,31,0,0.2857143,0.0,0.0,21,1,21,0,0,0,21,0,0,0,1,0,0,0,1,0,0,0,41,174,0,7,0,1,0,53,28,39,5,32,2,0,2,0,107,1,0
D:\Others\assignment\FADI_WEDYAN_OOPS\Final_Project_Repos\trove-2.1.0\trove-2.1.0\src\gnu\trove\benchmark\CompactionBenchmark.java,gnu.trove.benchmark.CompactionBenchmark,class,4,5,1,4,10,1,0,12,1,0.0,NaN,NaN,2,2,1,1,0,0,1,0,0,0,0,0,0,0,0,0,0,0,6,53,0,5,1,0,1,5,15,24,6,17,2,1,0,0,22,1,0
D:\Others\assignment\FADI_WEDYAN_OOPS\Final_Project_Repos\trove-2.1.0\trove-2.1.0\test\gnu\trove\SerializationTest.java,gnu.trove.SerializationTest,class,31,32,1,31,26,4,0,61,36,0.8888889,0.0,0.0,9,0,8,1,0,0,9,0,0,0,1,1,0,1,0,0,0,0,238,452,4,1,5,5,2,209,46,58,13,51,3,0,2,0,115,1,0
D:\Others\assignment\FADI_WEDYAN_OOPS\Final_Project_Repos\trove-2.1.0\trove-2.1.0\test\gnu\trove\TLongIntHashMapTester.java,gnu.trove.TLongIntHashMapTester,class,1,1,0,1,3,1,0,5,0,0.0,NaN,NaN,1,1,1,0,0,0,1,0,0,0,0,0,0,0,0,0,0,0,5,21,0,1,1,0,3,8,8,8,13,6,2,0,0,0,19,1,0
D:\Others\assignment\FADI_WEDYAN_OOPS\Final_Project_Repos\trove-2.1.0\trove-2.1.0\test\gnu\trove\TStackTest.java,gnu.trove.TStackTest,class,4,4,0,4,5,3,0,8,6,0.0,0.0,0.0,4,0,4,0,0,0,4,0,0,0,0,0,0,0,0,0,0,0,23,56,0,0,0,1,0,0,36,7,0,6,1,0,0,0,26,1,0
D:\Others\assignment\FADI_WEDYAN_OOPS\Final_Project_Repos\trove-2.1.0\trove-2.1.0\test\gnu\trove\TLinkedListTest.java,gnu.trove.TLinkedListTest$Anonymous2,anonymous,1,1,0,1,1,1,0,0,0,0.0,NaN,NaN,1,0,1,0,0,0,1,0,0,0,0,0,0,0,0,0,0,0,0,6,1,0,0,0,0,0,0,0,0,0,0,0,0,0,4,-1,0
D:\Others\assignment\FADI_WEDYAN_OOPS\Final_Project_Repos\trove-2.1.0\trove-2.1.0\test\gnu\trove\TLinkedListTest.java,gnu.trove.TLinkedListTest$Anonymous1,anonymous,1,1,0,1,2,1,0,0,0,0.0,NaN,NaN,1,0,1,0,0,0,1,0,0,0,0,0,0,0,0,0,0,0,0,7,2,0,1,0,0,0,1,0,0,0,1,0,0,0,5,-1,0
D:\Others\assignment\FADI_WEDYAN_OOPS\Final_Project_Repos\trove-2.1.0\trove-2.1.0\src\gnu\trove\THashMap.java,gnu.trove.THashMap$EqProcedure,innerclass,3,3,0,3,6,1,0,3,0,0.0,0.0,0.0,2,0,1,0,0,1,2,0,1,0,1,0,0,1,0,0,1,0,0,11,2,0,3,0,1,0,0,2,0,2,1,0,0,0,14,26,0
D:\Others\assignment\FADI_WEDYAN_OOPS\Final_Project_Repos\trove-2.1.0\trove-2.1.0\src\gnu\trove\THashMap.java,gnu.trove.THashMap$ValueView,innerclass,4,4,0,4,9,4,0,3,3,0.0,0.0,0.0,3,0,3,0,0,0,3,0,0,0,0,0,0,0,0,0,0,0,0,24,4,1,4,0,2,0,1,3,0,3,2,1,0,0,28,4,0
D:\Others\assignment\FADI_WEDYAN_OOPS\Final_Project_Repos\trove-2.1.0\trove-2.1.0\src\gnu\trove\benchmark\MemoryUsage.java,gnu.trove.benchmark.MemoryUsage$TroveSetCreator,innerclass,2,2,0,2,2,1,0,1,0,0.0,NaN,NaN,1,0,1,0,0,0,1,0,0,0,0,0,0,0,0,0,0,0,0,10,1,1,0,0,0,0,2,3,0,3,1,0,0,0,11,8,0
D:\Others\assignment\FADI_WEDYAN_OOPS\Final_Project_Repos\trove-2.1.0\trove-2.1.0\src\gnu\trove\THashIterator.java,gnu.trove.THashIterator,class,5,10,5,5,8,2,0,3,4,0.5,0.0,0.0,4,0,2,0,2,0,4,1,1,0,1,0,0,1,0,0,1,0,0,21,2,1,3,0,1,0,1,3,0,3,1,0,0,0,101,1024,0
D:\Others\assignment\FADI_WEDYAN_OOPS\Final_Project_Repos\trove-2.1.0\trove-2.1.0\src\gnu\trove\THashMap.java,gnu.trove.THashMap$EntryView$EntryIterator,innerclass,4,4,0,4,2,3,0,0,1,0.0,0.0,0.0,2,0,1,0,0,1,2,0,0,0,0,0,0,0,0,0,0,0,0,8,1,0,0,0,0,0,0,0,0,0,0,0,0,0,8,18,0
D:\Others\assignment\FADI_WEDYAN_OOPS\Final_Project_Repos\trove-2.1.0\trove-2.1.0\src\gnu\trove\TObjectProcedure.java,gnu.trove.TObjectProcedure,interface,1,10,9,1,1,1,0,0,0,0.0,NaN,NaN,1,0,1,0,0,0,1,0,0,0,0,0,0,0,0,0,0,0,0,3,0,0,0,0,0,0,0,0,0,0,0,0,0,0,33,1,0
D:\Others\assignment\FADI_WEDYAN_OOPS\Final_Project_Repos\trove-2.1.0\trove-2.1.0\src\gnu\trove\benchmark\MemoryUsage.java,gnu.trove.benchmark.MemoryUsage$TroveListCreator,innerclass,3,3,0,3,2,1,0,1,0,0.0,NaN,NaN,1,0,1,0,0,0,1,0,0,0,0,0,0,0,0,0,0,0,0,10,1,1,0,0,0,0,2,3,0,3,1,0,0,0,12,8,0
D:\Others\assignment\FADI_WEDYAN_OOPS\Final_Project_Repos\trove-2.1.0\trove-2.1.0\src\gnu\trove\THash.java,gnu.trove.THash,class,3,19,16,3,41,1,2,16,146,0.8458333,0.0,0.0,24,0,14,2,8,0,22,2,2,0,10,3,0,1,8,1,3,0,9,130,7,0,7,1,5,1,20,19,16,13,2,0,0,0,302,1025,0
