file,class,type,cbo,cboModified,fanin,fanout,wmc,dit,noc,rfc,lcom,lcom*,tcc,lcc,totalMethodsQty,staticMethodsQty,publicMethodsQty,privateMethodsQty,protectedMethodsQty,defaultMethodsQty,visibleMethodsQty,abstractMethodsQty,finalMethodsQty,synchronizedMethodsQty,totalFieldsQty,staticFieldsQty,publicFieldsQty,privateFieldsQty,protectedFieldsQty,defaultFieldsQty,finalFieldsQty,synchronizedFieldsQty,nosi,loc,returnQty,loopQty,comparisonsQty,tryCatchQty,parenthesizedExpsQty,stringLiteralsQty,numbersQty,assignmentsQty,mathOperationsQty,variablesQty,maxNestedBlocksQty,anonymousClassesQty,innerClassesQty,lambdasQty,uniqueWordsQty,modifiers,logStatementsQty
D:\Others\assignment\FADI_WEDYAN_OOPS\Assignment-2\1\Java-WebSocket-master\src\main\java\org\java_websocket\client\DnsResolver.java,org.java_websocket.client.DnsResolver,interface,0,1,1,0,1,1,0,0,0,0.0,NaN,NaN,1,0,0,0,0,1,1,0,0,0,0,0,0,0,0,0,0,0,0,3,0,0,0,0,0,0,0,0,0,0,0,0,0,0,44,1,0
D:\Others\assignment\FADI_WEDYAN_OOPS\Assignment-2\1\Java-WebSocket-master\src\main\java\org\java_websocket\framing\DataFrame.java,org.java_websocket.framing.DataFrame,class,2,9,7,2,2,2,3,0,1,0.0,0.0,0.0,2,0,2,0,0,0,2,0,0,0,0,0,0,0,0,0,0,0,0,7,0,0,0,0,0,0,0,0,0,0,0,0,0,0,20,1025,0
D:\Others\assignment\FADI_WEDYAN_OOPS\Assignment-2\1\Java-WebSocket-master\src\main\java\org\java_websocket\client\WebSocketClient.java,org.java_websocket.client.WebSocketClient$Anonymous1,anonymous,0,0,0,0,1,1,0,2,0,0.0,NaN,NaN,1,0,1,0,0,0,1,0,0,0,0,0,0,0,0,0,0,0,1,5,1,0,0,0,0,0,0,0,0,0,0,0,0,0,10,-1,0
D:\Others\assignment\FADI_WEDYAN_OOPS\Assignment-2\1\Java-WebSocket-master\src\main\java\org\java_websocket\server\WebSocketServer.java,org.java_websocket.server.WebSocketServer,class,17,19,2,17,162,4,0,145,1748,0.92871094,0.0,0.0,64,0,44,14,6,0,50,5,8,0,16,1,0,15,1,0,6,0,15,628,30,9,38,15,3,14,16,59,8,48,5,0,1,0,466,1025,6
D:\Others\assignment\FADI_WEDYAN_OOPS\Assignment-2\1\Java-WebSocket-master\src\main\java\org\java_websocket\client\WebSocketClient.java,org.java_websocket.client.WebSocketClient$WebsocketWriteThread,innerclass,2,2,0,2,10,1,0,15,4,0.5,0.0,0.0,4,0,1,2,0,1,2,0,0,0,1,0,0,1,0,0,1,0,4,45,0,2,1,3,0,1,2,3,1,2,2,0,0,0,36,2,0
D:\Others\assignment\FADI_WEDYAN_OOPS\Assignment-2\1\Java-WebSocket-master\src\main\java\org\java_websocket\drafts\Draft.java,org.java_websocket.drafts.Draft,class,25,38,13,25,61,1,1,53,394,0.9137931,0.0,0.0,29,5,25,2,1,1,27,12,0,0,2,0,0,0,2,0,0,0,18,205,19,3,16,2,3,31,32,34,5,23,2,0,0,0,184,1025,0
D:\Others\assignment\FADI_WEDYAN_OOPS\Assignment-2\1\Java-WebSocket-master\src\main\java\org\java_websocket\server\WebSocketServer.java,org.java_websocket.server.WebSocketServer$WebSocketWorker,innerclass,3,3,0,3,10,2,0,16,0,0.25,0.0,0.0,4,0,3,1,0,0,3,0,0,0,1,0,0,1,0,0,0,0,1,56,0,1,2,2,1,4,0,7,1,5,2,1,0,0,60,1,3
D:\Others\assignment\FADI_WEDYAN_OOPS\Assignment-2\1\Java-WebSocket-master\src\main\java\org\java_websocket\extensions\DefaultExtension.java,org.java_websocket.extensions.DefaultExtension,class,4,7,3,4,18,1,1,6,66,0.0,0.0,0.0,12,0,12,0,0,0,12,0,0,0,0,0,0,0,0,0,0,0,0,37,8,0,3,0,0,5,0,0,1,0,1,0,0,0,51,1,0
D:\Others\assignment\FADI_WEDYAN_OOPS\Assignment-2\1\Java-WebSocket-master\src\main\java\org\java_websocket\framing\PongFrame.java,org.java_websocket.framing.PongFrame,class,3,5,2,3,2,3,0,2,1,0.0,0.0,0.0,2,0,2,0,0,0,2,0,0,0,0,0,0,0,0,0,0,0,0,9,0,0,0,0,0,0,0,0,0,0,0,0,0,0,24,1,0
D:\Others\assignment\FADI_WEDYAN_OOPS\Assignment-2\1\Java-WebSocket-master\src\main\java\org\java_websocket\exceptions\LimitExceededException.java,org.java_websocket.exceptions.LimitExceededException,class,1,3,2,1,5,4,0,0,4,0.7,0.0,0.0,5,0,5,0,0,0,5,0,0,0,2,1,0,2,0,0,2,0,0,21,1,0,0,0,0,0,1,3,0,2,0,0,0,0,48,1,0
D:\Others\assignment\FADI_WEDYAN_OOPS\Assignment-2\1\Java-WebSocket-master\src\main\java\org\java_websocket\server\WebSocketServer.java,org.java_websocket.server.WebSocketServer$WebSocketWorker$Anonymous1,anonymous,0,0,0,0,1,1,0,2,0,0.0,NaN,NaN,1,0,1,0,0,0,1,0,0,0,0,0,0,0,0,0,0,0,0,5,0,0,0,0,0,1,0,0,0,0,0,0,0,0,8,-1,1
D:\Others\assignment\FADI_WEDYAN_OOPS\Assignment-2\1\Java-WebSocket-master\src\main\java\org\java_websocket\util\Base64.java,org.java_websocket.util.Base64,class,3,6,3,3,54,3,0,13,30,0.86274517,0.0,0.0,9,8,3,6,0,0,3,0,2,0,17,17,6,11,0,0,17,0,11,297,20,1,15,6,50,9,884,65,65,36,4,0,1,0,591,1,0
D:\Others\assignment\FADI_WEDYAN_OOPS\Assignment-2\1\Java-WebSocket-master\src\main\java\org\java_websocket\drafts\Draft_6455.java,org.java_websocket.drafts.Draft_6455,class,34,37,3,34,201,2,0,156,986,0.91880333,0.0,0.0,52,0,26,26,0,0,26,0,0,0,18,6,0,18,0,0,9,0,24,756,59,17,72,9,30,66,101,133,24,92,4,0,1,0,366,1,24
D:\Others\assignment\FADI_WEDYAN_OOPS\Assignment-2\1\Java-WebSocket-master\src\main\java\org\java_websocket\exceptions\InvalidFrameException.java,org.java_websocket.exceptions.InvalidFrameException,class,1,7,6,1,4,4,0,0,6,1.0,0.0,0.0,4,0,4,0,0,0,4,0,0,0,1,1,0,1,0,0,1,0,0,15,0,0,0,0,0,0,1,1,0,1,0,0,0,0,39,1,0
D:\Others\assignment\FADI_WEDYAN_OOPS\Assignment-2\1\Java-WebSocket-master\src\main\java\org\java_websocket\WebSocketListener.java,org.java_websocket.WebSocketListener,interface,8,11,3,8,16,1,0,0,120,0.0,0.0,0.0,16,0,0,0,0,16,16,0,0,0,0,0,0,0,0,0,0,0,0,18,0,0,0,0,0,0,0,0,0,0,0,0,0,0,222,1,0
D:\Others\assignment\FADI_WEDYAN_OOPS\Assignment-2\1\Java-WebSocket-master\src\main\java\org\java_websocket\exceptions\WrappedIOException.java,org.java_websocket.exceptions.WrappedIOException,class,1,2,1,1,3,3,0,0,0,0.33333334,0.0,0.0,3,0,3,0,0,0,3,0,0,0,2,0,0,2,0,0,2,0,0,14,2,0,0,0,0,0,0,2,0,2,0,0,0,0,28,1,0
D:\Others\assignment\FADI_WEDYAN_OOPS\Assignment-2\1\Java-WebSocket-master\src\main\java\org\java_websocket\framing\PingFrame.java,org.java_websocket.framing.PingFrame,class,1,6,5,1,1,3,0,0,0,0.0,NaN,NaN,1,0,1,0,0,0,1,0,0,0,0,0,0,0,0,0,0,0,0,5,0,0,0,0,0,0,0,0,0,0,0,0,0,0,15,1,0
D:\Others\assignment\FADI_WEDYAN_OOPS\Assignment-2\1\Java-WebSocket-master\src\main\java\org\java_websocket\handshake\HandshakedataImpl1.java,org.java_websocket.handshake.HandshakedataImpl1,class,2,5,3,2,8,1,2,6,0,0.5,0.0,0.0,7,0,7,0,0,0,7,0,0,0,2,0,0,2,0,0,0,0,1,29,5,0,1,0,0,1,0,3,0,3,1,0,0,0,33,1,0
D:\Others\assignment\FADI_WEDYAN_OOPS\Assignment-2\1\Java-WebSocket-master\src\main\java\org\java_websocket\framing\BinaryFrame.java,org.java_websocket.framing.BinaryFrame,class,1,4,3,1,1,3,0,0,0,0.0,NaN,NaN,1,0,1,0,0,0,1,0,0,0,0,0,0,0,0,0,0,0,0,5,0,0,0,0,0,0,0,0,0,0,0,0,0,0,15,1,0
D:\Others\assignment\FADI_WEDYAN_OOPS\Assignment-2\1\Java-WebSocket-master\src\main\java\org\java_websocket\extensions\ExtensionRequestData.java,org.java_websocket.extensions.ExtensionRequestData,class,1,3,2,1,11,1,0,7,0,0.5,0.0,0.0,4,1,3,1,0,0,3,0,0,0,3,1,1,2,0,0,1,0,0,32,3,1,0,0,2,7,8,11,1,9,3,0,0,0,24,1,0
D:\Others\assignment\FADI_WEDYAN_OOPS\Assignment-2\1\Java-WebSocket-master\src\main\java\org\java_websocket\exceptions\IncompleteHandshakeException.java,org.java_websocket.exceptions.IncompleteHandshakeException,class,0,2,2,0,3,4,0,0,0,0.5,0.0,0.0,3,0,3,0,0,0,3,0,0,0,2,1,0,2,0,0,2,0,0,13,1,0,0,0,0,0,2,3,0,2,0,0,0,0,36,1,0
D:\Others\assignment\FADI_WEDYAN_OOPS\Assignment-2\1\Java-WebSocket-master\src\main\java\org\java_websocket\enums\ReadyState.java,org.java_websocket.enums.ReadyState,enum,0,3,3,0,0,1,0,0,0,0.0,-1.0,-1.0,0,0,0,0,0,0,0,0,0,0,0,0,0,0,0,0,0,0,0,1,0,0,0,0,0,0,0,0,0,0,0,0,0,0,19,1,0
D:\Others\assignment\FADI_WEDYAN_OOPS\Assignment-2\1\Java-WebSocket-master\src\main\java\org\java_websocket\util\Charsetfunctions.java,org.java_websocket.util.Charsetfunctions,class,4,10,6,4,13,1,0,14,32,0.7777778,0.0,0.0,9,8,8,1,0,0,8,0,0,0,2,2,0,2,0,0,2,0,4,53,10,1,1,1,2,0,407,8,2,7,2,0,0,0,67,1,0
D:\Others\assignment\FADI_WEDYAN_OOPS\Assignment-2\1\Java-WebSocket-master\src\main\java\org\java_websocket\util\NamedThreadFactory.java,org.java_websocket.util.NamedThreadFactory,class,0,1,1,0,2,1,0,3,0,0.33333334,0.0,0.0,2,0,2,0,0,0,2,0,0,0,3,0,0,3,0,0,3,0,1,13,1,0,0,0,0,1,1,4,1,4,0,0,0,0,12,1,0
D:\Others\assignment\FADI_WEDYAN_OOPS\Assignment-2\1\Java-WebSocket-master\src\main\java\org\java_websocket\SSLSocketChannel2.java,org.java_websocket.SSLSocketChannel2,class,5,9,4,5,95,1,0,69,106,0.8367347,0.0,0.0,28,0,17,9,2,0,19,0,0,3,14,1,0,2,12,0,1,0,10,319,32,7,38,4,5,3,22,39,0,31,4,0,0,0,182,1,2
D:\Others\assignment\FADI_WEDYAN_OOPS\Assignment-2\1\Java-WebSocket-master\src\main\java\org\java_websocket\extensions\permessage_deflate\PerMessageDeflateExtension.java,org.java_websocket.extensions.permessage_deflate.PerMessageDeflateExtension,class,11,12,1,11,51,3,0,31,144,0.89523804,0.0,0.0,21,1,19,2,0,0,19,0,0,0,15,9,0,15,0,0,9,0,5,175,20,5,3,1,11,17,22,42,9,32,3,0,0,0,139,1,0
D:\Others\assignment\FADI_WEDYAN_OOPS\Assignment-2\1\Java-WebSocket-master\src\main\java\org\java_websocket\exceptions\InvalidHandshakeException.java,org.java_websocket.exceptions.InvalidHandshakeException,class,1,4,3,1,4,4,0,0,6,1.0,0.0,0.0,4,0,4,0,0,0,4,0,0,0,1,1,0,1,0,0,1,0,0,15,0,0,0,0,0,0,1,1,0,1,0,0,0,0,39,1,0
D:\Others\assignment\FADI_WEDYAN_OOPS\Assignment-2\1\Java-WebSocket-master\src\main\java\org\java_websocket\framing\Framedata.java,org.java_websocket.framing.Framedata,interface,2,16,14,2,8,1,0,0,28,0.0,0.0,0.0,8,0,0,0,0,8,8,0,0,0,0,0,0,0,0,0,0,0,0,10,0,0,0,0,0,0,0,0,0,0,0,0,0,0,59,1,0
D:\Others\assignment\FADI_WEDYAN_OOPS\Assignment-2\1\Java-WebSocket-master\src\main\java\org\java_websocket\SSLSocketChannel.java,org.java_websocket.SSLSocketChannel,class,5,6,1,5,71,1,0,41,35,0.7708333,0.0,0.0,18,0,11,7,0,0,11,0,0,2,8,0,0,8,0,0,3,0,10,294,24,7,5,8,1,11,8,36,6,18,3,0,0,0,354,1,3
D:\Others\assignment\FADI_WEDYAN_OOPS\Assignment-2\1\Java-WebSocket-master\src\main\java\org\java_websocket\framing\CloseFrame.java,org.java_websocket.framing.CloseFrame,class,7,11,4,7,40,3,0,31,0,0.87692297,0.0,0.0,13,0,11,2,0,0,11,0,0,0,20,18,18,2,0,0,18,0,6,146,11,0,18,2,2,9,36,40,8,27,2,0,0,0,238,1,0
D:\Others\assignment\FADI_WEDYAN_OOPS\Assignment-2\1\Java-WebSocket-master\src\main\java\org\java_websocket\enums\Opcode.java,org.java_websocket.enums.Opcode,enum,0,9,9,0,0,1,0,0,0,0.0,-1.0,-1.0,0,0,0,0,0,0,0,0,0,0,0,0,0,0,0,0,0,0,0,1,0,0,0,0,0,0,0,0,0,0,0,0,0,0,16,1,0
D:\Others\assignment\FADI_WEDYAN_OOPS\Assignment-2\1\Java-WebSocket-master\src\main\java\org\java_websocket\framing\TextFrame.java,org.java_websocket.framing.TextFrame,class,4,7,3,4,3,3,0,3,1,0.0,0.0,0.0,2,0,2,0,0,0,2,0,0,0,0,0,0,0,0,0,0,0,1,11,0,0,0,0,0,1,0,0,0,0,1,0,0,0,26,1,0
D:\Others\assignment\FADI_WEDYAN_OOPS\Assignment-2\1\Java-WebSocket-master\src\main\java\org\java_websocket\AbstractWebSocket.java,org.java_websocket.AbstractWebSocket$Anonymous1,anonymous,2,2,0,2,3,1,0,5,0,0.0,NaN,NaN,1,0,1,0,0,0,1,0,0,0,1,0,0,1,0,0,0,0,1,19,0,1,0,1,2,0,1,2,2,2,2,0,0,0,29,-1,0
D:\Others\assignment\FADI_WEDYAN_OOPS\Assignment-2\1\Java-WebSocket-master\src\main\java\org\java_websocket\exceptions\NotSendableException.java,org.java_websocket.exceptions.NotSendableException,class,0,1,1,0,3,4,0,0,3,1.0,0.0,0.0,3,0,3,0,0,0,3,0,0,0,1,1,0,1,0,0,1,0,0,12,0,0,0,0,0,0,1,1,0,1,0,0,0,0,29,1,0
D:\Others\assignment\FADI_WEDYAN_OOPS\Assignment-2\1\Java-WebSocket-master\src\main\java\org\java_websocket\extensions\IExtension.java,org.java_websocket.extensions.IExtension,interface,2,6,4,2,10,1,0,0,45,0.0,0.0,0.0,10,0,0,0,0,10,10,0,0,0,0,0,0,0,0,0,0,0,0,12,0,0,0,0,0,0,0,0,0,0,0,0,0,0,149,1,0
D:\Others\assignment\FADI_WEDYAN_OOPS\Assignment-2\1\Java-WebSocket-master\src\main\java\org\java_websocket\protocols\IProtocol.java,org.java_websocket.protocols.IProtocol,interface,1,7,6,1,4,1,0,0,6,0.0,0.0,0.0,4,0,0,0,0,4,4,0,0,0,0,0,0,0,0,0,0,0,0,6,0,0,0,0,0,0,0,0,0,0,0,0,0,0,82,1,0
D:\Others\assignment\FADI_WEDYAN_OOPS\Assignment-2\1\Java-WebSocket-master\src\main\java\org\java_websocket\AbstractWebSocket.java,org.java_websocket.AbstractWebSocket,class,6,10,4,6,25,2,2,17,32,0.7395833,0.0,0.0,12,0,6,3,3,0,9,1,0,0,8,0,0,8,0,0,2,0,1,128,6,1,4,1,1,10,3,17,0,12,5,1,0,0,173,1025,8
D:\Others\assignment\FADI_WEDYAN_OOPS\Assignment-2\1\Java-WebSocket-master\src\main\java\org\java_websocket\exceptions\WebsocketNotConnectedException.java,org.java_websocket.exceptions.WebsocketNotConnectedException,class,0,1,1,0,0,4,0,0,0,NaN,-1.0,-1.0,0,0,0,0,0,0,0,0,0,0,1,1,0,1,0,0,1,0,0,3,0,0,0,0,0,0,1,1,0,1,0,0,0,0,22,1,0
D:\Others\assignment\FADI_WEDYAN_OOPS\Assignment-2\1\Java-WebSocket-master\src\main\java\org\java_websocket\exceptions\InvalidEncodingException.java,org.java_websocket.exceptions.InvalidEncodingException,class,0,0,0,0,3,4,0,0,0,0.0,0.0,0.0,2,0,2,0,0,0,2,0,0,0,1,0,0,1,0,0,1,0,0,12,1,0,1,0,0,0,0,1,0,1,1,0,0,0,27,1,0
D:\Others\assignment\FADI_WEDYAN_OOPS\Assignment-2\1\Java-WebSocket-master\src\main\java\org\java_websocket\framing\ControlFrame.java,org.java_websocket.framing.ControlFrame,class,3,7,4,3,6,2,3,4,1,0.0,0.0,0.0,2,0,2,0,0,0,2,0,0,0,0,0,0,0,0,0,0,0,0,19,0,0,0,0,0,4,0,0,0,0,1,0,0,0,34,1025,0
D:\Others\assignment\FADI_WEDYAN_OOPS\Assignment-2\1\Java-WebSocket-master\src\main\java\org\java_websocket\handshake\ServerHandshake.java,org.java_websocket.handshake.ServerHandshake,interface,1,8,7,1,2,1,0,0,1,0.0,0.0,0.0,2,0,0,0,0,2,2,0,0,0,0,0,0,0,0,0,0,0,0,4,0,0,0,0,0,0,0,0,0,0,0,0,0,0,16,1,0
D:\Others\assignment\FADI_WEDYAN_OOPS\Assignment-2\1\Java-WebSocket-master\src\main\java\org\java_websocket\client\WebSocketClient.java,org.java_websocket.client.WebSocketClient,class,18,20,2,18,123,3,0,103,1518,0.9197651,0.0,0.0,73,0,65,6,2,0,67,4,6,0,14,0,0,13,1,0,0,0,5,470,33,2,30,3,4,16,12,60,5,34,2,1,1,0,382,1025,0
D:\Others\assignment\FADI_WEDYAN_OOPS\Assignment-2\1\Java-WebSocket-master\src\main\java\org\java_websocket\enums\CloseHandshakeType.java,org.java_websocket.enums.CloseHandshakeType,enum,0,2,2,0,0,1,0,0,0,0.0,-1.0,-1.0,0,0,0,0,0,0,0,0,0,0,0,0,0,0,0,0,0,0,0,1,0,0,0,0,0,0,0,0,0,0,0,0,0,0,19,1,0
D:\Others\assignment\FADI_WEDYAN_OOPS\Assignment-2\1\Java-WebSocket-master\src\main\java\org\java_websocket\enums\HandshakeState.java,org.java_websocket.enums.HandshakeState,enum,0,3,3,0,0,1,0,0,0,0.0,-1.0,-1.0,0,0,0,0,0,0,0,0,0,0,0,0,0,0,0,0,0,0,0,3,0,0,0,0,0,0,0,0,0,0,0,0,0,0,30,1,0
D:\Others\assignment\FADI_WEDYAN_OOPS\Assignment-2\1\Java-WebSocket-master\src\main\java\org\java_websocket\framing\ContinuousFrame.java,org.java_websocket.framing.ContinuousFrame,class,1,4,3,1,1,3,0,0,0,0.0,NaN,NaN,1,0,1,0,0,0,1,0,0,0,0,0,0,0,0,0,0,0,0,5,0,0,0,0,0,0,0,0,0,0,0,0,0,0,15,1,0
D:\Others\assignment\FADI_WEDYAN_OOPS\Assignment-2\1\Java-WebSocket-master\src\main\java\org\java_websocket\util\Base64.java,org.java_websocket.util.Base64$OutputStream,innerclass,3,3,0,3,23,3,0,9,0,0.55,0.0,0.0,6,0,6,0,0,0,6,0,0,0,10,0,0,10,0,0,0,0,4,85,2,1,3,0,2,2,19,21,1,12,3,0,0,0,123,9,0
D:\Others\assignment\FADI_WEDYAN_OOPS\Assignment-2\1\Java-WebSocket-master\src\main\java\org\java_websocket\WebSocketFactory.java,org.java_websocket.WebSocketFactory,interface,3,5,2,3,2,1,0,0,1,0.0,0.0,0.0,2,0,0,0,0,2,2,0,0,0,0,0,0,0,0,0,0,0,0,4,0,0,0,0,0,0,0,0,0,0,0,0,0,0,25,1,0
D:\Others\assignment\FADI_WEDYAN_OOPS\Assignment-2\1\Java-WebSocket-master\src\main\java\org\java_websocket\interfaces\ISSLChannel.java,org.java_websocket.interfaces.ISSLChannel,interface,0,3,3,0,1,1,0,0,0,0.0,NaN,NaN,1,0,0,0,0,1,1,0,0,0,0,0,0,0,0,0,0,0,0,3,0,0,0,0,0,0,0,0,0,0,0,0,0,0,27,1,0
D:\Others\assignment\FADI_WEDYAN_OOPS\Assignment-2\1\Java-WebSocket-master\src\main\java\org\java_websocket\handshake\Handshakedata.java,org.java_websocket.handshake.Handshakedata,interface,1,10,9,1,4,1,0,0,6,0.0,0.0,0.0,4,0,0,0,0,4,4,0,0,0,0,0,0,0,0,0,0,0,0,6,0,0,0,0,0,0,0,0,0,0,0,0,0,0,35,1,0
D:\Others\assignment\FADI_WEDYAN_OOPS\Assignment-2\1\Java-WebSocket-master\src\main\java\org\java_websocket\enums\Role.java,org.java_websocket.enums.Role,enum,0,2,2,0,0,1,0,0,0,0.0,-1.0,-1.0,0,0,0,0,0,0,0,0,0,0,0,0,0,0,0,0,0,0,0,1,0,0,0,0,0,0,0,0,0,0,0,0,0,0,16,1,0
D:\Others\assignment\FADI_WEDYAN_OOPS\Assignment-2\1\Java-WebSocket-master\src\main\java\org\java_websocket\server\DefaultSSLWebSocketServerFactory.java,org.java_websocket.server.DefaultSSLWebSocketServerFactory,class,5,7,2,5,8,1,2,10,9,0.5833334,0.0,0.0,6,0,6,0,0,0,6,0,0,0,2,0,0,0,2,0,0,0,2,31,3,0,2,0,0,1,0,4,0,4,1,0,0,0,36,1,0
D:\Others\assignment\FADI_WEDYAN_OOPS\Assignment-2\1\Java-WebSocket-master\src\main\java\org\java_websocket\server\CustomSSLWebSocketServerFactory.java,org.java_websocket.server.CustomSSLWebSocketServerFactory,class,2,2,0,2,5,2,0,5,0,0.0,0.0,0.0,3,0,3,0,0,0,3,0,0,0,2,0,0,2,0,0,2,0,1,23,1,0,2,0,0,0,0,3,0,3,1,0,0,0,58,1,0
D:\Others\assignment\FADI_WEDYAN_OOPS\Assignment-2\1\Java-WebSocket-master\src\main\java\org\java_websocket\handshake\ServerHandshakeBuilder.java,org.java_websocket.handshake.ServerHandshakeBuilder,interface,2,8,6,2,2,1,0,0,1,0.0,0.0,0.0,2,0,0,0,0,2,2,0,0,0,0,0,0,0,0,0,0,0,0,4,0,0,0,0,0,0,0,0,0,0,0,0,0,0,18,1,0
D:\Others\assignment\FADI_WEDYAN_OOPS\Assignment-2\1\Java-WebSocket-master\src\main\java\org\java_websocket\SocketChannelIOHelper.java,org.java_websocket.SocketChannelIOHelper,class,3,4,1,3,19,1,0,17,6,0.0,0.0,0.0,4,3,3,1,0,0,3,0,0,0,0,0,0,0,0,0,0,0,0,57,7,1,10,0,1,1,4,6,0,4,3,0,0,0,55,1,0
D:\Others\assignment\FADI_WEDYAN_OOPS\Assignment-2\1\Java-WebSocket-master\src\main\java\org\java_websocket\exceptions\IncompleteException.java,org.java_websocket.exceptions.IncompleteException,class,0,1,1,0,2,3,0,0,0,0.5,0.0,0.0,2,0,2,0,0,0,2,0,0,0,2,1,0,2,0,0,2,0,0,10,1,0,0,0,0,0,1,2,0,2,0,0,0,0,29,1,0
D:\Others\assignment\FADI_WEDYAN_OOPS\Assignment-2\1\Java-WebSocket-master\src\main\java\org\java_websocket\handshake\HandshakeImpl1Client.java,org.java_websocket.handshake.HandshakeImpl1Client,class,2,4,2,2,3,2,0,0,0,0.0,0.0,0.0,2,0,2,0,0,0,2,0,0,0,1,0,0,1,0,0,0,0,0,12,1,0,1,0,0,2,0,2,0,1,1,0,0,0,24,1,0
D:\Others\assignment\FADI_WEDYAN_OOPS\Assignment-2\1\Java-WebSocket-master\src\main\java\org\java_websocket\WebSocketServerFactory.java,org.java_websocket.WebSocketServerFactory,interface,4,7,3,4,4,1,0,0,6,0.0,0.0,0.0,4,0,0,0,0,4,4,0,0,0,0,0,0,0,0,0,0,0,0,6,0,0,0,0,0,0,0,0,0,0,0,0,0,0,58,1,0
D:\Others\assignment\FADI_WEDYAN_OOPS\Assignment-2\1\Java-WebSocket-master\src\main\java\org\java_websocket\drafts\Draft_6455.java,org.java_websocket.drafts.Draft_6455$TranslatedPayloadMetaData,innerclass,0,0,0,0,3,1,0,0,0,0.33333334,NaN,NaN,3,0,0,2,0,1,1,0,0,0,2,0,0,2,0,0,0,0,0,14,2,0,0,0,0,0,0,2,0,2,0,0,0,0,12,2,0
D:\Others\assignment\FADI_WEDYAN_OOPS\Assignment-2\1\Java-WebSocket-master\src\main\java\org\java_websocket\AbstractWrappedByteChannel.java,org.java_websocket.AbstractWrappedByteChannel,class,1,1,0,1,15,1,0,10,0,0.0,0.0,0.0,11,0,11,0,0,0,11,0,0,0,1,0,0,1,0,0,1,0,0,44,9,0,0,0,6,0,1,2,0,1,1,0,0,0,24,1,0
D:\Others\assignment\FADI_WEDYAN_OOPS\Assignment-2\1\Java-WebSocket-master\src\main\java\org\java_websocket\exceptions\InvalidDataException.java,org.java_websocket.exceptions.InvalidDataException,class,0,10,10,0,5,3,3,0,0,0.5,0.0,0.0,5,0,5,0,0,0,5,0,0,0,2,1,0,2,0,0,2,0,0,22,1,0,0,0,0,0,1,5,0,2,0,0,0,0,37,1,0
D:\Others\assignment\FADI_WEDYAN_OOPS\Assignment-2\1\Java-WebSocket-master\src\main\java\org\java_websocket\handshake\ClientHandshake.java,org.java_websocket.handshake.ClientHandshake,interface,1,8,7,1,1,1,0,0,0,0.0,NaN,NaN,1,0,0,0,0,1,1,0,0,0,0,0,0,0,0,0,0,0,0,3,0,0,0,0,0,0,0,0,0,0,0,0,0,0,23,1,0
D:\Others\assignment\FADI_WEDYAN_OOPS\Assignment-2\1\Java-WebSocket-master\src\main\java\org\java_websocket\handshake\HandshakeImpl1Server.java,org.java_websocket.handshake.HandshakeImpl1Server,class,2,4,2,2,4,2,0,0,2,0.5,0.0,0.0,4,0,4,0,0,0,4,0,0,0,2,0,0,2,0,0,0,0,0,16,2,0,0,0,0,0,0,2,0,2,0,0,0,0,21,1,0
D:\Others\assignment\FADI_WEDYAN_OOPS\Assignment-2\1\Java-WebSocket-master\src\main\java\org\java_websocket\handshake\ClientHandshakeBuilder.java,org.java_websocket.handshake.ClientHandshakeBuilder,interface,2,6,4,2,1,1,0,0,0,0.0,NaN,NaN,1,0,0,0,0,1,1,0,0,0,0,0,0,0,0,0,0,0,0,3,0,0,0,0,0,0,0,0,0,0,0,0,0,0,18,1,0
D:\Others\assignment\FADI_WEDYAN_OOPS\Assignment-2\1\Java-WebSocket-master\src\main\java\org\java_websocket\server\SSLParametersWebSocketServerFactory.java,org.java_websocket.server.SSLParametersWebSocketServerFactory,class,2,2,0,2,4,2,0,4,0,0.0,0.0,0.0,3,0,3,0,0,0,3,0,0,0,1,0,0,1,0,0,1,0,1,19,1,0,1,0,0,0,0,2,0,2,1,0,0,0,45,1,0
D:\Others\assignment\FADI_WEDYAN_OOPS\Assignment-2\1\Java-WebSocket-master\src\main\java\org\java_websocket\server\DefaultWebSocketServerFactory.java,org.java_websocket.server.DefaultWebSocketServerFactory,class,4,5,1,4,4,1,0,0,6,0.0,0.0,0.0,4,0,4,0,0,0,4,0,0,0,0,0,0,0,0,0,0,0,0,13,3,0,0,0,0,0,0,0,0,0,0,0,0,0,17,1,0
D:\Others\assignment\FADI_WEDYAN_OOPS\Assignment-2\1\Java-WebSocket-master\src\main\java\org\java_websocket\handshake\HandshakeBuilder.java,org.java_websocket.handshake.HandshakeBuilder,interface,2,7,5,2,2,1,0,0,1,0.0,0.0,0.0,2,0,0,0,0,2,2,0,0,0,0,0,0,0,0,0,0,0,0,4,0,0,0,0,0,0,0,0,0,0,0,0,0,0,22,1,0
D:\Others\assignment\FADI_WEDYAN_OOPS\Assignment-2\1\Java-WebSocket-master\src\main\java\org\java_websocket\WebSocket.java,org.java_websocket.WebSocket,interface,7,16,9,7,26,1,0,0,325,0.0,0.0,0.0,26,0,0,0,0,26,26,0,0,0,0,0,0,0,0,0,0,0,0,28,0,0,0,0,0,0,0,0,0,0,0,0,0,0,208,1,0
D:\Others\assignment\FADI_WEDYAN_OOPS\Assignment-2\1\Java-WebSocket-master\src\main\java\org\java_websocket\WebSocketImpl.java,org.java_websocket.WebSocketImpl,class,29,40,11,29,150,1,0,94,1098,0.9285714,0.0,0.0,56,0,45,9,1,1,47,0,0,3,24,3,5,19,0,0,8,0,9,592,39,4,50,13,16,55,15,70,7,42,8,0,0,0,363,1,25
D:\Others\assignment\FADI_WEDYAN_OOPS\Assignment-2\1\Java-WebSocket-master\src\main\java\org\java_websocket\protocols\Protocol.java,org.java_websocket.protocols.Protocol,class,2,4,2,2,14,1,0,8,1,0.6666667,0.0,0.0,7,0,7,0,0,0,7,0,0,0,3,2,0,3,0,0,3,0,2,46,10,1,4,0,0,4,0,6,0,6,2,0,0,0,44,1,0
D:\Others\assignment\FADI_WEDYAN_OOPS\Assignment-2\1\Java-WebSocket-master\src\main\java\org\java_websocket\WebSocketAdapter.java,org.java_websocket.WebSocketAdapter,class,10,15,5,10,7,1,1,1,15,0.8333333,0.0,0.0,6,0,6,0,0,0,6,0,0,0,1,0,0,1,0,0,0,0,0,21,2,0,1,0,0,0,0,1,0,1,1,0,0,0,77,1025,0
D:\Others\assignment\FADI_WEDYAN_OOPS\Assignment-2\1\Java-WebSocket-master\src\main\java\org\java_websocket\framing\FramedataImpl1.java,org.java_websocket.framing.FramedataImpl1,class,10,18,8,10,46,1,2,25,68,0.7357143,0.0,0.0,20,1,20,0,0,0,20,1,0,0,7,0,0,7,0,0,0,0,3,147,24,0,14,0,7,11,18,26,14,11,2,0,0,0,104,1025,0
D:\Others\assignment\FADI_WEDYAN_OOPS\Assignment-2\1\Java-WebSocket-master\src\main\java\org\java_websocket\WrappedByteChannel.java,org.java_websocket.WrappedByteChannel,interface,0,5,5,0,5,1,0,0,10,0.0,0.0,0.0,5,0,0,0,0,5,5,0,0,0,0,0,0,0,0,0,0,0,0,7,0,0,0,0,0,0,0,0,0,0,0,0,0,0,76,1,0
D:\Others\assignment\FADI_WEDYAN_OOPS\Assignment-2\1\Java-WebSocket-master\src\main\java\org\java_websocket\extensions\CompressionExtension.java,org.java_websocket.extensions.CompressionExtension,class,5,6,1,5,8,2,1,3,0,0.0,NaN,NaN,1,0,1,0,0,0,1,0,0,0,0,0,0,0,0,0,0,0,0,10,0,0,0,0,4,6,0,0,2,0,1,0,0,0,21,1025,0
D:\Others\assignment\FADI_WEDYAN_OOPS\Assignment-2\1\Java-WebSocket-master\src\main\java\org\java_websocket\util\ByteBufferUtils.java,org.java_websocket.util.ByteBufferUtils,class,0,3,3,0,6,1,0,5,3,0.0,0.0,0.0,3,2,2,1,0,0,2,0,0,0,0,0,0,0,0,0,0,0,2,24,3,0,2,0,0,0,1,3,0,3,1,0,0,0,36,1,0
