file,class,type,cbo,cboModified,fanin,fanout,wmc,dit,noc,rfc,lcom,lcom*,tcc,lcc,totalMethodsQty,staticMethodsQty,publicMethodsQty,privateMethodsQty,protectedMethodsQty,defaultMethodsQty,visibleMethodsQty,abstractMethodsQty,finalMethodsQty,synchronizedMethodsQty,totalFieldsQty,staticFieldsQty,publicFieldsQty,privateFieldsQty,protectedFieldsQty,defaultFieldsQty,finalFieldsQty,synchronizedFieldsQty,nosi,loc,returnQty,loopQty,comparisonsQty,tryCatchQty,parenthesizedExpsQty,stringLiteralsQty,numbersQty,assignmentsQty,mathOperationsQty,variablesQty,maxNestedBlocksQty,anonymousClassesQty,innerClassesQty,lambdasQty,uniqueWordsQty,modifiers,logStatementsQty
D:\Others\assignment\FADI_WEDYAN_OOPS\Final_Project_Repos\xmojo-5.0.0\xmojo-5.0.0\tutorials\src\tutorials\mbeans\standard\CartMBean.java,tutorials.mbeans.standard.CartMBean,interface,0,1,1,0,6,1,0,0,15,0.0,0.0,0.0,6,0,6,0,0,0,6,0,0,0,0,0,0,0,0,0,0,0,0,8,0,0,0,0,0,0,0,0,0,0,0,0,0,0,15,1025,0
D:\Others\assignment\FADI_WEDYAN_OOPS\Final_Project_Repos\xmojo-5.0.0\xmojo-5.0.0\examples\notification\src\examples\mbeans\standard\NotifReceiverMBean.java,examples.mbeans.standard.NotifReceiverMBean,interface,0,1,1,0,1,1,0,0,0,0.0,NaN,NaN,1,0,1,0,0,0,1,0,0,0,0,0,0,0,0,0,0,0,0,3,0,0,0,0,0,0,0,0,0,0,0,0,0,0,20,1025,0
D:\Others\assignment\FADI_WEDYAN_OOPS\Final_Project_Repos\xmojo-5.0.0\xmojo-5.0.0\examples\mbeans\model\src\examples\applications\server\ServerInfo.java,ServerInfo,class,2,2,0,2,16,1,0,7,10,0.76923084,0.0,0.0,13,0,13,0,0,0,13,0,0,0,8,0,0,8,0,0,0,0,0,76,10,0,2,0,1,9,3,19,4,8,1,0,0,0,41,1,0
D:\Others\assignment\FADI_WEDYAN_OOPS\Final_Project_Repos\xmojo-5.0.0\xmojo-5.0.0\examples\notification\src\examples\agent\NotifListener.java,examples.agent.NotifListener,class,2,3,1,2,1,1,0,6,0,0.0,NaN,NaN,1,0,1,0,0,0,1,0,0,0,0,0,0,0,0,0,0,0,0,11,0,0,0,0,0,7,0,0,4,0,0,0,0,0,18,1,0
D:\Others\assignment\FADI_WEDYAN_OOPS\Final_Project_Repos\xmojo-5.0.0\xmojo-5.0.0\examples\mbeans\standard\src\examples\mbeans\standard\ServerInfo.java,examples.mbeans.standard.ServerInfo,class,2,4,2,2,12,1,0,3,0,0.575,0.0,0.0,10,0,10,0,0,0,10,0,0,0,4,0,0,4,0,0,0,0,0,49,4,0,0,0,1,6,3,13,2,4,1,0,0,0,31,1,0
D:\Others\assignment\FADI_WEDYAN_OOPS\Final_Project_Repos\xmojo-5.0.0\xmojo-5.0.0\examples\mbeans\dynamic\src\examples\applications\server\ServerInfo.java,examples.applications.server.ServerInfo,class,1,5,4,1,16,1,0,7,10,0.76923084,0.0,0.0,13,0,13,0,0,0,13,0,0,0,8,0,0,8,0,0,0,0,1,76,10,0,2,0,1,9,3,19,4,8,1,0,0,0,41,1,0
D:\Others\assignment\FADI_WEDYAN_OOPS\Final_Project_Repos\xmojo-5.0.0\xmojo-5.0.0\examples\mbeans\dynamic\src\examples\mbeans\dynamic\DynamicServerInfo.java,examples.mbeans.dynamic.DynamicServerInfo,class,17,20,3,17,75,2,1,33,8,0.7916667,0.0,0.0,16,2,16,0,0,0,16,0,0,0,9,1,0,2,0,7,0,0,1,268,14,3,3,6,1,119,31,64,8,27,4,0,0,0,134,1,0
D:\Others\assignment\FADI_WEDYAN_OOPS\Final_Project_Repos\xmojo-5.0.0\xmojo-5.0.0\examples\mbeans\dynamic\src\examples\agent\RunDynamicAgent.java,examples.agent.RunDynamicAgent,class,11,12,1,11,14,1,0,17,8,0.796875,0.0,0.0,8,1,2,6,0,0,2,0,0,0,8,0,0,6,0,2,0,0,4,93,0,0,0,6,0,18,2,18,0,11,1,0,0,0,97,1,0
D:\Others\assignment\FADI_WEDYAN_OOPS\Final_Project_Repos\xmojo-5.0.0\xmojo-5.0.0\tutorials\src\tutorials\mbeans\standard\Cart.java,tutorials.mbeans.standard.Cart,class,3,4,1,3,13,1,0,8,0,0.7142857,0.0,0.0,7,0,7,0,0,0,7,0,0,0,3,0,0,3,0,0,0,0,6,39,4,0,6,0,0,7,0,10,1,4,1,0,0,0,23,1,0
D:\Others\assignment\FADI_WEDYAN_OOPS\Final_Project_Repos\xmojo-5.0.0\xmojo-5.0.0\examples\mbeans\dynamic\src\examples\mbeans\dynamic\DynamicLogConfig.java,examples.mbeans.dynamic.DynamicLogConfig,class,13,15,2,13,103,1,0,30,0,0.84911245,0.0,0.0,26,2,26,0,0,0,26,0,0,0,13,1,0,6,0,7,0,0,1,345,18,3,2,6,5,155,31,74,19,28,5,0,0,0,134,1,0
D:\Others\assignment\FADI_WEDYAN_OOPS\Final_Project_Repos\xmojo-5.0.0\xmojo-5.0.0\examples\notification\src\examples\mbeans\dynamic\NotifSender.java,examples.mbeans.dynamic.NotifSender,class,7,8,1,7,7,3,0,9,1,0.5714286,0.0,0.0,7,0,7,0,0,0,7,0,0,0,3,0,0,0,0,3,0,0,2,32,1,0,0,0,0,4,1,5,0,3,0,0,0,0,46,1,0
D:\Others\assignment\FADI_WEDYAN_OOPS\Final_Project_Repos\xmojo-5.0.0\xmojo-5.0.0\examples\mbeans\standard\src\examples\agent\RunStandardAgent.java,examples.agent.RunStandardAgent,class,10,11,1,10,12,1,0,14,9,0.78571427,0.0,0.0,7,1,2,5,0,0,2,0,0,0,8,0,0,6,0,2,0,0,3,81,0,0,0,5,0,15,3,18,0,11,1,0,0,0,87,1,0
D:\Others\assignment\FADI_WEDYAN_OOPS\Final_Project_Repos\xmojo-5.0.0\xmojo-5.0.0\examples\mbeans\model\src\examples\agent\RunModelAgent.java,examples.agent.RunModelAgent,class,13,14,1,13,16,1,0,18,7,0.7857143,0.0,0.0,7,1,2,5,0,0,2,0,0,0,10,0,0,6,0,4,0,0,4,91,0,0,1,5,0,17,4,24,1,13,3,0,0,0,100,1,0
D:\Others\assignment\FADI_WEDYAN_OOPS\Final_Project_Repos\xmojo-5.0.0\xmojo-5.0.0\tutorials\src\tutorials\application\shoppingcart\ShoppingCart.java,tutorials.application.shoppingcart.ShoppingCart,class,4,8,4,4,32,3,0,26,26,0.640625,0.0,0.0,16,0,15,1,0,0,15,0,0,0,4,0,0,4,0,0,0,0,6,136,17,1,9,2,7,11,13,32,1,14,2,0,0,0,117,1,0
D:\Others\assignment\FADI_WEDYAN_OOPS\Final_Project_Repos\xmojo-5.0.0\xmojo-5.0.0\tutorials\src\tutorials\application\shoppingcart\ShoppingCartApplication.java,tutorials.application.shoppingcart.ShoppingCartApplication$MyTableCellRenderer,innerclass,2,2,0,2,7,6,0,11,1,0.33333334,0.0,0.0,3,0,2,1,0,0,2,0,0,0,1,0,0,1,0,0,0,0,3,34,2,0,3,0,0,2,4,5,2,4,2,0,0,0,21,0,0
D:\Others\assignment\FADI_WEDYAN_OOPS\Final_Project_Repos\xmojo-5.0.0\xmojo-5.0.0\tutorials\src\tutorials\application\shoppingcart\ShoppingItem.java,tutorials.application.shoppingcart.ShoppingItem,class,2,6,4,2,14,1,0,4,10,0.63888896,0.0,0.0,9,0,9,0,0,0,9,0,0,0,4,0,0,4,0,0,0,0,1,46,7,0,4,0,0,0,0,11,2,5,1,0,0,0,67,1,0
D:\Others\assignment\FADI_WEDYAN_OOPS\Final_Project_Repos\xmojo-5.0.0\xmojo-5.0.0\tutorials\src\tutorials\application\shoppingcart\Store.java,tutorials.application.shoppingcart.Store,class,2,9,7,2,14,1,0,6,9,0.90259737,0.0,0.0,7,7,7,0,0,0,8,0,0,0,22,22,5,17,0,0,5,0,3,89,4,0,6,0,0,10,8,32,2,26,1,0,0,0,99,1,0
D:\Others\assignment\FADI_WEDYAN_OOPS\Final_Project_Repos\xmojo-5.0.0\xmojo-5.0.0\examples\mbeans\standard\src\examples\mbeans\standard\OverloadedMBean.java,examples.mbeans.standard.OverloadedMBean,interface,0,1,1,0,4,1,0,0,6,0.0,0.0,0.0,4,0,4,0,0,0,4,0,0,0,0,0,0,0,0,0,0,0,0,6,0,0,0,0,0,0,0,0,0,0,0,0,0,0,25,1025,0
D:\Others\assignment\FADI_WEDYAN_OOPS\Final_Project_Repos\xmojo-5.0.0\xmojo-5.0.0\tutorials\src\tutorials\application\shoppingcart\StringWrapper.java,tutorials.application.shoppingcart.StringWrapper,class,1,3,2,1,4,1,0,3,0,0.33333334,0.0,0.0,3,0,3,0,0,0,3,0,2,0,2,0,1,1,0,0,0,0,0,20,3,0,0,0,0,0,0,3,0,3,1,0,0,0,54,17,0
D:\Others\assignment\FADI_WEDYAN_OOPS\Final_Project_Repos\xmojo-5.0.0\xmojo-5.0.0\examples\mbeans\standard\src\examples\mbeans\standard\Overloaded.java,examples.mbeans.standard.Overloaded,class,1,2,1,1,11,1,0,2,3,0.5714286,0.0,0.0,7,2,7,0,0,0,7,0,0,0,3,1,0,3,0,0,0,0,0,41,2,0,0,0,0,8,0,7,3,3,2,0,0,0,40,1,0
D:\Others\assignment\FADI_WEDYAN_OOPS\Final_Project_Repos\xmojo-5.0.0\xmojo-5.0.0\examples\notification\src\examples\mbeans\dynamic\DynamicServerInfo.java,DynamicServerInfo,class,24,25,1,24,83,1,0,32,179,0.8730159,0.0,0.0,27,2,27,0,0,0,27,0,0,0,14,1,0,9,0,5,0,0,0,302,20,3,2,6,2,119,32,74,11,29,4,0,0,0,141,1,0
D:\Others\assignment\FADI_WEDYAN_OOPS\Final_Project_Repos\xmojo-5.0.0\xmojo-5.0.0\examples\mbeans\dynamic\src\examples\mbeans\dynamic\ServerStateChangeListener.java,examples.mbeans.dynamic.ServerStateChangeListener,class,2,3,1,2,1,1,0,4,0,0.0,NaN,NaN,1,0,1,0,0,0,1,0,0,0,0,0,0,0,0,0,0,0,0,7,0,0,0,0,0,3,0,0,2,0,0,0,0,0,17,1,0
D:\Others\assignment\FADI_WEDYAN_OOPS\Final_Project_Repos\xmojo-5.0.0\xmojo-5.0.0\tutorials\src\tutorials\application\shoppingcart\ShoppingCartApplication.java,tutorials.application.shoppingcart.ShoppingCartApplication$Anonymous2,anonymous,0,0,0,0,1,1,0,0,0,0.0,NaN,NaN,1,0,1,0,0,0,1,0,0,0,0,0,0,0,0,0,0,0,0,5,1,0,0,0,0,0,0,0,0,0,0,0,0,0,6,-1,0
D:\Others\assignment\FADI_WEDYAN_OOPS\Final_Project_Repos\xmojo-5.0.0\xmojo-5.0.0\examples\notification\src\examples\agent\NotifFilter.java,examples.agent.NotifFilter,class,2,3,1,2,3,1,0,2,0,0.0,0.0,0.0,2,0,2,0,0,0,2,0,0,0,1,0,0,1,0,0,0,0,0,14,2,0,0,0,1,0,0,1,0,1,1,0,0,0,22,1,0
D:\Others\assignment\FADI_WEDYAN_OOPS\Final_Project_Repos\xmojo-5.0.0\xmojo-5.0.0\tutorials\src\tutorials\agent\RunAgent.java,tutorials.agent.CartInvoker,class,1,2,1,1,3,2,0,2,0,0.0,0.0,0.0,2,0,1,0,0,1,2,0,0,0,1,0,0,1,0,0,0,0,1,14,0,0,0,1,0,0,0,2,0,1,1,0,0,0,8,0,0
D:\Others\assignment\FADI_WEDYAN_OOPS\Final_Project_Repos\xmojo-5.0.0\xmojo-5.0.0\tutorials\src\tutorials\mbeans\dynamic\InventoryManager.java,tutorials.mbeans.dynamic.InventoryManager,class,20,22,2,20,45,1,0,27,96,0.87499994,0.0,0.0,17,0,17,0,0,0,17,0,0,0,8,0,0,1,0,7,0,0,6,191,16,3,4,7,3,55,22,45,6,24,4,0,0,0,96,1,0
D:\Others\assignment\FADI_WEDYAN_OOPS\Final_Project_Repos\xmojo-5.0.0\xmojo-5.0.0\examples\mbeans\standard\src\examples\mbeans\standard\ServerInfoMBean.java,examples.mbeans.standard.ServerInfoMBean,interface,0,1,1,0,7,1,0,0,21,0.0,0.0,0.0,7,0,7,0,0,0,7,0,0,0,0,0,0,0,0,0,0,0,0,9,0,0,0,0,0,0,0,0,0,0,0,0,0,0,24,1025,0
D:\Others\assignment\FADI_WEDYAN_OOPS\Final_Project_Repos\xmojo-5.0.0\xmojo-5.0.0\examples\notification\src\examples\mbeans\standard\NotifReceiver.java,examples.mbeans.standard.NotifReceiver,class,3,4,1,3,3,1,0,6,1,0.33333334,0.0,0.0,3,0,3,0,0,0,3,0,0,0,1,0,0,1,0,0,0,0,0,18,1,0,0,0,0,7,0,0,4,1,0,0,0,0,34,1,0
D:\Others\assignment\FADI_WEDYAN_OOPS\Final_Project_Repos\xmojo-5.0.0\xmojo-5.0.0\examples\notification\src\examples\agent\RunNotifAgent.java,examples.agent.RunNotifAgent,class,12,13,1,12,14,1,0,15,8,0.796875,0.0,0.0,8,1,2,6,0,0,2,0,0,0,8,0,0,6,0,2,0,0,2,95,0,0,0,6,0,23,2,20,0,13,1,0,0,0,99,1,0
D:\Others\assignment\FADI_WEDYAN_OOPS\Final_Project_Repos\xmojo-5.0.0\xmojo-5.0.0\tutorials\src\tutorials\agent\RunAgent.java,tutorials.agent.RunAgent,class,12,13,1,12,16,1,0,24,8,0.78125,0.0,0.0,8,1,3,5,0,0,3,0,0,0,8,0,0,6,0,2,0,0,3,118,0,0,0,8,0,23,6,23,0,14,1,0,0,0,102,1,0
D:\Others\assignment\FADI_WEDYAN_OOPS\Final_Project_Repos\xmojo-5.0.0\xmojo-5.0.0\tutorials\src\tutorials\application\shoppingcart\ItemDialog.java,tutorials.application.shoppingcart.ItemDialog,class,2,4,2,2,49,6,0,56,220,0.8673685,0.0,0.0,25,0,24,1,0,0,24,0,0,0,19,0,0,4,0,15,0,0,9,291,10,1,6,12,0,34,125,60,24,23,3,0,0,0,123,1,0
D:\Others\assignment\FADI_WEDYAN_OOPS\Final_Project_Repos\xmojo-5.0.0\xmojo-5.0.0\tutorials\src\tutorials\application\shoppingcart\ShoppingCartApplication.java,tutorials.application.shoppingcart.ShoppingCartApplication$Anonymous1,anonymous,0,0,0,0,1,1,0,1,0,0.0,NaN,NaN,1,0,1,0,0,0,1,0,0,0,0,0,0,0,0,0,0,0,1,5,0,0,0,0,0,0,1,0,0,0,0,0,0,0,5,-1,0
D:\Others\assignment\FADI_WEDYAN_OOPS\Final_Project_Repos\xmojo-5.0.0\xmojo-5.0.0\examples\mbeans\model\src\examples\mbeans\model\ModelServerInfo.java,examples.mbeans.model.ModelServerInfo,class,12,14,2,12,9,1,0,10,10,0.0,NaN,NaN,5,5,1,4,0,0,1,0,0,0,0,0,0,0,0,0,0,0,4,179,5,0,0,4,3,245,28,53,4,32,1,0,0,0,104,1,0
D:\Others\assignment\FADI_WEDYAN_OOPS\Final_Project_Repos\xmojo-5.0.0\xmojo-5.0.0\tutorials\src\tutorials\application\shoppingcart\ShoppingCartApplication.java,tutorials.application.shoppingcart.ShoppingCartApplication,class,6,11,5,6,48,11,0,70,70,0.82097197,0.0,0.0,17,2,16,1,0,0,16,0,0,0,23,2,1,6,0,16,1,0,9,345,8,1,11,12,0,43,50,54,30,30,3,2,1,0,122,1,0
